document_id,offsets,text,deabbreviated_text,db_ids,mention_id,joined_offsets,sapbert_candidates,sapbert_hit_index
9288106,"[[40, 61]]",ataxia-telangiectasia,ataxia-telangiectasia,['MESH:D001260'],9288106.1,"40,61","[[""MESH:D001260""], [""OMIM:208900""], [""MESH:C565779""], [""OMIM:604391""], [""OMIM:615919""], [""MESH:C538013""], [""OMIM:208920""], [""MESH:D049932""], [""OMIM:251260""], [""NONE""], [""NONE""], [""NONE""], [""NONE""], [""NONE""], [""NONE""], [""NONE""], [""NONE""], [""NONE""], [""NONE""], [""NONE""], [""NONE""], [""NONE""], [""NONE""], [""NONE""], [""NONE""], [""NONE""], [""NONE""], [""NONE""], [""NONE""], [""NONE""], [""NONE""], [""NONE""], [""NONE""], [""NONE""], [""NONE""], [""NONE""], [""NONE""], [""NONE""], [""NONE""]]",0
9288106,"[[72, 97]]",sporadic T-cell leukaemia,sporadic T-cell leukaemia,['MESH:D015458'],9288106.2,"72,97","[[""MESH:D015458""], [""MESH:D054218""], [""NONE""], [""NONE""], [""NONE""], [""NONE""], [""NONE""], [""NONE""], [""NONE""], [""NONE""], [""NONE""], [""NONE""], [""NONE""], [""NONE""], [""NONE""], [""NONE""], [""NONE""], [""NONE""], [""NONE""], [""NONE""], [""NONE""], [""NONE""], [""NONE""], [""NONE""], [""NONE""], [""NONE""], [""NONE""], [""NONE""], [""NONE""], [""NONE""], [""NONE""], [""NONE""], [""NONE""], [""NONE""], [""NONE""], [""NONE""], [""NONE""], [""NONE""], [""NONE""]]",0
9288106,"[[99, 120]]",Ataxia-telangiectasia,Ataxia-telangiectasia,['MESH:D001260'],9288106.3,"99,120","[[""MESH:D001260""], [""OMIM:208900""], [""MESH:C565779""], [""OMIM:604391""], [""OMIM:615919""], [""MESH:C538013""], [""OMIM:208920""], [""MESH:D049932""], [""OMIM:251260""], [""NONE""], [""NONE""], [""NONE""], [""NONE""], [""NONE""], [""NONE""], [""NONE""], [""NONE""], [""NONE""], [""NONE""], [""NONE""], [""NONE""], [""NONE""], [""NONE""], [""NONE""], [""NONE""], [""NONE""], [""NONE""], [""NONE""], [""NONE""], [""NONE""], [""NONE""], [""NONE""], [""NONE""], [""NONE""], [""NONE""], [""NONE""], [""NONE""], [""NONE""], [""NONE""]]",0
9288106,"[[122, 125]]",A-T,Ataxia-telangiectasia,['MESH:D001260'],9288106.4,"122,125","[[""MESH:D001260""], [""OMIM:208900""], [""MESH:C565779""], [""OMIM:604391""], [""OMIM:615919""], [""MESH:C538013""], [""OMIM:208920""], [""MESH:D049932""], [""OMIM:251260""], [""NONE""], [""NONE""], [""NONE""], [""NONE""], [""NONE""], [""NONE""], [""NONE""], [""NONE""], [""NONE""], [""NONE""], [""NONE""], [""NONE""], [""NONE""], [""NONE""], [""NONE""], [""NONE""], [""NONE""], [""NONE""], [""NONE""], [""NONE""], [""NONE""], [""NONE""], [""NONE""], [""NONE""], [""NONE""], [""NONE""], [""NONE""], [""NONE""], [""NONE""], [""NONE""]]",0
9288106,"[[235, 241]]",cancer,cancer,['MESH:D009369'],9288106.6,"235,241","[[""MESH:D009369""], [""MESH:D009371""], [""NONE""], [""NONE""], [""NONE""], [""NONE""], [""NONE""], [""NONE""], [""NONE""], [""NONE""], [""NONE""], [""NONE""], [""NONE""], [""NONE""], [""NONE""], [""NONE""], [""NONE""], [""NONE""], [""NONE""], [""NONE""], [""NONE""], [""NONE""], [""NONE""], [""NONE""], [""NONE""], [""NONE""], [""NONE""], [""NONE""], [""NONE""], [""NONE""], [""NONE""], [""NONE""], [""NONE""], [""NONE""], [""NONE""], [""NONE""], [""NONE""], [""NONE""], [""NONE""]]",0
9288106,"[[254, 273]]",lymphoid neoplasias,lymphoid neoplasias,['MESH:D008223'],9288106.7,"254,273","[[""MESH:D019310""], [""MESH:D008223""], [""MESH:D000072717""], [""NONE""], [""NONE""], [""NONE""], [""NONE""], [""NONE""], [""NONE""], [""NONE""], [""NONE""], [""NONE""], [""NONE""], [""NONE""], [""NONE""], [""NONE""], [""NONE""], [""NONE""], [""NONE""], [""NONE""], [""NONE""], [""NONE""], [""NONE""], [""NONE""], [""NONE""], [""NONE""], [""NONE""], [""NONE""], [""NONE""], [""NONE""], [""NONE""], [""NONE""], [""NONE""], [""NONE""], [""NONE""], [""NONE""], [""NONE""], [""NONE""], [""NONE""]]",1
9288106,"[[304, 307]]",A-T,Ataxia-telangiectasia,['MESH:D001260'],9288106.8,"304,307","[[""MESH:D001260""], [""OMIM:208900""], [""MESH:C565779""], [""OMIM:604391""], [""OMIM:615919""], [""MESH:C538013""], [""OMIM:208920""], [""MESH:D049932""], [""OMIM:251260""], [""NONE""], [""NONE""], [""NONE""], [""NONE""], [""NONE""], [""NONE""], [""NONE""], [""NONE""], [""NONE""], [""NONE""], [""NONE""], [""NONE""], [""NONE""], [""NONE""], [""NONE""], [""NONE""], [""NONE""], [""NONE""], [""NONE""], [""NONE""], [""NONE""], [""NONE""], [""NONE""], [""NONE""], [""NONE""], [""NONE""], [""NONE""], [""NONE""], [""NONE""], [""NONE""]]",0
9288106,"[[389, 395]]",tumour,tumour,['MESH:D009369'],9288106.9,"389,395","[[""MESH:D009369""], [""MESH:D009371""], [""NONE""], [""NONE""], [""NONE""], [""NONE""], [""NONE""], [""NONE""], [""NONE""], [""NONE""], [""NONE""], [""NONE""], [""NONE""], [""NONE""], [""NONE""], [""NONE""], [""NONE""], [""NONE""], [""NONE""], [""NONE""], [""NONE""], [""NONE""], [""NONE""], [""NONE""], [""NONE""], [""NONE""], [""NONE""], [""NONE""], [""NONE""], [""NONE""], [""NONE""], [""NONE""], [""NONE""], [""NONE""], [""NONE""], [""NONE""], [""NONE""], [""NONE""], [""NONE""]]",0
9288106,"[[419, 459]]",sporadic T-cell prolymphocytic leukaemia,sporadic T-cell prolymphocytic leukaemia,['MESH:D015461'],9288106.10,"419,459","[[""MESH:D015461""], [""MESH:D016411""], [""NONE""], [""NONE""], [""NONE""], [""NONE""], [""NONE""], [""NONE""], [""NONE""], [""NONE""], [""NONE""], [""NONE""], [""NONE""], [""NONE""], [""NONE""], [""NONE""], [""NONE""], [""NONE""], [""NONE""], [""NONE""], [""NONE""], [""NONE""], [""NONE""], [""NONE""], [""NONE""], [""NONE""], [""NONE""], [""NONE""], [""NONE""], [""NONE""], [""NONE""], [""NONE""], [""NONE""], [""NONE""], [""NONE""], [""NONE""], [""NONE""], [""NONE""], [""NONE""]]",0
9288106,"[[461, 466]]",T-PLL,T-cell prolymphocytic leukaemia,['MESH:D015461'],9288106.11,"461,466","[[""MESH:D015461""], [""NONE""], [""NONE""], [""NONE""], [""NONE""], [""NONE""], [""NONE""], [""NONE""], [""NONE""], [""NONE""], [""NONE""], [""NONE""], [""NONE""], [""NONE""], [""NONE""], [""NONE""], [""NONE""], [""NONE""], [""NONE""], [""NONE""], [""NONE""], [""NONE""], [""NONE""], [""NONE""], [""NONE""], [""NONE""], [""NONE""], [""NONE""], [""NONE""], [""NONE""], [""NONE""], [""NONE""], [""NONE""], [""NONE""], [""NONE""], [""NONE""], [""NONE""], [""NONE""], [""NONE""]]",0
9288106,"[[517, 540]]",mature T-cell leukaemia,mature T-cell leukaemia,['MESH:D015458'],9288106.13,"517,540","[[""MESH:D054218""], [""MESH:D015458""], [""NONE""], [""NONE""], [""NONE""], [""NONE""], [""NONE""], [""NONE""], [""NONE""], [""NONE""], [""NONE""], [""NONE""], [""NONE""], [""NONE""], [""NONE""], [""NONE""], [""NONE""], [""NONE""], [""NONE""], [""NONE""], [""NONE""], [""NONE""], [""NONE""], [""NONE""], [""NONE""], [""NONE""], [""NONE""], [""NONE""], [""NONE""], [""NONE""], [""NONE""], [""NONE""], [""NONE""], [""NONE""], [""NONE""], [""NONE""], [""NONE""], [""NONE""], [""NONE""]]",1
9288106,"[[549, 552]]",A-T,Ataxia-telangiectasia,['MESH:D001260'],9288106.14,"549,552","[[""MESH:D001260""], [""OMIM:208900""], [""MESH:C565779""], [""OMIM:604391""], [""OMIM:615919""], [""MESH:C538013""], [""OMIM:208920""], [""MESH:D049932""], [""OMIM:251260""], [""NONE""], [""NONE""], [""NONE""], [""NONE""], [""NONE""], [""NONE""], [""NONE""], [""NONE""], [""NONE""], [""NONE""], [""NONE""], [""NONE""], [""NONE""], [""NONE""], [""NONE""], [""NONE""], [""NONE""], [""NONE""], [""NONE""], [""NONE""], [""NONE""], [""NONE""], [""NONE""], [""NONE""], [""NONE""], [""NONE""], [""NONE""], [""NONE""], [""NONE""], [""NONE""]]",0
9288106,"[[606, 611]]",T-PLL,T-cell prolymphocytic leukaemia,['MESH:D015461'],9288106.15,"606,611","[[""MESH:D015461""], [""NONE""], [""NONE""], [""NONE""], [""NONE""], [""NONE""], [""NONE""], [""NONE""], [""NONE""], [""NONE""], [""NONE""], [""NONE""], [""NONE""], [""NONE""], [""NONE""], [""NONE""], [""NONE""], [""NONE""], [""NONE""], [""NONE""], [""NONE""], [""NONE""], [""NONE""], [""NONE""], [""NONE""], [""NONE""], [""NONE""], [""NONE""], [""NONE""], [""NONE""], [""NONE""], [""NONE""], [""NONE""], [""NONE""], [""NONE""], [""NONE""], [""NONE""], [""NONE""], [""NONE""]]",0
9288106,"[[663, 666]]",A-T,Ataxia-telangiectasia,['MESH:D001260'],9288106.16,"663,666","[[""MESH:D001260""], [""OMIM:208900""], [""MESH:C565779""], [""OMIM:604391""], [""OMIM:615919""], [""MESH:C538013""], [""OMIM:208920""], [""MESH:D049932""], [""OMIM:251260""], [""NONE""], [""NONE""], [""NONE""], [""NONE""], [""NONE""], [""NONE""], [""NONE""], [""NONE""], [""NONE""], [""NONE""], [""NONE""], [""NONE""], [""NONE""], [""NONE""], [""NONE""], [""NONE""], [""NONE""], [""NONE""], [""NONE""], [""NONE""], [""NONE""], [""NONE""], [""NONE""], [""NONE""], [""NONE""], [""NONE""], [""NONE""], [""NONE""], [""NONE""], [""NONE""]]",0
9288106,"[[713, 722]]",leukaemia,leukaemia,['MESH:D007938'],9288106.17,"713,722","[[""MESH:D007938""], [""MESH:D007951""], [""NONE""], [""NONE""], [""NONE""], [""NONE""], [""NONE""], [""NONE""], [""NONE""], [""NONE""], [""NONE""], [""NONE""], [""NONE""], [""NONE""], [""NONE""], [""NONE""], [""NONE""], [""NONE""], [""NONE""], [""NONE""], [""NONE""], [""NONE""], [""NONE""], [""NONE""], [""NONE""], [""NONE""], [""NONE""], [""NONE""], [""NONE""], [""NONE""], [""NONE""], [""NONE""], [""NONE""], [""NONE""], [""NONE""], [""NONE""], [""NONE""], [""NONE""], [""NONE""]]",0
9288106,"[[1030, 1035]]",T-PLL,T-cell prolymphocytic leukaemia,['MESH:D015461'],9288106.18,"1030,1035","[[""MESH:D015461""], [""NONE""], [""NONE""], [""NONE""], [""NONE""], [""NONE""], [""NONE""], [""NONE""], [""NONE""], [""NONE""], [""NONE""], [""NONE""], [""NONE""], [""NONE""], [""NONE""], [""NONE""], [""NONE""], [""NONE""], [""NONE""], [""NONE""], [""NONE""], [""NONE""], [""NONE""], [""NONE""], [""NONE""], [""NONE""], [""NONE""], [""NONE""], [""NONE""], [""NONE""], [""NONE""], [""NONE""], [""NONE""], [""NONE""], [""NONE""], [""NONE""], [""NONE""], [""NONE""], [""NONE""]]",0
9288106,"[[1070, 1073]]",A-T,Ataxia-telangiectasia,['MESH:D001260'],9288106.19,"1070,1073","[[""MESH:D001260""], [""OMIM:208900""], [""MESH:C565779""], [""OMIM:604391""], [""OMIM:615919""], [""MESH:C538013""], [""OMIM:208920""], [""MESH:D049932""], [""OMIM:251260""], [""NONE""], [""NONE""], [""NONE""], [""NONE""], [""NONE""], [""NONE""], [""NONE""], [""NONE""], [""NONE""], [""NONE""], [""NONE""], [""NONE""], [""NONE""], [""NONE""], [""NONE""], [""NONE""], [""NONE""], [""NONE""], [""NONE""], [""NONE""], [""NONE""], [""NONE""], [""NONE""], [""NONE""], [""NONE""], [""NONE""], [""NONE""], [""NONE""], [""NONE""], [""NONE""]]",0
9288106,"[[1160, 1166]]",tumour,tumour,['MESH:D009369'],9288106.20,"1160,1166","[[""MESH:D009369""], [""MESH:D009371""], [""NONE""], [""NONE""], [""NONE""], [""NONE""], [""NONE""], [""NONE""], [""NONE""], [""NONE""], [""NONE""], [""NONE""], [""NONE""], [""NONE""], [""NONE""], [""NONE""], [""NONE""], [""NONE""], [""NONE""], [""NONE""], [""NONE""], [""NONE""], [""NONE""], [""NONE""], [""NONE""], [""NONE""], [""NONE""], [""NONE""], [""NONE""], [""NONE""], [""NONE""], [""NONE""], [""NONE""], [""NONE""], [""NONE""], [""NONE""], [""NONE""], [""NONE""], [""NONE""]]",0
9288106,"[[1212, 1221]]",leukaemia,leukaemia,['MESH:D007938'],9288106.21,"1212,1221","[[""MESH:D007938""], [""MESH:D007951""], [""NONE""], [""NONE""], [""NONE""], [""NONE""], [""NONE""], [""NONE""], [""NONE""], [""NONE""], [""NONE""], [""NONE""], [""NONE""], [""NONE""], [""NONE""], [""NONE""], [""NONE""], [""NONE""], [""NONE""], [""NONE""], [""NONE""], [""NONE""], [""NONE""], [""NONE""], [""NONE""], [""NONE""], [""NONE""], [""NONE""], [""NONE""], [""NONE""], [""NONE""], [""NONE""], [""NONE""], [""NONE""], [""NONE""], [""NONE""], [""NONE""], [""NONE""], [""NONE""]]",0
9288106,"[[1279, 1285]]",tumour,tumour,['MESH:D009369'],9288106.22,"1279,1285","[[""MESH:D009369""], [""MESH:D009371""], [""NONE""], [""NONE""], [""NONE""], [""NONE""], [""NONE""], [""NONE""], [""NONE""], [""NONE""], [""NONE""], [""NONE""], [""NONE""], [""NONE""], [""NONE""], [""NONE""], [""NONE""], [""NONE""], [""NONE""], [""NONE""], [""NONE""], [""NONE""], [""NONE""], [""NONE""], [""NONE""], [""NONE""], [""NONE""], [""NONE""], [""NONE""], [""NONE""], [""NONE""], [""NONE""], [""NONE""], [""NONE""], [""NONE""], [""NONE""], [""NONE""], [""NONE""], [""NONE""]]",0
9288106,"[[1309, 1338]]",B-cell non-Hodgkins lymphomas,B-cell non-Hodgkins lymphomas,['MESH:D016393'],9288106.23,"1309,1338","[[""MESH:D016393""], [""MESH:D008228""], [""OMIM:605027""], [""NONE""], [""NONE""], [""NONE""], [""NONE""], [""NONE""], [""NONE""], [""NONE""], [""NONE""], [""NONE""], [""NONE""], [""NONE""], [""NONE""], [""NONE""], [""NONE""], [""NONE""], [""NONE""], [""NONE""], [""NONE""], [""NONE""], [""NONE""], [""NONE""], [""NONE""], [""NONE""], [""NONE""], [""NONE""], [""NONE""], [""NONE""], [""NONE""], [""NONE""], [""NONE""], [""NONE""], [""NONE""], [""NONE""], [""NONE""], [""NONE""], [""NONE""]]",0
9288106,"[[1340, 1345]]",B-NHL,B-cell non-Hodgkins lymphomas,['MESH:D016393'],9288106.24,"1340,1345","[[""MESH:D016393""], [""MESH:D008228""], [""OMIM:605027""], [""NONE""], [""NONE""], [""NONE""], [""NONE""], [""NONE""], [""NONE""], [""NONE""], [""NONE""], [""NONE""], [""NONE""], [""NONE""], [""NONE""], [""NONE""], [""NONE""], [""NONE""], [""NONE""], [""NONE""], [""NONE""], [""NONE""], [""NONE""], [""NONE""], [""NONE""], [""NONE""], [""NONE""], [""NONE""], [""NONE""], [""NONE""], [""NONE""], [""NONE""], [""NONE""], [""NONE""], [""NONE""], [""NONE""], [""NONE""], [""NONE""], [""NONE""]]",0
9288106,"[[1353, 1358]]",B-NHL,B-cell non-Hodgkins lymphomas,['MESH:D016393'],9288106.25,"1353,1358","[[""MESH:D016393""], [""MESH:D008228""], [""OMIM:605027""], [""NONE""], [""NONE""], [""NONE""], [""NONE""], [""NONE""], [""NONE""], [""NONE""], [""NONE""], [""NONE""], [""NONE""], [""NONE""], [""NONE""], [""NONE""], [""NONE""], [""NONE""], [""NONE""], [""NONE""], [""NONE""], [""NONE""], [""NONE""], [""NONE""], [""NONE""], [""NONE""], [""NONE""], [""NONE""], [""NONE""], [""NONE""], [""NONE""], [""NONE""], [""NONE""], [""NONE""], [""NONE""], [""NONE""], [""NONE""], [""NONE""], [""NONE""]]",0
9288106,"[[1517, 1524]]",tumours,tumours,['MESH:D009369'],9288106.26,"1517,1524","[[""MESH:D009369""], [""MESH:D009371""], [""NONE""], [""NONE""], [""NONE""], [""NONE""], [""NONE""], [""NONE""], [""NONE""], [""NONE""], [""NONE""], [""NONE""], [""NONE""], [""NONE""], [""NONE""], [""NONE""], [""NONE""], [""NONE""], [""NONE""], [""NONE""], [""NONE""], [""NONE""], [""NONE""], [""NONE""], [""NONE""], [""NONE""], [""NONE""], [""NONE""], [""NONE""], [""NONE""], [""NONE""], [""NONE""], [""NONE""], [""NONE""], [""NONE""], [""NONE""], [""NONE""], [""NONE""], [""NONE""]]",0
9288106,"[[1594, 1608]]",sporadic T-PLL,sporadic T-PLL,['MESH:D015461'],9288106.27,"1594,1608","[[""MESH:D015461""], [""MESH:D016411""], [""NONE""], [""NONE""], [""NONE""], [""NONE""], [""NONE""], [""NONE""], [""NONE""], [""NONE""], [""NONE""], [""NONE""], [""NONE""], [""NONE""], [""NONE""], [""NONE""], [""NONE""], [""NONE""], [""NONE""], [""NONE""], [""NONE""], [""NONE""], [""NONE""], [""NONE""], [""NONE""], [""NONE""], [""NONE""], [""NONE""], [""NONE""], [""NONE""], [""NONE""], [""NONE""], [""NONE""], [""NONE""], [""NONE""], [""NONE""], [""NONE""], [""NONE""], [""NONE""]]",0
9288106,"[[1641, 1647]]",tumour,tumour,['MESH:D009369'],9288106.28,"1641,1647","[[""MESH:D009369""], [""MESH:D009371""], [""NONE""], [""NONE""], [""NONE""], [""NONE""], [""NONE""], [""NONE""], [""NONE""], [""NONE""], [""NONE""], [""NONE""], [""NONE""], [""NONE""], [""NONE""], [""NONE""], [""NONE""], [""NONE""], [""NONE""], [""NONE""], [""NONE""], [""NONE""], [""NONE""], [""NONE""], [""NONE""], [""NONE""], [""NONE""], [""NONE""], [""NONE""], [""NONE""], [""NONE""], [""NONE""], [""NONE""], [""NONE""], [""NONE""], [""NONE""], [""NONE""], [""NONE""], [""NONE""]]",0
9288106,"[[1741, 1746]]",T-PLL,T-cell prolymphocytic leukaemia,['MESH:D015461'],9288106.29,"1741,1746","[[""MESH:D015461""], [""NONE""], [""NONE""], [""NONE""], [""NONE""], [""NONE""], [""NONE""], [""NONE""], [""NONE""], [""NONE""], [""NONE""], [""NONE""], [""NONE""], [""NONE""], [""NONE""], [""NONE""], [""NONE""], [""NONE""], [""NONE""], [""NONE""], [""NONE""], [""NONE""], [""NONE""], [""NONE""], [""NONE""], [""NONE""], [""NONE""], [""NONE""], [""NONE""], [""NONE""], [""NONE""], [""NONE""], [""NONE""], [""NONE""], [""NONE""], [""NONE""], [""NONE""], [""NONE""], [""NONE""]]",0
9294109,"[[0, 18]]",Myotonic dystrophy,Myotonic dystrophy,['MESH:D009223'],9294109.1,"0,18","[[""MESH:D009223""], [""OMIM:160900""], [""OMIM:602668""], [""NONE""], [""NONE""], [""NONE""], [""NONE""], [""NONE""], [""NONE""], [""NONE""], [""NONE""], [""NONE""], [""NONE""], [""NONE""], [""NONE""], [""NONE""], [""NONE""], [""NONE""], [""NONE""], [""NONE""], [""NONE""], [""NONE""], [""NONE""], [""NONE""], [""NONE""], [""NONE""], [""NONE""], [""NONE""], [""NONE""], [""NONE""], [""NONE""], [""NONE""], [""NONE""], [""NONE""], [""NONE""], [""NONE""], [""NONE""], [""NONE""], [""NONE""]]",0
9294109,"[[114, 132]]",Myotonic dystrophy,Myotonic dystrophy,['MESH:D009223'],9294109.2,"114,132","[[""MESH:D009223""], [""OMIM:160900""], [""OMIM:602668""], [""NONE""], [""NONE""], [""NONE""], [""NONE""], [""NONE""], [""NONE""], [""NONE""], [""NONE""], [""NONE""], [""NONE""], [""NONE""], [""NONE""], [""NONE""], [""NONE""], [""NONE""], [""NONE""], [""NONE""], [""NONE""], [""NONE""], [""NONE""], [""NONE""], [""NONE""], [""NONE""], [""NONE""], [""NONE""], [""NONE""], [""NONE""], [""NONE""], [""NONE""], [""NONE""], [""NONE""], [""NONE""], [""NONE""], [""NONE""], [""NONE""], [""NONE""]]",0
9294109,"[[134, 136]]",DM,DM,['MESH:D009223'],9294109.3,"134,136","[[""MESH:D009223""], [""OMIM:160900""], [""OMIM:602668""], [""MESH:D003920""], [""MESH:C535726""], [""OMIM:223800""], [""MESH:C563322""], [""OMIM:601410""], [""MESH:D003924""], [""OMIM:125853""], [""NONE""], [""NONE""], [""NONE""], [""NONE""], [""NONE""], [""NONE""], [""NONE""], [""NONE""], [""NONE""], [""NONE""], [""NONE""], [""NONE""], [""NONE""], [""NONE""], [""NONE""], [""NONE""], [""NONE""], [""NONE""], [""NONE""], [""NONE""], [""NONE""], [""NONE""], [""NONE""], [""NONE""], [""NONE""], [""NONE""], [""NONE""], [""NONE""], [""NONE""]]",0
9294109,"[[158, 175]]",muscular disorder,muscular disorder,['MESH:D009135'],9294109.4,"158,175","[[""MESH:D009135""], [""MESH:D009136""], [""NONE""], [""NONE""], [""NONE""], [""NONE""], [""NONE""], [""NONE""], [""NONE""], [""NONE""], [""NONE""], [""NONE""], [""NONE""], [""NONE""], [""NONE""], [""NONE""], [""NONE""], [""NONE""], [""NONE""], [""NONE""], [""NONE""], [""NONE""], [""NONE""], [""NONE""], [""NONE""], [""NONE""], [""NONE""], [""NONE""], [""NONE""], [""NONE""], [""NONE""], [""NONE""], [""NONE""], [""NONE""], [""NONE""], [""NONE""], [""NONE""], [""NONE""], [""NONE""]]",0
9294109,"[[262, 264]]",DM,DM,['MESH:D009223'],9294109.5,"262,264","[[""MESH:D009223""], [""OMIM:160900""], [""OMIM:602668""], [""MESH:D003920""], [""MESH:C535726""], [""OMIM:223800""], [""MESH:C563322""], [""OMIM:601410""], [""MESH:D003924""], [""OMIM:125853""], [""NONE""], [""NONE""], [""NONE""], [""NONE""], [""NONE""], [""NONE""], [""NONE""], [""NONE""], [""NONE""], [""NONE""], [""NONE""], [""NONE""], [""NONE""], [""NONE""], [""NONE""], [""NONE""], [""NONE""], [""NONE""], [""NONE""], [""NONE""], [""NONE""], [""NONE""], [""NONE""], [""NONE""], [""NONE""], [""NONE""], [""NONE""], [""NONE""], [""NONE""]]",0
9311732,"[[60, 85]]",unilateral retinoblastoma,unilateral retinoblastoma,['MESH:D012175'],9311732.1,"60,85","[[""MESH:D012175""], [""OMIM:180200""], [""NONE""], [""NONE""], [""NONE""], [""NONE""], [""NONE""], [""NONE""], [""NONE""], [""NONE""], [""NONE""], [""NONE""], [""NONE""], [""NONE""], [""NONE""], [""NONE""], [""NONE""], [""NONE""], [""NONE""], [""NONE""], [""NONE""], [""NONE""], [""NONE""], [""NONE""], [""NONE""], [""NONE""], [""NONE""], [""NONE""], [""NONE""], [""NONE""], [""NONE""], [""NONE""], [""NONE""], [""NONE""], [""NONE""], [""NONE""], [""NONE""], [""NONE""], [""NONE""]]",0
9311732,"[[118, 143]]",unilateral retinoblastoma,unilateral retinoblastoma,['MESH:D012175'],9311732.2,"118,143","[[""MESH:D012175""], [""OMIM:180200""], [""NONE""], [""NONE""], [""NONE""], [""NONE""], [""NONE""], [""NONE""], [""NONE""], [""NONE""], [""NONE""], [""NONE""], [""NONE""], [""NONE""], [""NONE""], [""NONE""], [""NONE""], [""NONE""], [""NONE""], [""NONE""], [""NONE""], [""NONE""], [""NONE""], [""NONE""], [""NONE""], [""NONE""], [""NONE""], [""NONE""], [""NONE""], [""NONE""], [""NONE""], [""NONE""], [""NONE""], [""NONE""], [""NONE""], [""NONE""], [""NONE""], [""NONE""], [""NONE""]]",0
9311732,"[[145, 150]]",tumor,tumor,['MESH:D009369'],9311732.3,"145,150","[[""MESH:D009369""], [""MESH:D009371""], [""NONE""], [""NONE""], [""NONE""], [""NONE""], [""NONE""], [""NONE""], [""NONE""], [""NONE""], [""NONE""], [""NONE""], [""NONE""], [""NONE""], [""NONE""], [""NONE""], [""NONE""], [""NONE""], [""NONE""], [""NONE""], [""NONE""], [""NONE""], [""NONE""], [""NONE""], [""NONE""], [""NONE""], [""NONE""], [""NONE""], [""NONE""], [""NONE""], [""NONE""], [""NONE""], [""NONE""], [""NONE""], [""NONE""], [""NONE""], [""NONE""], [""NONE""], [""NONE""]]",0
9311732,"[[278, 292]]",retinoblastoma,retinoblastoma,['MESH:D012175'],9311732.4,"278,292","[[""MESH:D012175""], [""OMIM:180200""], [""NONE""], [""NONE""], [""NONE""], [""NONE""], [""NONE""], [""NONE""], [""NONE""], [""NONE""], [""NONE""], [""NONE""], [""NONE""], [""NONE""], [""NONE""], [""NONE""], [""NONE""], [""NONE""], [""NONE""], [""NONE""], [""NONE""], [""NONE""], [""NONE""], [""NONE""], [""NONE""], [""NONE""], [""NONE""], [""NONE""], [""NONE""], [""NONE""], [""NONE""], [""NONE""], [""NONE""], [""NONE""], [""NONE""], [""NONE""], [""NONE""], [""NONE""], [""NONE""]]",0
9311732,"[[429, 454]]",unilateral retinoblastoma,unilateral retinoblastoma,['MESH:D012175'],9311732.5,"429,454","[[""MESH:D012175""], [""OMIM:180200""], [""NONE""], [""NONE""], [""NONE""], [""NONE""], [""NONE""], [""NONE""], [""NONE""], [""NONE""], [""NONE""], [""NONE""], [""NONE""], [""NONE""], [""NONE""], [""NONE""], [""NONE""], [""NONE""], [""NONE""], [""NONE""], [""NONE""], [""NONE""], [""NONE""], [""NONE""], [""NONE""], [""NONE""], [""NONE""], [""NONE""], [""NONE""], [""NONE""], [""NONE""], [""NONE""], [""NONE""], [""NONE""], [""NONE""], [""NONE""], [""NONE""], [""NONE""], [""NONE""]]",0
9311732,"[[503, 508]]",tumor,tumor,['MESH:D009369'],9311732.6,"503,508","[[""MESH:D009369""], [""MESH:D009371""], [""NONE""], [""NONE""], [""NONE""], [""NONE""], [""NONE""], [""NONE""], [""NONE""], [""NONE""], [""NONE""], [""NONE""], [""NONE""], [""NONE""], [""NONE""], [""NONE""], [""NONE""], [""NONE""], [""NONE""], [""NONE""], [""NONE""], [""NONE""], [""NONE""], [""NONE""], [""NONE""], [""NONE""], [""NONE""], [""NONE""], [""NONE""], [""NONE""], [""NONE""], [""NONE""], [""NONE""], [""NONE""], [""NONE""], [""NONE""], [""NONE""], [""NONE""], [""NONE""]]",0
9311732,"[[533, 539]]",tumors,tumors,['MESH:D009369'],9311732.7,"533,539","[[""MESH:D009369""], [""MESH:D009371""], [""NONE""], [""NONE""], [""NONE""], [""NONE""], [""NONE""], [""NONE""], [""NONE""], [""NONE""], [""NONE""], [""NONE""], [""NONE""], [""NONE""], [""NONE""], [""NONE""], [""NONE""], [""NONE""], [""NONE""], [""NONE""], [""NONE""], [""NONE""], [""NONE""], [""NONE""], [""NONE""], [""NONE""], [""NONE""], [""NONE""], [""NONE""], [""NONE""], [""NONE""], [""NONE""], [""NONE""], [""NONE""], [""NONE""], [""NONE""], [""NONE""], [""NONE""], [""NONE""]]",0
9311732,"[[742, 748]]",tumors,tumors,['MESH:D009369'],9311732.8,"742,748","[[""MESH:D009369""], [""MESH:D009371""], [""NONE""], [""NONE""], [""NONE""], [""NONE""], [""NONE""], [""NONE""], [""NONE""], [""NONE""], [""NONE""], [""NONE""], [""NONE""], [""NONE""], [""NONE""], [""NONE""], [""NONE""], [""NONE""], [""NONE""], [""NONE""], [""NONE""], [""NONE""], [""NONE""], [""NONE""], [""NONE""], [""NONE""], [""NONE""], [""NONE""], [""NONE""], [""NONE""], [""NONE""], [""NONE""], [""NONE""], [""NONE""], [""NONE""], [""NONE""], [""NONE""], [""NONE""], [""NONE""]]",0
9311732,"[[894, 900]]",tumors,tumors,['MESH:D009369'],9311732.9,"894,900","[[""MESH:D009369""], [""MESH:D009371""], [""NONE""], [""NONE""], [""NONE""], [""NONE""], [""NONE""], [""NONE""], [""NONE""], [""NONE""], [""NONE""], [""NONE""], [""NONE""], [""NONE""], [""NONE""], [""NONE""], [""NONE""], [""NONE""], [""NONE""], [""NONE""], [""NONE""], [""NONE""], [""NONE""], [""NONE""], [""NONE""], [""NONE""], [""NONE""], [""NONE""], [""NONE""], [""NONE""], [""NONE""], [""NONE""], [""NONE""], [""NONE""], [""NONE""], [""NONE""], [""NONE""], [""NONE""], [""NONE""]]",0
9311732,"[[928, 934]]",tumors,tumors,['MESH:D009369'],9311732.10,"928,934","[[""MESH:D009369""], [""MESH:D009371""], [""NONE""], [""NONE""], [""NONE""], [""NONE""], [""NONE""], [""NONE""], [""NONE""], [""NONE""], [""NONE""], [""NONE""], [""NONE""], [""NONE""], [""NONE""], [""NONE""], [""NONE""], [""NONE""], [""NONE""], [""NONE""], [""NONE""], [""NONE""], [""NONE""], [""NONE""], [""NONE""], [""NONE""], [""NONE""], [""NONE""], [""NONE""], [""NONE""], [""NONE""], [""NONE""], [""NONE""], [""NONE""], [""NONE""], [""NONE""], [""NONE""], [""NONE""], [""NONE""]]",0
9311732,"[[997, 1003]]",tumors,tumors,['MESH:D009369'],9311732.11,"997,1003","[[""MESH:D009369""], [""MESH:D009371""], [""NONE""], [""NONE""], [""NONE""], [""NONE""], [""NONE""], [""NONE""], [""NONE""], [""NONE""], [""NONE""], [""NONE""], [""NONE""], [""NONE""], [""NONE""], [""NONE""], [""NONE""], [""NONE""], [""NONE""], [""NONE""], [""NONE""], [""NONE""], [""NONE""], [""NONE""], [""NONE""], [""NONE""], [""NONE""], [""NONE""], [""NONE""], [""NONE""], [""NONE""], [""NONE""], [""NONE""], [""NONE""], [""NONE""], [""NONE""], [""NONE""], [""NONE""], [""NONE""]]",0
9311732,"[[1093, 1099]]",tumors,tumors,['MESH:D009369'],9311732.12,"1093,1099","[[""MESH:D009369""], [""MESH:D009371""], [""NONE""], [""NONE""], [""NONE""], [""NONE""], [""NONE""], [""NONE""], [""NONE""], [""NONE""], [""NONE""], [""NONE""], [""NONE""], [""NONE""], [""NONE""], [""NONE""], [""NONE""], [""NONE""], [""NONE""], [""NONE""], [""NONE""], [""NONE""], [""NONE""], [""NONE""], [""NONE""], [""NONE""], [""NONE""], [""NONE""], [""NONE""], [""NONE""], [""NONE""], [""NONE""], [""NONE""], [""NONE""], [""NONE""], [""NONE""], [""NONE""], [""NONE""], [""NONE""]]",0
9311732,"[[1792, 1798]]",tumors,tumors,['MESH:D009369'],9311732.13,"1792,1798","[[""MESH:D009369""], [""MESH:D009371""], [""NONE""], [""NONE""], [""NONE""], [""NONE""], [""NONE""], [""NONE""], [""NONE""], [""NONE""], [""NONE""], [""NONE""], [""NONE""], [""NONE""], [""NONE""], [""NONE""], [""NONE""], [""NONE""], [""NONE""], [""NONE""], [""NONE""], [""NONE""], [""NONE""], [""NONE""], [""NONE""], [""NONE""], [""NONE""], [""NONE""], [""NONE""], [""NONE""], [""NONE""], [""NONE""], [""NONE""], [""NONE""], [""NONE""], [""NONE""], [""NONE""], [""NONE""], [""NONE""]]",0
9311732,"[[1829, 1853]]",bilateral retinoblastoma,bilateral retinoblastoma,['MESH:D012175'],9311732.14,"1829,1853","[[""MESH:D012175""], [""OMIM:180200""], [""NONE""], [""NONE""], [""NONE""], [""NONE""], [""NONE""], [""NONE""], [""NONE""], [""NONE""], [""NONE""], [""NONE""], [""NONE""], [""NONE""], [""NONE""], [""NONE""], [""NONE""], [""NONE""], [""NONE""], [""NONE""], [""NONE""], [""NONE""], [""NONE""], [""NONE""], [""NONE""], [""NONE""], [""NONE""], [""NONE""], [""NONE""], [""NONE""], [""NONE""], [""NONE""], [""NONE""], [""NONE""], [""NONE""], [""NONE""], [""NONE""], [""NONE""], [""NONE""]]",0
9311732,"[[1939, 1953]]",retinoblastoma,retinoblastoma,['MESH:D012175'],9311732.15,"1939,1953","[[""MESH:D012175""], [""OMIM:180200""], [""NONE""], [""NONE""], [""NONE""], [""NONE""], [""NONE""], [""NONE""], [""NONE""], [""NONE""], [""NONE""], [""NONE""], [""NONE""], [""NONE""], [""NONE""], [""NONE""], [""NONE""], [""NONE""], [""NONE""], [""NONE""], [""NONE""], [""NONE""], [""NONE""], [""NONE""], [""NONE""], [""NONE""], [""NONE""], [""NONE""], [""NONE""], [""NONE""], [""NONE""], [""NONE""], [""NONE""], [""NONE""], [""NONE""], [""NONE""], [""NONE""], [""NONE""], [""NONE""]]",0
932197,"[[0, 58]]",Hereditary deficiency of the fifth component of complement,Hereditary deficiency of the fifth component of complement,['OMIM:609536'],932197.1,"0,58","[[""MESH:C537005""], [""OMIM:609536""], [""MESH:D005166""], [""OMIM:227400""], [""MESH:D065766""], [""OMIM:235400""], [""OMIM:612922""], [""OMIM:612923""], [""OMIM:612924""], [""OMIM:612925""], [""OMIM:612926""], [""MESH:C537647""], [""MESH:C537762""], [""NONE""], [""NONE""], [""NONE""], [""NONE""], [""NONE""], [""NONE""], [""NONE""], [""NONE""], [""NONE""], [""NONE""], [""NONE""], [""NONE""], [""NONE""], [""NONE""], [""NONE""], [""NONE""], [""NONE""], [""NONE""], [""NONE""], [""NONE""], [""NONE""], [""NONE""], [""NONE""], [""NONE""], [""NONE""], [""NONE""]]",1
932197,"[[156, 214]]",hereditary deficiency of the fifth component of complement,hereditary deficiency of the fifth component of complement,['OMIM:609536'],932197.2,"156,214","[[""MESH:C537005""], [""OMIM:609536""], [""MESH:D005166""], [""OMIM:227400""], [""MESH:D065766""], [""OMIM:235400""], [""OMIM:612922""], [""OMIM:612923""], [""OMIM:612924""], [""OMIM:612925""], [""OMIM:612926""], [""MESH:C537647""], [""MESH:C537762""], [""NONE""], [""NONE""], [""NONE""], [""NONE""], [""NONE""], [""NONE""], [""NONE""], [""NONE""], [""NONE""], [""NONE""], [""NONE""], [""NONE""], [""NONE""], [""NONE""], [""NONE""], [""NONE""], [""NONE""], [""NONE""], [""NONE""], [""NONE""], [""NONE""], [""NONE""], [""NONE""], [""NONE""], [""NONE""], [""NONE""]]",1
932197,"[[279, 307]]",systemic lupus erythematosus,systemic lupus erythematosus,['MESH:D008180'],932197.3,"279,307","[[""MESH:D008180""], [""OMIM:152700""], [""OMIM:300809""], [""OMIM:601744""], [""OMIM:605218""], [""OMIM:605480""], [""OMIM:608437""], [""OMIM:609903""], [""OMIM:609939""], [""OMIM:610065""], [""OMIM:610066""], [""OMIM:610927""], [""OMIM:612251""], [""OMIM:612253""], [""OMIM:612254""], [""OMIM:612378""], [""OMIM:613145""], [""OMIM:614420""], [""MESH:D008178""], [""MESH:D008179""], [""NONE""], [""NONE""], [""NONE""], [""NONE""], [""NONE""], [""NONE""], [""NONE""], [""NONE""], [""NONE""], [""NONE""], [""NONE""], [""NONE""], [""NONE""], [""NONE""], [""NONE""], [""NONE""], [""NONE""], [""NONE""], [""NONE""]]",0
932197,"[[983, 996]]",C5 deficiency,C5 deficiency,['OMIM:609536'],932197.4,"983,996","[[""MESH:C537005""], [""OMIM:609536""], [""OMIM:614379""], [""MESH:C565167""], [""OMIM:614380""], [""MESH:D005166""], [""OMIM:227400""], [""MESH:C565168""], [""OMIM:120790""], [""MESH:C562487""], [""NONE""], [""NONE""], [""NONE""], [""NONE""], [""NONE""], [""NONE""], [""NONE""], [""NONE""], [""NONE""], [""NONE""], [""NONE""], [""NONE""], [""NONE""], [""NONE""], [""NONE""], [""NONE""], [""NONE""], [""NONE""], [""NONE""], [""NONE""], [""NONE""], [""NONE""], [""NONE""], [""NONE""], [""NONE""], [""NONE""], [""NONE""], [""NONE""], [""NONE""]]",1
932197,"[[1055, 1067]]",C5-deficient,C5-deficient,['OMIM:609536'],932197.5,"1055,1067","[[""MESH:C537005""], [""OMIM:609536""], [""OMIM:614379""], [""MESH:C565168""], [""OMIM:120790""], [""MESH:C565167""], [""OMIM:614380""], [""MESH:D005166""], [""OMIM:227400""], [""NONE""], [""NONE""], [""NONE""], [""NONE""], [""NONE""], [""NONE""], [""NONE""], [""NONE""], [""NONE""], [""NONE""], [""NONE""], [""NONE""], [""NONE""], [""NONE""], [""NONE""], [""NONE""], [""NONE""], [""NONE""], [""NONE""], [""NONE""], [""NONE""], [""NONE""], [""NONE""], [""NONE""], [""NONE""], [""NONE""], [""NONE""], [""NONE""], [""NONE""], [""NONE""]]",1
932197,"[[1069, 1072]]",C5D,C5-deficient,['OMIM:609536'],932197.6,"1069,1072","[[""MESH:C537005""], [""OMIM:609536""], [""OMIM:614379""], [""MESH:C565168""], [""OMIM:120790""], [""MESH:C565167""], [""OMIM:614380""], [""MESH:D005166""], [""OMIM:227400""], [""NONE""], [""NONE""], [""NONE""], [""NONE""], [""NONE""], [""NONE""], [""NONE""], [""NONE""], [""NONE""], [""NONE""], [""NONE""], [""NONE""], [""NONE""], [""NONE""], [""NONE""], [""NONE""], [""NONE""], [""NONE""], [""NONE""], [""NONE""], [""NONE""], [""NONE""], [""NONE""], [""NONE""], [""NONE""], [""NONE""], [""NONE""], [""NONE""], [""NONE""], [""NONE""]]",1
932197,"[[1257, 1260]]",C5D,C5-deficient,['OMIM:609536'],932197.7,"1257,1260","[[""MESH:C537005""], [""OMIM:609536""], [""OMIM:614379""], [""MESH:C565168""], [""OMIM:120790""], [""MESH:C565167""], [""OMIM:614380""], [""MESH:D005166""], [""OMIM:227400""], [""NONE""], [""NONE""], [""NONE""], [""NONE""], [""NONE""], [""NONE""], [""NONE""], [""NONE""], [""NONE""], [""NONE""], [""NONE""], [""NONE""], [""NONE""], [""NONE""], [""NONE""], [""NONE""], [""NONE""], [""NONE""], [""NONE""], [""NONE""], [""NONE""], [""NONE""], [""NONE""], [""NONE""], [""NONE""], [""NONE""], [""NONE""], [""NONE""], [""NONE""], [""NONE""]]",1
932197,"[[1426, 1429]]",C5D,C5-deficient,['OMIM:609536'],932197.8,"1426,1429","[[""MESH:C537005""], [""OMIM:609536""], [""OMIM:614379""], [""MESH:C565168""], [""OMIM:120790""], [""MESH:C565167""], [""OMIM:614380""], [""MESH:D005166""], [""OMIM:227400""], [""NONE""], [""NONE""], [""NONE""], [""NONE""], [""NONE""], [""NONE""], [""NONE""], [""NONE""], [""NONE""], [""NONE""], [""NONE""], [""NONE""], [""NONE""], [""NONE""], [""NONE""], [""NONE""], [""NONE""], [""NONE""], [""NONE""], [""NONE""], [""NONE""], [""NONE""], [""NONE""], [""NONE""], [""NONE""], [""NONE""], [""NONE""], [""NONE""], [""NONE""], [""NONE""]]",1
932197,"[[1630, 1648]]",glomerulonephritis,glomerulonephritis,['MESH:D005921'],932197.9,"1630,1648","[[""MESH:D005921""], [""MESH:D009393""], [""MESH:D005922""], [""OMIM:161950""], [""OMIM:613944""], [""OMIM:616818""], [""MESH:D015433""], [""OMIM:614692""], [""MESH:D015432""], [""NONE""], [""NONE""], [""NONE""], [""NONE""], [""NONE""], [""NONE""], [""NONE""], [""NONE""], [""NONE""], [""NONE""], [""NONE""], [""NONE""], [""NONE""], [""NONE""], [""NONE""], [""NONE""], [""NONE""], [""NONE""], [""NONE""], [""NONE""], [""NONE""], [""NONE""], [""NONE""], [""NONE""], [""NONE""], [""NONE""], [""NONE""], [""NONE""], [""NONE""], [""NONE""]]",0
932197,"[[1650, 1660]]",vasculitis,vasculitis,['MESH:D014657'],932197.10,"1650,1660","[[""MESH:D014657""], [""MESH:D056647""], [""MESH:C535509""], [""MESH:D018366""], [""NONE""], [""NONE""], [""NONE""], [""NONE""], [""NONE""], [""NONE""], [""NONE""], [""NONE""], [""NONE""], [""NONE""], [""NONE""], [""NONE""], [""NONE""], [""NONE""], [""NONE""], [""NONE""], [""NONE""], [""NONE""], [""NONE""], [""NONE""], [""NONE""], [""NONE""], [""NONE""], [""NONE""], [""NONE""], [""NONE""], [""NONE""], [""NONE""], [""NONE""], [""NONE""], [""NONE""], [""NONE""], [""NONE""], [""NONE""], [""NONE""]]",0
932197,"[[1666, 1675]]",arthritis,arthritis,['MESH:D001168'],932197.11,"1666,1675","[[""MESH:D001168""], [""MESH:D010003""], [""OMIM:140600""], [""OMIM:165720""], [""OMIM:607850""], [""OMIM:610839""], [""OMIM:612400""], [""OMIM:612401""], [""MESH:D012213""], [""MESH:D007592""], [""MESH:D016918""], [""MESH:D018771""], [""NONE""], [""NONE""], [""NONE""], [""NONE""], [""NONE""], [""NONE""], [""NONE""], [""NONE""], [""NONE""], [""NONE""], [""NONE""], [""NONE""], [""NONE""], [""NONE""], [""NONE""], [""NONE""], [""NONE""], [""NONE""], [""NONE""], [""NONE""], [""NONE""], [""NONE""], [""NONE""], [""NONE""], [""NONE""], [""NONE""], [""NONE""]]",0
932197,"[[1769, 1789]]",bacterial infections,bacterial infections,['MESH:D001424'],932197.12,"1769,1789","[[""MESH:D001424""], [""MESH:D016470""], [""OMIM:614382""], [""OMIM:614383""], [""MESH:D016908""], [""MESH:D001423""], [""MESH:D018805""], [""NONE""], [""NONE""], [""NONE""], [""NONE""], [""NONE""], [""NONE""], [""NONE""], [""NONE""], [""NONE""], [""NONE""], [""NONE""], [""NONE""], [""NONE""], [""NONE""], [""NONE""], [""NONE""], [""NONE""], [""NONE""], [""NONE""], [""NONE""], [""NONE""], [""NONE""], [""NONE""], [""NONE""], [""NONE""], [""NONE""], [""NONE""], [""NONE""], [""NONE""], [""NONE""], [""NONE""], [""NONE""]]",0
932197,"[[1916, 1919]]",C5D,C5-deficient,['OMIM:609536'],932197.13,"1916,1919","[[""MESH:C537005""], [""OMIM:609536""], [""OMIM:614379""], [""MESH:C565168""], [""OMIM:120790""], [""MESH:C565167""], [""OMIM:614380""], [""MESH:D005166""], [""OMIM:227400""], [""NONE""], [""NONE""], [""NONE""], [""NONE""], [""NONE""], [""NONE""], [""NONE""], [""NONE""], [""NONE""], [""NONE""], [""NONE""], [""NONE""], [""NONE""], [""NONE""], [""NONE""], [""NONE""], [""NONE""], [""NONE""], [""NONE""], [""NONE""], [""NONE""], [""NONE""], [""NONE""], [""NONE""], [""NONE""], [""NONE""], [""NONE""], [""NONE""], [""NONE""], [""NONE""]]",1
9336417,"[[18, 40]]",ankylosing spondylitis,ankylosing spondylitis,['MESH:D013167'],9336417.1,"18,40","[[""MESH:D013167""], [""OMIM:106300""], [""NONE""], [""NONE""], [""NONE""], [""NONE""], [""NONE""], [""NONE""], [""NONE""], [""NONE""], [""NONE""], [""NONE""], [""NONE""], [""NONE""], [""NONE""], [""NONE""], [""NONE""], [""NONE""], [""NONE""], [""NONE""], [""NONE""], [""NONE""], [""NONE""], [""NONE""], [""NONE""], [""NONE""], [""NONE""], [""NONE""], [""NONE""], [""NONE""], [""NONE""], [""NONE""], [""NONE""], [""NONE""], [""NONE""], [""NONE""], [""NONE""], [""NONE""], [""NONE""]]",0
9336417,"[[199, 221]]",ankylosing spondylitis,ankylosing spondylitis,['MESH:D013167'],9336417.2,"199,221","[[""MESH:D013167""], [""OMIM:106300""], [""NONE""], [""NONE""], [""NONE""], [""NONE""], [""NONE""], [""NONE""], [""NONE""], [""NONE""], [""NONE""], [""NONE""], [""NONE""], [""NONE""], [""NONE""], [""NONE""], [""NONE""], [""NONE""], [""NONE""], [""NONE""], [""NONE""], [""NONE""], [""NONE""], [""NONE""], [""NONE""], [""NONE""], [""NONE""], [""NONE""], [""NONE""], [""NONE""], [""NONE""], [""NONE""], [""NONE""], [""NONE""], [""NONE""], [""NONE""], [""NONE""], [""NONE""], [""NONE""]]",0
9336417,"[[223, 225]]",AS,ankylosing spondylitis,['MESH:D013167'],9336417.3,"223,225","[[""MESH:D013167""], [""OMIM:106300""], [""NONE""], [""NONE""], [""NONE""], [""NONE""], [""NONE""], [""NONE""], [""NONE""], [""NONE""], [""NONE""], [""NONE""], [""NONE""], [""NONE""], [""NONE""], [""NONE""], [""NONE""], [""NONE""], [""NONE""], [""NONE""], [""NONE""], [""NONE""], [""NONE""], [""NONE""], [""NONE""], [""NONE""], [""NONE""], [""NONE""], [""NONE""], [""NONE""], [""NONE""], [""NONE""], [""NONE""], [""NONE""], [""NONE""], [""NONE""], [""NONE""], [""NONE""], [""NONE""]]",0
9336417,"[[248, 250]]",AS,ankylosing spondylitis,['MESH:D013167'],9336417.4,"248,250","[[""MESH:D013167""], [""OMIM:106300""], [""NONE""], [""NONE""], [""NONE""], [""NONE""], [""NONE""], [""NONE""], [""NONE""], [""NONE""], [""NONE""], [""NONE""], [""NONE""], [""NONE""], [""NONE""], [""NONE""], [""NONE""], [""NONE""], [""NONE""], [""NONE""], [""NONE""], [""NONE""], [""NONE""], [""NONE""], [""NONE""], [""NONE""], [""NONE""], [""NONE""], [""NONE""], [""NONE""], [""NONE""], [""NONE""], [""NONE""], [""NONE""], [""NONE""], [""NONE""], [""NONE""], [""NONE""], [""NONE""]]",0
9336417,"[[304, 322]]",Rheumatic Diseases,Rheumatic Diseases,['MESH:D012216'],9336417.5,"304,322","[[""MESH:D012216""], [""MESH:D012213""], [""NONE""], [""NONE""], [""NONE""], [""NONE""], [""NONE""], [""NONE""], [""NONE""], [""NONE""], [""NONE""], [""NONE""], [""NONE""], [""NONE""], [""NONE""], [""NONE""], [""NONE""], [""NONE""], [""NONE""], [""NONE""], [""NONE""], [""NONE""], [""NONE""], [""NONE""], [""NONE""], [""NONE""], [""NONE""], [""NONE""], [""NONE""], [""NONE""], [""NONE""], [""NONE""], [""NONE""], [""NONE""], [""NONE""], [""NONE""], [""NONE""], [""NONE""], [""NONE""]]",0
9336417,"[[808, 810]]",AS,ankylosing spondylitis,['MESH:D013167'],9336417.6,"808,810","[[""MESH:D013167""], [""OMIM:106300""], [""NONE""], [""NONE""], [""NONE""], [""NONE""], [""NONE""], [""NONE""], [""NONE""], [""NONE""], [""NONE""], [""NONE""], [""NONE""], [""NONE""], [""NONE""], [""NONE""], [""NONE""], [""NONE""], [""NONE""], [""NONE""], [""NONE""], [""NONE""], [""NONE""], [""NONE""], [""NONE""], [""NONE""], [""NONE""], [""NONE""], [""NONE""], [""NONE""], [""NONE""], [""NONE""], [""NONE""], [""NONE""], [""NONE""], [""NONE""], [""NONE""], [""NONE""], [""NONE""]]",0
9336417,"[[1512, 1514]]",AS,ankylosing spondylitis,['MESH:D013167'],9336417.7,"1512,1514","[[""MESH:D013167""], [""OMIM:106300""], [""NONE""], [""NONE""], [""NONE""], [""NONE""], [""NONE""], [""NONE""], [""NONE""], [""NONE""], [""NONE""], [""NONE""], [""NONE""], [""NONE""], [""NONE""], [""NONE""], [""NONE""], [""NONE""], [""NONE""], [""NONE""], [""NONE""], [""NONE""], [""NONE""], [""NONE""], [""NONE""], [""NONE""], [""NONE""], [""NONE""], [""NONE""], [""NONE""], [""NONE""], [""NONE""], [""NONE""], [""NONE""], [""NONE""], [""NONE""], [""NONE""], [""NONE""], [""NONE""]]",0
9336417,"[[1693, 1695]]",AS,ankylosing spondylitis,['MESH:D013167'],9336417.8,"1693,1695","[[""MESH:D013167""], [""OMIM:106300""], [""NONE""], [""NONE""], [""NONE""], [""NONE""], [""NONE""], [""NONE""], [""NONE""], [""NONE""], [""NONE""], [""NONE""], [""NONE""], [""NONE""], [""NONE""], [""NONE""], [""NONE""], [""NONE""], [""NONE""], [""NONE""], [""NONE""], [""NONE""], [""NONE""], [""NONE""], [""NONE""], [""NONE""], [""NONE""], [""NONE""], [""NONE""], [""NONE""], [""NONE""], [""NONE""], [""NONE""], [""NONE""], [""NONE""], [""NONE""], [""NONE""], [""NONE""], [""NONE""]]",0
9342365,"[[163, 188]]",breast and ovarian cancer,breast and ovarian cancer,['MESH:D061325'],9342365.1,"163,188","[[""MESH:D061325""], [""MESH:D001943""], [""OMIM:114480""], [""OMIM:604370""], [""OMIM:613399""], [""OMIM:612555""], [""MESH:C562840""], [""MESH:D010051""], [""OMIM:167000""], [""OMIM:607893""], [""NONE""], [""NONE""], [""NONE""], [""NONE""], [""NONE""], [""NONE""], [""NONE""], [""NONE""], [""NONE""], [""NONE""], [""NONE""], [""NONE""], [""NONE""], [""NONE""], [""NONE""], [""NONE""], [""NONE""], [""NONE""], [""NONE""], [""NONE""], [""NONE""], [""NONE""], [""NONE""], [""NONE""], [""NONE""], [""NONE""], [""NONE""], [""NONE""], [""NONE""]]",0
9342365,"[[241, 246]]",tumor,tumor,['MESH:D009369'],9342365.2,"241,246","[[""MESH:D009369""], [""MESH:D009371""], [""NONE""], [""NONE""], [""NONE""], [""NONE""], [""NONE""], [""NONE""], [""NONE""], [""NONE""], [""NONE""], [""NONE""], [""NONE""], [""NONE""], [""NONE""], [""NONE""], [""NONE""], [""NONE""], [""NONE""], [""NONE""], [""NONE""], [""NONE""], [""NONE""], [""NONE""], [""NONE""], [""NONE""], [""NONE""], [""NONE""], [""NONE""], [""NONE""], [""NONE""], [""NONE""], [""NONE""], [""NONE""], [""NONE""], [""NONE""], [""NONE""], [""NONE""], [""NONE""]]",0
9342365,"[[1403, 1408]]",tumor,tumor,['MESH:D009369'],9342365.3,"1403,1408","[[""MESH:D009369""], [""MESH:D009371""], [""NONE""], [""NONE""], [""NONE""], [""NONE""], [""NONE""], [""NONE""], [""NONE""], [""NONE""], [""NONE""], [""NONE""], [""NONE""], [""NONE""], [""NONE""], [""NONE""], [""NONE""], [""NONE""], [""NONE""], [""NONE""], [""NONE""], [""NONE""], [""NONE""], [""NONE""], [""NONE""], [""NONE""], [""NONE""], [""NONE""], [""NONE""], [""NONE""], [""NONE""], [""NONE""], [""NONE""], [""NONE""], [""NONE""], [""NONE""], [""NONE""], [""NONE""], [""NONE""]]",0
9358014,"[[95, 121]]",hereditary hemochromatosis,hereditary hemochromatosis,['MESH:D006432'],9358014.1,"95,121","[[""MESH:D006432""], [""OMIM:235200""], [""MESH:C537249""], [""OMIM:606069""], [""NONE""], [""NONE""], [""NONE""], [""NONE""], [""NONE""], [""NONE""], [""NONE""], [""NONE""], [""NONE""], [""NONE""], [""NONE""], [""NONE""], [""NONE""], [""NONE""], [""NONE""], [""NONE""], [""NONE""], [""NONE""], [""NONE""], [""NONE""], [""NONE""], [""NONE""], [""NONE""], [""NONE""], [""NONE""], [""NONE""], [""NONE""], [""NONE""], [""NONE""], [""NONE""], [""NONE""], [""NONE""], [""NONE""], [""NONE""], [""NONE""]]",0
9358014,"[[123, 125]]",HH,hereditary hemochromatosis,['MESH:D006432'],9358014.2,"123,125","[[""MESH:D006432""], [""OMIM:235200""], [""MESH:C537249""], [""OMIM:606069""], [""NONE""], [""NONE""], [""NONE""], [""NONE""], [""NONE""], [""NONE""], [""NONE""], [""NONE""], [""NONE""], [""NONE""], [""NONE""], [""NONE""], [""NONE""], [""NONE""], [""NONE""], [""NONE""], [""NONE""], [""NONE""], [""NONE""], [""NONE""], [""NONE""], [""NONE""], [""NONE""], [""NONE""], [""NONE""], [""NONE""], [""NONE""], [""NONE""], [""NONE""], [""NONE""], [""NONE""], [""NONE""], [""NONE""], [""NONE""], [""NONE""]]",0
9358014,"[[798, 800]]",HH,hereditary hemochromatosis,['MESH:D006432'],9358014.3,"798,800","[[""MESH:D006432""], [""OMIM:235200""], [""MESH:C537249""], [""OMIM:606069""], [""NONE""], [""NONE""], [""NONE""], [""NONE""], [""NONE""], [""NONE""], [""NONE""], [""NONE""], [""NONE""], [""NONE""], [""NONE""], [""NONE""], [""NONE""], [""NONE""], [""NONE""], [""NONE""], [""NONE""], [""NONE""], [""NONE""], [""NONE""], [""NONE""], [""NONE""], [""NONE""], [""NONE""], [""NONE""], [""NONE""], [""NONE""], [""NONE""], [""NONE""], [""NONE""], [""NONE""], [""NONE""], [""NONE""], [""NONE""], [""NONE""]]",0
9358014,"[[945, 947]]",HH,hereditary hemochromatosis,['MESH:D006432'],9358014.4,"945,947","[[""MESH:D006432""], [""OMIM:235200""], [""MESH:C537249""], [""OMIM:606069""], [""NONE""], [""NONE""], [""NONE""], [""NONE""], [""NONE""], [""NONE""], [""NONE""], [""NONE""], [""NONE""], [""NONE""], [""NONE""], [""NONE""], [""NONE""], [""NONE""], [""NONE""], [""NONE""], [""NONE""], [""NONE""], [""NONE""], [""NONE""], [""NONE""], [""NONE""], [""NONE""], [""NONE""], [""NONE""], [""NONE""], [""NONE""], [""NONE""], [""NONE""], [""NONE""], [""NONE""], [""NONE""], [""NONE""], [""NONE""], [""NONE""]]",0
9358014,"[[1048, 1054]]",cancer,cancer,['MESH:D009369'],9358014.5,"1048,1054","[[""MESH:D009369""], [""MESH:D009371""], [""NONE""], [""NONE""], [""NONE""], [""NONE""], [""NONE""], [""NONE""], [""NONE""], [""NONE""], [""NONE""], [""NONE""], [""NONE""], [""NONE""], [""NONE""], [""NONE""], [""NONE""], [""NONE""], [""NONE""], [""NONE""], [""NONE""], [""NONE""], [""NONE""], [""NONE""], [""NONE""], [""NONE""], [""NONE""], [""NONE""], [""NONE""], [""NONE""], [""NONE""], [""NONE""], [""NONE""], [""NONE""], [""NONE""], [""NONE""], [""NONE""], [""NONE""], [""NONE""]]",0
9360520,"[[0, 54]]",Autosomal dominant neurohypophyseal diabetes insipidus,Autosomal dominant neurohypophyseal diabetes insipidus,['OMIM:125700'],9360520.1,"0,54","[[""MESH:D018500""], [""OMIM:125800""], [""OMIM:304800""], [""MESH:D020790""], [""OMIM:125700""], [""NONE""], [""NONE""], [""NONE""], [""NONE""], [""NONE""], [""NONE""], [""NONE""], [""NONE""], [""NONE""], [""NONE""], [""NONE""], [""NONE""], [""NONE""], [""NONE""], [""NONE""], [""NONE""], [""NONE""], [""NONE""], [""NONE""], [""NONE""], [""NONE""], [""NONE""], [""NONE""], [""NONE""], [""NONE""], [""NONE""], [""NONE""], [""NONE""], [""NONE""], [""NONE""], [""NONE""], [""NONE""], [""NONE""], [""NONE""]]",4
9360520,"[[131, 185]]",Autosomal dominant neurohypophyseal diabetes insipidus,Autosomal dominant neurohypophyseal diabetes insipidus,['OMIM:125700'],9360520.2,"131,185","[[""MESH:D018500""], [""OMIM:125800""], [""OMIM:304800""], [""MESH:D020790""], [""OMIM:125700""], [""NONE""], [""NONE""], [""NONE""], [""NONE""], [""NONE""], [""NONE""], [""NONE""], [""NONE""], [""NONE""], [""NONE""], [""NONE""], [""NONE""], [""NONE""], [""NONE""], [""NONE""], [""NONE""], [""NONE""], [""NONE""], [""NONE""], [""NONE""], [""NONE""], [""NONE""], [""NONE""], [""NONE""], [""NONE""], [""NONE""], [""NONE""], [""NONE""], [""NONE""], [""NONE""], [""NONE""], [""NONE""], [""NONE""], [""NONE""]]",4
9360520,"[[187, 192]]",ADNDI,Autosomal dominant neurohypophyseal diabetes insipidus,['OMIM:125700'],9360520.3,"187,192","[[""MESH:D018500""], [""OMIM:125800""], [""OMIM:304800""], [""MESH:D020790""], [""OMIM:125700""], [""NONE""], [""NONE""], [""NONE""], [""NONE""], [""NONE""], [""NONE""], [""NONE""], [""NONE""], [""NONE""], [""NONE""], [""NONE""], [""NONE""], [""NONE""], [""NONE""], [""NONE""], [""NONE""], [""NONE""], [""NONE""], [""NONE""], [""NONE""], [""NONE""], [""NONE""], [""NONE""], [""NONE""], [""NONE""], [""NONE""], [""NONE""], [""NONE""], [""NONE""], [""NONE""], [""NONE""], [""NONE""], [""NONE""], [""NONE""]]",4
9360520,"[[200, 217]]",inherited disease,inherited disease,['MESH:D030342'],9360520.4,"200,217","[[""MESH:D030342""], [""NONE""], [""NONE""], [""NONE""], [""NONE""], [""NONE""], [""NONE""], [""NONE""], [""NONE""], [""NONE""], [""NONE""], [""NONE""], [""NONE""], [""NONE""], [""NONE""], [""NONE""], [""NONE""], [""NONE""], [""NONE""], [""NONE""], [""NONE""], [""NONE""], [""NONE""], [""NONE""], [""NONE""], [""NONE""], [""NONE""], [""NONE""], [""NONE""], [""NONE""], [""NONE""], [""NONE""], [""NONE""], [""NONE""], [""NONE""], [""NONE""], [""NONE""], [""NONE""], [""NONE""]]",0
9360520,"[[453, 471]]",diabetes insipidus,diabetes insipidus,['MESH:D003919'],9360520.5,"453,471","[[""MESH:D020790""], [""OMIM:125700""], [""MESH:D018500""], [""OMIM:125800""], [""OMIM:304800""], [""MESH:D003919""], [""NONE""], [""NONE""], [""NONE""], [""NONE""], [""NONE""], [""NONE""], [""NONE""], [""NONE""], [""NONE""], [""NONE""], [""NONE""], [""NONE""], [""NONE""], [""NONE""], [""NONE""], [""NONE""], [""NONE""], [""NONE""], [""NONE""], [""NONE""], [""NONE""], [""NONE""], [""NONE""], [""NONE""], [""NONE""], [""NONE""], [""NONE""], [""NONE""], [""NONE""], [""NONE""], [""NONE""], [""NONE""], [""NONE""]]",5
9360520,"[[587, 592]]",ADNDI,Autosomal dominant neurohypophyseal diabetes insipidus,['OMIM:125700'],9360520.6,"587,592","[[""MESH:D018500""], [""OMIM:125800""], [""OMIM:304800""], [""MESH:D020790""], [""OMIM:125700""], [""NONE""], [""NONE""], [""NONE""], [""NONE""], [""NONE""], [""NONE""], [""NONE""], [""NONE""], [""NONE""], [""NONE""], [""NONE""], [""NONE""], [""NONE""], [""NONE""], [""NONE""], [""NONE""], [""NONE""], [""NONE""], [""NONE""], [""NONE""], [""NONE""], [""NONE""], [""NONE""], [""NONE""], [""NONE""], [""NONE""], [""NONE""], [""NONE""], [""NONE""], [""NONE""], [""NONE""], [""NONE""], [""NONE""], [""NONE""]]",4
9360520,"[[1176, 1214]]",dominantly inherited neurodegeneration,dominantly inherited neurodegeneration,['MESH:D020271'],9360520.7,"1176,1214","[[""OMIM:300894""], [""OMIM:614255""], [""MESH:D006211""], [""OMIM:234200""], [""MESH:D020271""], [""OMIM:614298""], [""NONE""], [""NONE""], [""NONE""], [""NONE""], [""NONE""], [""NONE""], [""NONE""], [""NONE""], [""NONE""], [""NONE""], [""NONE""], [""NONE""], [""NONE""], [""NONE""], [""NONE""], [""NONE""], [""NONE""], [""NONE""], [""NONE""], [""NONE""], [""NONE""], [""NONE""], [""NONE""], [""NONE""], [""NONE""], [""NONE""], [""NONE""], [""NONE""], [""NONE""], [""NONE""], [""NONE""], [""NONE""], [""NONE""]]",4
9371490,"[[47, 62]]",prostate cancer,prostate cancer,['MESH:D011471'],9371490.1,"47,62","[[""MESH:D011471""], [""OMIM:176807""], [""OMIM:607592""], [""NONE""], [""NONE""], [""NONE""], [""NONE""], [""NONE""], [""NONE""], [""NONE""], [""NONE""], [""NONE""], [""NONE""], [""NONE""], [""NONE""], [""NONE""], [""NONE""], [""NONE""], [""NONE""], [""NONE""], [""NONE""], [""NONE""], [""NONE""], [""NONE""], [""NONE""], [""NONE""], [""NONE""], [""NONE""], [""NONE""], [""NONE""], [""NONE""], [""NONE""], [""NONE""], [""NONE""], [""NONE""], [""NONE""], [""NONE""], [""NONE""], [""NONE""]]",0
9371490,"[[64, 91]]",Sporadic prostate carcinoma,Sporadic prostate carcinoma,['MESH:D011471'],9371490.2,"64,91","[[""MESH:C537243""], [""OMIM:601518""], [""MESH:C566426""], [""OMIM:602759""], [""OMIM:300147""], [""MESH:C563882""], [""OMIM:608658""], [""MESH:C567449""], [""OMIM:611955""], [""MESH:C563883""], [""OMIM:608656""], [""MESH:D011471""], [""OMIM:176807""], [""OMIM:607592""], [""NONE""], [""NONE""], [""NONE""], [""NONE""], [""NONE""], [""NONE""], [""NONE""], [""NONE""], [""NONE""], [""NONE""], [""NONE""], [""NONE""], [""NONE""], [""NONE""], [""NONE""], [""NONE""], [""NONE""], [""NONE""], [""NONE""], [""NONE""], [""NONE""], [""NONE""], [""NONE""], [""NONE""], [""NONE""]]",11
9371490,"[[230, 236]]",cancer,cancer,['MESH:D009369'],9371490.4,"230,236","[[""MESH:D009369""], [""MESH:D009371""], [""NONE""], [""NONE""], [""NONE""], [""NONE""], [""NONE""], [""NONE""], [""NONE""], [""NONE""], [""NONE""], [""NONE""], [""NONE""], [""NONE""], [""NONE""], [""NONE""], [""NONE""], [""NONE""], [""NONE""], [""NONE""], [""NONE""], [""NONE""], [""NONE""], [""NONE""], [""NONE""], [""NONE""], [""NONE""], [""NONE""], [""NONE""], [""NONE""], [""NONE""], [""NONE""], [""NONE""], [""NONE""], [""NONE""], [""NONE""], [""NONE""], [""NONE""], [""NONE""]]",0
9371490,"[[378, 402]]",sporadic prostate cancer,sporadic prostate cancer,['MESH:D011471'],9371490.5,"378,402","[[""MESH:C537243""], [""OMIM:601518""], [""MESH:D011471""], [""OMIM:176807""], [""OMIM:607592""], [""MESH:C566426""], [""OMIM:602759""], [""MESH:C567449""], [""OMIM:611955""], [""MESH:C563882""], [""OMIM:608658""], [""OMIM:300147""], [""MESH:C563883""], [""OMIM:608656""], [""NONE""], [""NONE""], [""NONE""], [""NONE""], [""NONE""], [""NONE""], [""NONE""], [""NONE""], [""NONE""], [""NONE""], [""NONE""], [""NONE""], [""NONE""], [""NONE""], [""NONE""], [""NONE""], [""NONE""], [""NONE""], [""NONE""], [""NONE""], [""NONE""], [""NONE""], [""NONE""], [""NONE""], [""NONE""]]",2
9371490,"[[526, 531]]",tumor,tumor,['MESH:D009369'],9371490.6,"526,531","[[""MESH:D009369""], [""MESH:D009371""], [""NONE""], [""NONE""], [""NONE""], [""NONE""], [""NONE""], [""NONE""], [""NONE""], [""NONE""], [""NONE""], [""NONE""], [""NONE""], [""NONE""], [""NONE""], [""NONE""], [""NONE""], [""NONE""], [""NONE""], [""NONE""], [""NONE""], [""NONE""], [""NONE""], [""NONE""], [""NONE""], [""NONE""], [""NONE""], [""NONE""], [""NONE""], [""NONE""], [""NONE""], [""NONE""], [""NONE""], [""NONE""], [""NONE""], [""NONE""], [""NONE""], [""NONE""], [""NONE""]]",0
9371490,"[[667, 682]]",prostate cancer,prostate cancer,['MESH:D011471'],9371490.7,"667,682","[[""MESH:D011471""], [""OMIM:176807""], [""OMIM:607592""], [""NONE""], [""NONE""], [""NONE""], [""NONE""], [""NONE""], [""NONE""], [""NONE""], [""NONE""], [""NONE""], [""NONE""], [""NONE""], [""NONE""], [""NONE""], [""NONE""], [""NONE""], [""NONE""], [""NONE""], [""NONE""], [""NONE""], [""NONE""], [""NONE""], [""NONE""], [""NONE""], [""NONE""], [""NONE""], [""NONE""], [""NONE""], [""NONE""], [""NONE""], [""NONE""], [""NONE""], [""NONE""], [""NONE""], [""NONE""], [""NONE""], [""NONE""]]",0
9371490,"[[710, 725]]",prostate tumors,prostate tumors,['MESH:D011471'],9371490.8,"710,725","[[""MESH:D011471""], [""OMIM:176807""], [""OMIM:607592""], [""NONE""], [""NONE""], [""NONE""], [""NONE""], [""NONE""], [""NONE""], [""NONE""], [""NONE""], [""NONE""], [""NONE""], [""NONE""], [""NONE""], [""NONE""], [""NONE""], [""NONE""], [""NONE""], [""NONE""], [""NONE""], [""NONE""], [""NONE""], [""NONE""], [""NONE""], [""NONE""], [""NONE""], [""NONE""], [""NONE""], [""NONE""], [""NONE""], [""NONE""], [""NONE""], [""NONE""], [""NONE""], [""NONE""], [""NONE""], [""NONE""], [""NONE""]]",0
9371490,"[[1065, 1071]]",tumors,tumors,['MESH:D009369'],9371490.9,"1065,1071","[[""MESH:D009369""], [""MESH:D009371""], [""NONE""], [""NONE""], [""NONE""], [""NONE""], [""NONE""], [""NONE""], [""NONE""], [""NONE""], [""NONE""], [""NONE""], [""NONE""], [""NONE""], [""NONE""], [""NONE""], [""NONE""], [""NONE""], [""NONE""], [""NONE""], [""NONE""], [""NONE""], [""NONE""], [""NONE""], [""NONE""], [""NONE""], [""NONE""], [""NONE""], [""NONE""], [""NONE""], [""NONE""], [""NONE""], [""NONE""], [""NONE""], [""NONE""], [""NONE""], [""NONE""], [""NONE""], [""NONE""]]",0
9371490,"[[1140, 1164]]",sporadic prostate cancer,sporadic prostate cancer,['MESH:D011471'],9371490.10,"1140,1164","[[""MESH:C537243""], [""OMIM:601518""], [""MESH:D011471""], [""OMIM:176807""], [""OMIM:607592""], [""MESH:C566426""], [""OMIM:602759""], [""MESH:C567449""], [""OMIM:611955""], [""MESH:C563882""], [""OMIM:608658""], [""OMIM:300147""], [""MESH:C563883""], [""OMIM:608656""], [""NONE""], [""NONE""], [""NONE""], [""NONE""], [""NONE""], [""NONE""], [""NONE""], [""NONE""], [""NONE""], [""NONE""], [""NONE""], [""NONE""], [""NONE""], [""NONE""], [""NONE""], [""NONE""], [""NONE""], [""NONE""], [""NONE""], [""NONE""], [""NONE""], [""NONE""], [""NONE""], [""NONE""], [""NONE""]]",2
9382108,"[[41, 59]]",Huntington disease,Huntington disease,['MESH:D006816'],9382108.1,"41,59","[[""MESH:D006816""], [""OMIM:143100""], [""MESH:C566398""], [""OMIM:603218""], [""MESH:C564708""], [""OMIM:606438""], [""MESH:C564616""], [""OMIM:607136""], [""MESH:C565747""], [""OMIM:604802""], [""NONE""], [""NONE""], [""NONE""], [""NONE""], [""NONE""], [""NONE""], [""NONE""], [""NONE""], [""NONE""], [""NONE""], [""NONE""], [""NONE""], [""NONE""], [""NONE""], [""NONE""], [""NONE""], [""NONE""], [""NONE""], [""NONE""], [""NONE""], [""NONE""], [""NONE""], [""NONE""], [""NONE""], [""NONE""], [""NONE""], [""NONE""], [""NONE""], [""NONE""]]",0
9382108,"[[94, 112]]",Huntington disease,Huntington disease,['MESH:D006816'],9382108.2,"94,112","[[""MESH:D006816""], [""OMIM:143100""], [""MESH:C566398""], [""OMIM:603218""], [""MESH:C564708""], [""OMIM:606438""], [""MESH:C564616""], [""OMIM:607136""], [""MESH:C565747""], [""OMIM:604802""], [""NONE""], [""NONE""], [""NONE""], [""NONE""], [""NONE""], [""NONE""], [""NONE""], [""NONE""], [""NONE""], [""NONE""], [""NONE""], [""NONE""], [""NONE""], [""NONE""], [""NONE""], [""NONE""], [""NONE""], [""NONE""], [""NONE""], [""NONE""], [""NONE""], [""NONE""], [""NONE""], [""NONE""], [""NONE""], [""NONE""], [""NONE""], [""NONE""], [""NONE""]]",0
9382108,"[[114, 116]]",HD,Huntington disease,['MESH:D006816'],9382108.3,"114,116","[[""MESH:D006816""], [""OMIM:143100""], [""MESH:C566398""], [""OMIM:603218""], [""MESH:C564708""], [""OMIM:606438""], [""MESH:C564616""], [""OMIM:607136""], [""MESH:C565747""], [""OMIM:604802""], [""NONE""], [""NONE""], [""NONE""], [""NONE""], [""NONE""], [""NONE""], [""NONE""], [""NONE""], [""NONE""], [""NONE""], [""NONE""], [""NONE""], [""NONE""], [""NONE""], [""NONE""], [""NONE""], [""NONE""], [""NONE""], [""NONE""], [""NONE""], [""NONE""], [""NONE""], [""NONE""], [""NONE""], [""NONE""], [""NONE""], [""NONE""], [""NONE""], [""NONE""]]",0
9382108,"[[232, 234]]",HD,Huntington disease,['MESH:D006816'],9382108.4,"232,234","[[""MESH:D006816""], [""OMIM:143100""], [""MESH:C566398""], [""OMIM:603218""], [""MESH:C564708""], [""OMIM:606438""], [""MESH:C564616""], [""OMIM:607136""], [""MESH:C565747""], [""OMIM:604802""], [""NONE""], [""NONE""], [""NONE""], [""NONE""], [""NONE""], [""NONE""], [""NONE""], [""NONE""], [""NONE""], [""NONE""], [""NONE""], [""NONE""], [""NONE""], [""NONE""], [""NONE""], [""NONE""], [""NONE""], [""NONE""], [""NONE""], [""NONE""], [""NONE""], [""NONE""], [""NONE""], [""NONE""], [""NONE""], [""NONE""], [""NONE""], [""NONE""], [""NONE""]]",0
9382108,"[[426, 428]]",HD,Huntington disease,['MESH:D006816'],9382108.5,"426,428","[[""MESH:D006816""], [""OMIM:143100""], [""MESH:C566398""], [""OMIM:603218""], [""MESH:C564708""], [""OMIM:606438""], [""MESH:C564616""], [""OMIM:607136""], [""MESH:C565747""], [""OMIM:604802""], [""NONE""], [""NONE""], [""NONE""], [""NONE""], [""NONE""], [""NONE""], [""NONE""], [""NONE""], [""NONE""], [""NONE""], [""NONE""], [""NONE""], [""NONE""], [""NONE""], [""NONE""], [""NONE""], [""NONE""], [""NONE""], [""NONE""], [""NONE""], [""NONE""], [""NONE""], [""NONE""], [""NONE""], [""NONE""], [""NONE""], [""NONE""], [""NONE""], [""NONE""]]",0
9385378,"[[96, 121]]",mucopolysaccharidosis IVA,mucopolysaccharidosis IVA,['OMIM:253000'],9385378.1,"96,121","[[""MESH:D009085""], [""OMIM:253000""], [""OMIM:253010""], [""NONE""], [""NONE""], [""NONE""], [""NONE""], [""NONE""], [""NONE""], [""NONE""], [""NONE""], [""NONE""], [""NONE""], [""NONE""], [""NONE""], [""NONE""], [""NONE""], [""NONE""], [""NONE""], [""NONE""], [""NONE""], [""NONE""], [""NONE""], [""NONE""], [""NONE""], [""NONE""], [""NONE""], [""NONE""], [""NONE""], [""NONE""], [""NONE""], [""NONE""], [""NONE""], [""NONE""], [""NONE""], [""NONE""], [""NONE""], [""NONE""], [""NONE""]]",1
9385378,"[[123, 148]]",Mucopolysaccharidosis IVA,Mucopolysaccharidosis IVA,['OMIM:253000'],9385378.2,"123,148","[[""MESH:D009085""], [""OMIM:253000""], [""OMIM:253010""], [""NONE""], [""NONE""], [""NONE""], [""NONE""], [""NONE""], [""NONE""], [""NONE""], [""NONE""], [""NONE""], [""NONE""], [""NONE""], [""NONE""], [""NONE""], [""NONE""], [""NONE""], [""NONE""], [""NONE""], [""NONE""], [""NONE""], [""NONE""], [""NONE""], [""NONE""], [""NONE""], [""NONE""], [""NONE""], [""NONE""], [""NONE""], [""NONE""], [""NONE""], [""NONE""], [""NONE""], [""NONE""], [""NONE""], [""NONE""], [""NONE""], [""NONE""]]",1
9385378,"[[150, 157]]",MPS IVA,Mucopolysaccharidosis IVA,['OMIM:253000'],9385378.3,"150,157","[[""MESH:D009085""], [""OMIM:253000""], [""OMIM:253010""], [""NONE""], [""NONE""], [""NONE""], [""NONE""], [""NONE""], [""NONE""], [""NONE""], [""NONE""], [""NONE""], [""NONE""], [""NONE""], [""NONE""], [""NONE""], [""NONE""], [""NONE""], [""NONE""], [""NONE""], [""NONE""], [""NONE""], [""NONE""], [""NONE""], [""NONE""], [""NONE""], [""NONE""], [""NONE""], [""NONE""], [""NONE""], [""NONE""], [""NONE""], [""NONE""], [""NONE""], [""NONE""], [""NONE""], [""NONE""], [""NONE""], [""NONE""]]",1
9385378,"[[165, 211]]",autosomal recessive lysosomal storage disorder,autosomal recessive lysosomal storage disorder,['MESH:D016464'],9385378.4,"165,211","[[""MESH:D016464""], [""MESH:C536411""], [""OMIM:256540""], [""MESH:D052120""], [""OMIM:300257""], [""MESH:D020140""], [""MESH:C536631""], [""OMIM:609241""], [""OMIM:609242""], [""MESH:C565538""], [""NONE""], [""NONE""], [""NONE""], [""NONE""], [""NONE""], [""NONE""], [""NONE""], [""NONE""], [""NONE""], [""NONE""], [""NONE""], [""NONE""], [""NONE""], [""NONE""], [""NONE""], [""NONE""], [""NONE""], [""NONE""], [""NONE""], [""NONE""], [""NONE""], [""NONE""], [""NONE""], [""NONE""], [""NONE""], [""NONE""], [""NONE""], [""NONE""], [""NONE""]]",0
9385378,"[[224, 238]]",genetic defect,genetic defect,['MESH:D030342'],9385378.5,"224,238","[[""MESH:D030342""], [""NONE""], [""NONE""], [""NONE""], [""NONE""], [""NONE""], [""NONE""], [""NONE""], [""NONE""], [""NONE""], [""NONE""], [""NONE""], [""NONE""], [""NONE""], [""NONE""], [""NONE""], [""NONE""], [""NONE""], [""NONE""], [""NONE""], [""NONE""], [""NONE""], [""NONE""], [""NONE""], [""NONE""], [""NONE""], [""NONE""], [""NONE""], [""NONE""], [""NONE""], [""NONE""], [""NONE""], [""NONE""], [""NONE""], [""NONE""], [""NONE""], [""NONE""], [""NONE""], [""NONE""]]",0
9385378,"[[498, 505]]",MPS IVA,Mucopolysaccharidosis IVA,['OMIM:253000'],9385378.6,"498,505","[[""MESH:D009085""], [""OMIM:253000""], [""OMIM:253010""], [""NONE""], [""NONE""], [""NONE""], [""NONE""], [""NONE""], [""NONE""], [""NONE""], [""NONE""], [""NONE""], [""NONE""], [""NONE""], [""NONE""], [""NONE""], [""NONE""], [""NONE""], [""NONE""], [""NONE""], [""NONE""], [""NONE""], [""NONE""], [""NONE""], [""NONE""], [""NONE""], [""NONE""], [""NONE""], [""NONE""], [""NONE""], [""NONE""], [""NONE""], [""NONE""], [""NONE""], [""NONE""], [""NONE""], [""NONE""], [""NONE""], [""NONE""]]",1
9385378,"[[772, 779]]",MPS IVA,Mucopolysaccharidosis IVA,['OMIM:253000'],9385378.7,"772,779","[[""MESH:D009085""], [""OMIM:253000""], [""OMIM:253010""], [""NONE""], [""NONE""], [""NONE""], [""NONE""], [""NONE""], [""NONE""], [""NONE""], [""NONE""], [""NONE""], [""NONE""], [""NONE""], [""NONE""], [""NONE""], [""NONE""], [""NONE""], [""NONE""], [""NONE""], [""NONE""], [""NONE""], [""NONE""], [""NONE""], [""NONE""], [""NONE""], [""NONE""], [""NONE""], [""NONE""], [""NONE""], [""NONE""], [""NONE""], [""NONE""], [""NONE""], [""NONE""], [""NONE""], [""NONE""], [""NONE""], [""NONE""]]",1
9391879,"[[55, 76]]",breast/ovarian cancer,breast/ovarian cancer,['MESH:D061325'],9391879.1,"55,76","[[""MESH:D061325""], [""MESH:D001943""], [""OMIM:114480""], [""OMIM:604370""], [""OMIM:613399""], [""OMIM:612555""], [""MESH:D010051""], [""OMIM:167000""], [""OMIM:607893""], [""NONE""], [""NONE""], [""NONE""], [""NONE""], [""NONE""], [""NONE""], [""NONE""], [""NONE""], [""NONE""], [""NONE""], [""NONE""], [""NONE""], [""NONE""], [""NONE""], [""NONE""], [""NONE""], [""NONE""], [""NONE""], [""NONE""], [""NONE""], [""NONE""], [""NONE""], [""NONE""], [""NONE""], [""NONE""], [""NONE""], [""NONE""], [""NONE""], [""NONE""], [""NONE""]]",0
9391879,"[[127, 148]]",breast/ovarian cancer,breast/ovarian cancer,['MESH:D061325'],9391879.2,"127,148","[[""MESH:D061325""], [""MESH:D001943""], [""OMIM:114480""], [""OMIM:604370""], [""OMIM:613399""], [""OMIM:612555""], [""MESH:D010051""], [""OMIM:167000""], [""OMIM:607893""], [""NONE""], [""NONE""], [""NONE""], [""NONE""], [""NONE""], [""NONE""], [""NONE""], [""NONE""], [""NONE""], [""NONE""], [""NONE""], [""NONE""], [""NONE""], [""NONE""], [""NONE""], [""NONE""], [""NONE""], [""NONE""], [""NONE""], [""NONE""], [""NONE""], [""NONE""], [""NONE""], [""NONE""], [""NONE""], [""NONE""], [""NONE""], [""NONE""], [""NONE""], [""NONE""]]",0
9391879,"[[247, 260]]",breast cancer,breast cancer,['MESH:D001943'],9391879.3,"247,260","[[""MESH:D001943""], [""OMIM:114480""], [""NONE""], [""NONE""], [""NONE""], [""NONE""], [""NONE""], [""NONE""], [""NONE""], [""NONE""], [""NONE""], [""NONE""], [""NONE""], [""NONE""], [""NONE""], [""NONE""], [""NONE""], [""NONE""], [""NONE""], [""NONE""], [""NONE""], [""NONE""], [""NONE""], [""NONE""], [""NONE""], [""NONE""], [""NONE""], [""NONE""], [""NONE""], [""NONE""], [""NONE""], [""NONE""], [""NONE""], [""NONE""], [""NONE""], [""NONE""], [""NONE""], [""NONE""], [""NONE""]]",0
9391879,"[[281, 302]]",breast-ovarian cancer,breast-ovarian cancer,['MESH:D061325'],9391879.4,"281,302","[[""MESH:D061325""], [""OMIM:604370""], [""OMIM:613399""], [""MESH:D001943""], [""OMIM:114480""], [""OMIM:612555""], [""MESH:C562840""], [""OMIM:614291""], [""NONE""], [""NONE""], [""NONE""], [""NONE""], [""NONE""], [""NONE""], [""NONE""], [""NONE""], [""NONE""], [""NONE""], [""NONE""], [""NONE""], [""NONE""], [""NONE""], [""NONE""], [""NONE""], [""NONE""], [""NONE""], [""NONE""], [""NONE""], [""NONE""], [""NONE""], [""NONE""], [""NONE""], [""NONE""], [""NONE""], [""NONE""], [""NONE""], [""NONE""], [""NONE""], [""NONE""]]",0
9391879,"[[835, 856]]",breast/ovarian cancer,breast/ovarian cancer,['MESH:D061325'],9391879.5,"835,856","[[""MESH:D061325""], [""MESH:D001943""], [""OMIM:114480""], [""OMIM:604370""], [""OMIM:613399""], [""OMIM:612555""], [""MESH:D010051""], [""OMIM:167000""], [""OMIM:607893""], [""NONE""], [""NONE""], [""NONE""], [""NONE""], [""NONE""], [""NONE""], [""NONE""], [""NONE""], [""NONE""], [""NONE""], [""NONE""], [""NONE""], [""NONE""], [""NONE""], [""NONE""], [""NONE""], [""NONE""], [""NONE""], [""NONE""], [""NONE""], [""NONE""], [""NONE""], [""NONE""], [""NONE""], [""NONE""], [""NONE""], [""NONE""], [""NONE""], [""NONE""], [""NONE""]]",0
9391889,"[[25, 54]]",congenital myotonic dystrophy,congenital myotonic dystrophy,['MESH:D009223'],9391889.1,"25,54","[[""MESH:D009223""], [""OMIM:160900""], [""OMIM:602668""], [""NONE""], [""NONE""], [""NONE""], [""NONE""], [""NONE""], [""NONE""], [""NONE""], [""NONE""], [""NONE""], [""NONE""], [""NONE""], [""NONE""], [""NONE""], [""NONE""], [""NONE""], [""NONE""], [""NONE""], [""NONE""], [""NONE""], [""NONE""], [""NONE""], [""NONE""], [""NONE""], [""NONE""], [""NONE""], [""NONE""], [""NONE""], [""NONE""], [""NONE""], [""NONE""], [""NONE""], [""NONE""], [""NONE""], [""NONE""], [""NONE""], [""NONE""]]",0
9391889,"[[104, 133]]",congenital myotonic dystrophy,congenital myotonic dystrophy,['MESH:D009223'],9391889.2,"104,133","[[""MESH:D009223""], [""OMIM:160900""], [""OMIM:602668""], [""NONE""], [""NONE""], [""NONE""], [""NONE""], [""NONE""], [""NONE""], [""NONE""], [""NONE""], [""NONE""], [""NONE""], [""NONE""], [""NONE""], [""NONE""], [""NONE""], [""NONE""], [""NONE""], [""NONE""], [""NONE""], [""NONE""], [""NONE""], [""NONE""], [""NONE""], [""NONE""], [""NONE""], [""NONE""], [""NONE""], [""NONE""], [""NONE""], [""NONE""], [""NONE""], [""NONE""], [""NONE""], [""NONE""], [""NONE""], [""NONE""], [""NONE""]]",0
9391889,"[[135, 137]]",DM,DM,['MESH:D009223'],9391889.3,"135,137","[[""MESH:D009223""], [""OMIM:160900""], [""OMIM:602668""], [""MESH:D003920""], [""MESH:C535726""], [""OMIM:223800""], [""MESH:C563322""], [""OMIM:601410""], [""MESH:D003924""], [""OMIM:125853""], [""NONE""], [""NONE""], [""NONE""], [""NONE""], [""NONE""], [""NONE""], [""NONE""], [""NONE""], [""NONE""], [""NONE""], [""NONE""], [""NONE""], [""NONE""], [""NONE""], [""NONE""], [""NONE""], [""NONE""], [""NONE""], [""NONE""], [""NONE""], [""NONE""], [""NONE""], [""NONE""], [""NONE""], [""NONE""], [""NONE""], [""NONE""], [""NONE""], [""NONE""]]",0
9391889,"[[170, 187]]",mentally retarded,mentally retarded,['MESH:D008607'],9391889.4,"170,187","[[""MESH:D008607""], [""NONE""], [""NONE""], [""NONE""], [""NONE""], [""NONE""], [""NONE""], [""NONE""], [""NONE""], [""NONE""], [""NONE""], [""NONE""], [""NONE""], [""NONE""], [""NONE""], [""NONE""], [""NONE""], [""NONE""], [""NONE""], [""NONE""], [""NONE""], [""NONE""], [""NONE""], [""NONE""], [""NONE""], [""NONE""], [""NONE""], [""NONE""], [""NONE""], [""NONE""], [""NONE""], [""NONE""], [""NONE""], [""NONE""], [""NONE""], [""NONE""], [""NONE""], [""NONE""], [""NONE""]]",0
9391889,"[[212, 229]]",muscular weakness,muscular weakness,['MESH:D018908'],9391889.5,"212,229","[[""MESH:D018908""], [""MESH:D010291""], [""NONE""], [""NONE""], [""NONE""], [""NONE""], [""NONE""], [""NONE""], [""NONE""], [""NONE""], [""NONE""], [""NONE""], [""NONE""], [""NONE""], [""NONE""], [""NONE""], [""NONE""], [""NONE""], [""NONE""], [""NONE""], [""NONE""], [""NONE""], [""NONE""], [""NONE""], [""NONE""], [""NONE""], [""NONE""], [""NONE""], [""NONE""], [""NONE""], [""NONE""], [""NONE""], [""NONE""], [""NONE""], [""NONE""], [""NONE""], [""NONE""], [""NONE""], [""NONE""]]",0
9391889,"[[337, 339]]",DM,DM,['MESH:D009223'],9391889.6,"337,339","[[""MESH:D009223""], [""OMIM:160900""], [""OMIM:602668""], [""MESH:D003920""], [""MESH:C535726""], [""OMIM:223800""], [""MESH:C563322""], [""OMIM:601410""], [""MESH:D003924""], [""OMIM:125853""], [""NONE""], [""NONE""], [""NONE""], [""NONE""], [""NONE""], [""NONE""], [""NONE""], [""NONE""], [""NONE""], [""NONE""], [""NONE""], [""NONE""], [""NONE""], [""NONE""], [""NONE""], [""NONE""], [""NONE""], [""NONE""], [""NONE""], [""NONE""], [""NONE""], [""NONE""], [""NONE""], [""NONE""], [""NONE""], [""NONE""], [""NONE""], [""NONE""], [""NONE""]]",0
9391889,"[[381, 383]]",DM,DM,['MESH:D009223'],9391889.7,"381,383","[[""MESH:D009223""], [""OMIM:160900""], [""OMIM:602668""], [""MESH:D003920""], [""MESH:C535726""], [""OMIM:223800""], [""MESH:C563322""], [""OMIM:601410""], [""MESH:D003924""], [""OMIM:125853""], [""NONE""], [""NONE""], [""NONE""], [""NONE""], [""NONE""], [""NONE""], [""NONE""], [""NONE""], [""NONE""], [""NONE""], [""NONE""], [""NONE""], [""NONE""], [""NONE""], [""NONE""], [""NONE""], [""NONE""], [""NONE""], [""NONE""], [""NONE""], [""NONE""], [""NONE""], [""NONE""], [""NONE""], [""NONE""], [""NONE""], [""NONE""], [""NONE""], [""NONE""]]",0
9391889,"[[462, 475]]",congenital DM,congenital DM,['MESH:D009223'],9391889.8,"462,475","[[""MESH:D009223""], [""OMIM:160900""], [""OMIM:602668""], [""MESH:C535726""], [""OMIM:223800""], [""MESH:C563425""], [""OMIM:606176""], [""NONE""], [""NONE""], [""NONE""], [""NONE""], [""NONE""], [""NONE""], [""NONE""], [""NONE""], [""NONE""], [""NONE""], [""NONE""], [""NONE""], [""NONE""], [""NONE""], [""NONE""], [""NONE""], [""NONE""], [""NONE""], [""NONE""], [""NONE""], [""NONE""], [""NONE""], [""NONE""], [""NONE""], [""NONE""], [""NONE""], [""NONE""], [""NONE""], [""NONE""], [""NONE""], [""NONE""], [""NONE""]]",0
9391889,"[[558, 571]]",congenital DM,congenital DM,['MESH:D009223'],9391889.9,"558,571","[[""MESH:D009223""], [""OMIM:160900""], [""OMIM:602668""], [""MESH:C535726""], [""OMIM:223800""], [""MESH:C563425""], [""OMIM:606176""], [""NONE""], [""NONE""], [""NONE""], [""NONE""], [""NONE""], [""NONE""], [""NONE""], [""NONE""], [""NONE""], [""NONE""], [""NONE""], [""NONE""], [""NONE""], [""NONE""], [""NONE""], [""NONE""], [""NONE""], [""NONE""], [""NONE""], [""NONE""], [""NONE""], [""NONE""], [""NONE""], [""NONE""], [""NONE""], [""NONE""], [""NONE""], [""NONE""], [""NONE""], [""NONE""], [""NONE""], [""NONE""]]",0
9391889,"[[619, 621]]",DM,DM,['MESH:D009223'],9391889.10,"619,621","[[""MESH:D009223""], [""OMIM:160900""], [""OMIM:602668""], [""MESH:D003920""], [""MESH:C535726""], [""OMIM:223800""], [""MESH:C563322""], [""OMIM:601410""], [""MESH:D003924""], [""OMIM:125853""], [""NONE""], [""NONE""], [""NONE""], [""NONE""], [""NONE""], [""NONE""], [""NONE""], [""NONE""], [""NONE""], [""NONE""], [""NONE""], [""NONE""], [""NONE""], [""NONE""], [""NONE""], [""NONE""], [""NONE""], [""NONE""], [""NONE""], [""NONE""], [""NONE""], [""NONE""], [""NONE""], [""NONE""], [""NONE""], [""NONE""], [""NONE""], [""NONE""], [""NONE""]]",0
9391889,"[[746, 759]]",congenital DM,congenital DM,['MESH:D009223'],9391889.11,"746,759","[[""MESH:D009223""], [""OMIM:160900""], [""OMIM:602668""], [""MESH:C535726""], [""OMIM:223800""], [""MESH:C563425""], [""OMIM:606176""], [""NONE""], [""NONE""], [""NONE""], [""NONE""], [""NONE""], [""NONE""], [""NONE""], [""NONE""], [""NONE""], [""NONE""], [""NONE""], [""NONE""], [""NONE""], [""NONE""], [""NONE""], [""NONE""], [""NONE""], [""NONE""], [""NONE""], [""NONE""], [""NONE""], [""NONE""], [""NONE""], [""NONE""], [""NONE""], [""NONE""], [""NONE""], [""NONE""], [""NONE""], [""NONE""], [""NONE""], [""NONE""]]",0
9391889,"[[946, 959]]",congenital DM,congenital DM,['MESH:D009223'],9391889.12,"946,959","[[""MESH:D009223""], [""OMIM:160900""], [""OMIM:602668""], [""MESH:C535726""], [""OMIM:223800""], [""MESH:C563425""], [""OMIM:606176""], [""NONE""], [""NONE""], [""NONE""], [""NONE""], [""NONE""], [""NONE""], [""NONE""], [""NONE""], [""NONE""], [""NONE""], [""NONE""], [""NONE""], [""NONE""], [""NONE""], [""NONE""], [""NONE""], [""NONE""], [""NONE""], [""NONE""], [""NONE""], [""NONE""], [""NONE""], [""NONE""], [""NONE""], [""NONE""], [""NONE""], [""NONE""], [""NONE""], [""NONE""], [""NONE""], [""NONE""], [""NONE""]]",0
9391889,"[[1003, 1016]]",congenital DM,congenital DM,['MESH:D009223'],9391889.13,"1003,1016","[[""MESH:D009223""], [""OMIM:160900""], [""OMIM:602668""], [""MESH:C535726""], [""OMIM:223800""], [""MESH:C563425""], [""OMIM:606176""], [""NONE""], [""NONE""], [""NONE""], [""NONE""], [""NONE""], [""NONE""], [""NONE""], [""NONE""], [""NONE""], [""NONE""], [""NONE""], [""NONE""], [""NONE""], [""NONE""], [""NONE""], [""NONE""], [""NONE""], [""NONE""], [""NONE""], [""NONE""], [""NONE""], [""NONE""], [""NONE""], [""NONE""], [""NONE""], [""NONE""], [""NONE""], [""NONE""], [""NONE""], [""NONE""], [""NONE""], [""NONE""]]",0
9391889,"[[1065, 1067]]",DM,DM,['MESH:D009223'],9391889.14,"1065,1067","[[""MESH:D009223""], [""OMIM:160900""], [""OMIM:602668""], [""MESH:D003920""], [""MESH:C535726""], [""OMIM:223800""], [""MESH:C563322""], [""OMIM:601410""], [""MESH:D003924""], [""OMIM:125853""], [""NONE""], [""NONE""], [""NONE""], [""NONE""], [""NONE""], [""NONE""], [""NONE""], [""NONE""], [""NONE""], [""NONE""], [""NONE""], [""NONE""], [""NONE""], [""NONE""], [""NONE""], [""NONE""], [""NONE""], [""NONE""], [""NONE""], [""NONE""], [""NONE""], [""NONE""], [""NONE""], [""NONE""], [""NONE""], [""NONE""], [""NONE""], [""NONE""], [""NONE""]]",0
9400934,"[[38, 73]]",ectopic intracranial retinoblastoma,ectopic intracranial retinoblastoma,['MESH:D012175'],9400934.1,"38,73","[[""MESH:D012175""], [""OMIM:180200""], [""NONE""], [""NONE""], [""NONE""], [""NONE""], [""NONE""], [""NONE""], [""NONE""], [""NONE""], [""NONE""], [""NONE""], [""NONE""], [""NONE""], [""NONE""], [""NONE""], [""NONE""], [""NONE""], [""NONE""], [""NONE""], [""NONE""], [""NONE""], [""NONE""], [""NONE""], [""NONE""], [""NONE""], [""NONE""], [""NONE""], [""NONE""], [""NONE""], [""NONE""], [""NONE""], [""NONE""], [""NONE""], [""NONE""], [""NONE""], [""NONE""], [""NONE""], [""NONE""]]",0
9400934,"[[130, 165]]",ectopic intracranial retinoblastoma,ectopic intracranial retinoblastoma,['MESH:D012175'],9400934.2,"130,165","[[""MESH:D012175""], [""OMIM:180200""], [""NONE""], [""NONE""], [""NONE""], [""NONE""], [""NONE""], [""NONE""], [""NONE""], [""NONE""], [""NONE""], [""NONE""], [""NONE""], [""NONE""], [""NONE""], [""NONE""], [""NONE""], [""NONE""], [""NONE""], [""NONE""], [""NONE""], [""NONE""], [""NONE""], [""NONE""], [""NONE""], [""NONE""], [""NONE""], [""NONE""], [""NONE""], [""NONE""], [""NONE""], [""NONE""], [""NONE""], [""NONE""], [""NONE""], [""NONE""], [""NONE""], [""NONE""], [""NONE""]]",0
9400934,"[[199, 225]]",pineal and retinal tumours,pineal and retinal tumours,"['MESH:D019572', 'MESH:D010871']",9400934.3,"199,225","[[""MESH:D010871""], [""NONE""], [""NONE""], [""NONE""], [""NONE""], [""NONE""], [""NONE""], [""NONE""], [""NONE""], [""NONE""], [""NONE""], [""NONE""], [""NONE""], [""NONE""], [""NONE""], [""NONE""], [""NONE""], [""NONE""], [""NONE""], [""NONE""], [""NONE""], [""NONE""], [""NONE""], [""NONE""], [""NONE""], [""NONE""], [""NONE""], [""NONE""], [""NONE""], [""NONE""], [""NONE""], [""NONE""], [""NONE""], [""NONE""], [""NONE""], [""NONE""], [""NONE""], [""NONE""], [""NONE""]]",0
9400934,"[[350, 380]]",retinal and the pineal tumours,retinal and the pineal tumours,"['MESH:D019572', 'MESH:D010871']",9400934.4,"350,380","[[""MESH:D017600""], [""MESH:D010871""], [""NONE""], [""NONE""], [""NONE""], [""NONE""], [""NONE""], [""NONE""], [""NONE""], [""NONE""], [""NONE""], [""NONE""], [""NONE""], [""NONE""], [""NONE""], [""NONE""], [""NONE""], [""NONE""], [""NONE""], [""NONE""], [""NONE""], [""NONE""], [""NONE""], [""NONE""], [""NONE""], [""NONE""], [""NONE""], [""NONE""], [""NONE""], [""NONE""], [""NONE""], [""NONE""], [""NONE""], [""NONE""], [""NONE""], [""NONE""], [""NONE""], [""NONE""], [""NONE""]]",1
9400934,"[[753, 767]]",retinoblastoma,retinoblastoma,['MESH:D012175'],9400934.5,"753,767","[[""MESH:D012175""], [""OMIM:180200""], [""NONE""], [""NONE""], [""NONE""], [""NONE""], [""NONE""], [""NONE""], [""NONE""], [""NONE""], [""NONE""], [""NONE""], [""NONE""], [""NONE""], [""NONE""], [""NONE""], [""NONE""], [""NONE""], [""NONE""], [""NONE""], [""NONE""], [""NONE""], [""NONE""], [""NONE""], [""NONE""], [""NONE""], [""NONE""], [""NONE""], [""NONE""], [""NONE""], [""NONE""], [""NONE""], [""NONE""], [""NONE""], [""NONE""], [""NONE""], [""NONE""], [""NONE""], [""NONE""]]",0
941901,"[[202, 210]]",melanoma,melanoma,['MESH:D008545'],941901.1,"202,210","[[""MESH:D008545""], [""OMIM:155600""], [""MESH:C562393""], [""MESH:D018326""], [""NONE""], [""NONE""], [""NONE""], [""NONE""], [""NONE""], [""NONE""], [""NONE""], [""NONE""], [""NONE""], [""NONE""], [""NONE""], [""NONE""], [""NONE""], [""NONE""], [""NONE""], [""NONE""], [""NONE""], [""NONE""], [""NONE""], [""NONE""], [""NONE""], [""NONE""], [""NONE""], [""NONE""], [""NONE""], [""NONE""], [""NONE""], [""NONE""], [""NONE""], [""NONE""], [""NONE""], [""NONE""], [""NONE""], [""NONE""], [""NONE""]]",0
941901,"[[273, 292]]",deficiency of hex A,deficiency of hex A,['MESH:D013661'],941901.2,"273,292","[[""MESH:D013661""], [""OMIM:272800""], [""MESH:C564783""], [""MESH:D049290""], [""OMIM:272750""], [""NONE""], [""NONE""], [""NONE""], [""NONE""], [""NONE""], [""NONE""], [""NONE""], [""NONE""], [""NONE""], [""NONE""], [""NONE""], [""NONE""], [""NONE""], [""NONE""], [""NONE""], [""NONE""], [""NONE""], [""NONE""], [""NONE""], [""NONE""], [""NONE""], [""NONE""], [""NONE""], [""NONE""], [""NONE""], [""NONE""], [""NONE""], [""NONE""], [""NONE""], [""NONE""], [""NONE""], [""NONE""], [""NONE""], [""NONE""]]",0
941901,"[[347, 364]]",Tay-Sachs disease,Tay-Sachs disease,['MESH:D013661'],941901.3,"347,364","[[""MESH:D013661""], [""OMIM:272800""], [""MESH:C564782""], [""MESH:D049290""], [""OMIM:272750""], [""NONE""], [""NONE""], [""NONE""], [""NONE""], [""NONE""], [""NONE""], [""NONE""], [""NONE""], [""NONE""], [""NONE""], [""NONE""], [""NONE""], [""NONE""], [""NONE""], [""NONE""], [""NONE""], [""NONE""], [""NONE""], [""NONE""], [""NONE""], [""NONE""], [""NONE""], [""NONE""], [""NONE""], [""NONE""], [""NONE""], [""NONE""], [""NONE""], [""NONE""], [""NONE""], [""NONE""], [""NONE""], [""NONE""], [""NONE""]]",0
941901,"[[366, 369]]",TSD,Tay-Sachs disease,['MESH:D013661'],941901.4,"366,369","[[""MESH:D013661""], [""OMIM:272800""], [""MESH:C564782""], [""MESH:D049290""], [""OMIM:272750""], [""NONE""], [""NONE""], [""NONE""], [""NONE""], [""NONE""], [""NONE""], [""NONE""], [""NONE""], [""NONE""], [""NONE""], [""NONE""], [""NONE""], [""NONE""], [""NONE""], [""NONE""], [""NONE""], [""NONE""], [""NONE""], [""NONE""], [""NONE""], [""NONE""], [""NONE""], [""NONE""], [""NONE""], [""NONE""], [""NONE""], [""NONE""], [""NONE""], [""NONE""], [""NONE""], [""NONE""], [""NONE""], [""NONE""], [""NONE""]]",0
941901,"[[738, 741]]",TSD,Tay-Sachs disease,['MESH:D013661'],941901.5,"738,741","[[""MESH:D013661""], [""OMIM:272800""], [""MESH:C564782""], [""MESH:D049290""], [""OMIM:272750""], [""NONE""], [""NONE""], [""NONE""], [""NONE""], [""NONE""], [""NONE""], [""NONE""], [""NONE""], [""NONE""], [""NONE""], [""NONE""], [""NONE""], [""NONE""], [""NONE""], [""NONE""], [""NONE""], [""NONE""], [""NONE""], [""NONE""], [""NONE""], [""NONE""], [""NONE""], [""NONE""], [""NONE""], [""NONE""], [""NONE""], [""NONE""], [""NONE""], [""NONE""], [""NONE""], [""NONE""], [""NONE""], [""NONE""], [""NONE""]]",0
941901,"[[972, 975]]",TSD,Tay-Sachs disease,['MESH:D013661'],941901.6,"972,975","[[""MESH:D013661""], [""OMIM:272800""], [""MESH:C564782""], [""MESH:D049290""], [""OMIM:272750""], [""NONE""], [""NONE""], [""NONE""], [""NONE""], [""NONE""], [""NONE""], [""NONE""], [""NONE""], [""NONE""], [""NONE""], [""NONE""], [""NONE""], [""NONE""], [""NONE""], [""NONE""], [""NONE""], [""NONE""], [""NONE""], [""NONE""], [""NONE""], [""NONE""], [""NONE""], [""NONE""], [""NONE""], [""NONE""], [""NONE""], [""NONE""], [""NONE""], [""NONE""], [""NONE""], [""NONE""], [""NONE""], [""NONE""], [""NONE""]]",0
941901,"[[1114, 1117]]",TSD,Tay-Sachs disease,['MESH:D013661'],941901.7,"1114,1117","[[""MESH:D013661""], [""OMIM:272800""], [""MESH:C564782""], [""MESH:D049290""], [""OMIM:272750""], [""NONE""], [""NONE""], [""NONE""], [""NONE""], [""NONE""], [""NONE""], [""NONE""], [""NONE""], [""NONE""], [""NONE""], [""NONE""], [""NONE""], [""NONE""], [""NONE""], [""NONE""], [""NONE""], [""NONE""], [""NONE""], [""NONE""], [""NONE""], [""NONE""], [""NONE""], [""NONE""], [""NONE""], [""NONE""], [""NONE""], [""NONE""], [""NONE""], [""NONE""], [""NONE""], [""NONE""], [""NONE""], [""NONE""], [""NONE""]]",0
941901,"[[1151, 1167]]",hex A deficiency,hex A deficiency,['MESH:D013661'],941901.8,"1151,1167","[[""MESH:D013661""], [""OMIM:272800""], [""MESH:C564783""], [""OMIM:235700""], [""NONE""], [""NONE""], [""NONE""], [""NONE""], [""NONE""], [""NONE""], [""NONE""], [""NONE""], [""NONE""], [""NONE""], [""NONE""], [""NONE""], [""NONE""], [""NONE""], [""NONE""], [""NONE""], [""NONE""], [""NONE""], [""NONE""], [""NONE""], [""NONE""], [""NONE""], [""NONE""], [""NONE""], [""NONE""], [""NONE""], [""NONE""], [""NONE""], [""NONE""], [""NONE""], [""NONE""], [""NONE""], [""NONE""], [""NONE""], [""NONE""]]",0
9420335,"[[4, 9]]",tumor,tumor,['MESH:D009369'],9420335.1,"4,9","[[""MESH:D009369""], [""MESH:D009371""], [""NONE""], [""NONE""], [""NONE""], [""NONE""], [""NONE""], [""NONE""], [""NONE""], [""NONE""], [""NONE""], [""NONE""], [""NONE""], [""NONE""], [""NONE""], [""NONE""], [""NONE""], [""NONE""], [""NONE""], [""NONE""], [""NONE""], [""NONE""], [""NONE""], [""NONE""], [""NONE""], [""NONE""], [""NONE""], [""NONE""], [""NONE""], [""NONE""], [""NONE""], [""NONE""], [""NONE""], [""NONE""], [""NONE""], [""NONE""], [""NONE""], [""NONE""], [""NONE""]]",0
9420335,"[[150, 155]]",tumor,tumor,['MESH:D009369'],9420335.2,"150,155","[[""MESH:D009369""], [""MESH:D009371""], [""NONE""], [""NONE""], [""NONE""], [""NONE""], [""NONE""], [""NONE""], [""NONE""], [""NONE""], [""NONE""], [""NONE""], [""NONE""], [""NONE""], [""NONE""], [""NONE""], [""NONE""], [""NONE""], [""NONE""], [""NONE""], [""NONE""], [""NONE""], [""NONE""], [""NONE""], [""NONE""], [""NONE""], [""NONE""], [""NONE""], [""NONE""], [""NONE""], [""NONE""], [""NONE""], [""NONE""], [""NONE""], [""NONE""], [""NONE""], [""NONE""], [""NONE""], [""NONE""]]",0
9420335,"[[254, 272]]",pancreatic cancers,pancreatic cancers,['MESH:D010190'],9420335.3,"254,272","[[""MESH:D010190""], [""OMIM:260350""], [""OMIM:606856""], [""OMIM:613347""], [""OMIM:613348""], [""OMIM:614320""], [""MESH:C562463""], [""NONE""], [""NONE""], [""NONE""], [""NONE""], [""NONE""], [""NONE""], [""NONE""], [""NONE""], [""NONE""], [""NONE""], [""NONE""], [""NONE""], [""NONE""], [""NONE""], [""NONE""], [""NONE""], [""NONE""], [""NONE""], [""NONE""], [""NONE""], [""NONE""], [""NONE""], [""NONE""], [""NONE""], [""NONE""], [""NONE""], [""NONE""], [""NONE""], [""NONE""], [""NONE""], [""NONE""], [""NONE""]]",0
9420335,"[[475, 493]]",Growth retardation,Growth retardation,['MESH:D005317'],9420335.4,"475,493","[[""MESH:D006130""], [""MESH:D005317""], [""MESH:D004392""], [""NONE""], [""NONE""], [""NONE""], [""NONE""], [""NONE""], [""NONE""], [""NONE""], [""NONE""], [""NONE""], [""NONE""], [""NONE""], [""NONE""], [""NONE""], [""NONE""], [""NONE""], [""NONE""], [""NONE""], [""NONE""], [""NONE""], [""NONE""], [""NONE""], [""NONE""], [""NONE""], [""NONE""], [""NONE""], [""NONE""], [""NONE""], [""NONE""], [""NONE""], [""NONE""], [""NONE""], [""NONE""], [""NONE""], [""NONE""], [""NONE""], [""NONE""]]",1
9425228,"[[52, 60]]",melanoma,melanoma,['MESH:D008545'],9425228.1,"52,60","[[""MESH:D008545""], [""OMIM:155600""], [""MESH:C562393""], [""MESH:D018326""], [""NONE""], [""NONE""], [""NONE""], [""NONE""], [""NONE""], [""NONE""], [""NONE""], [""NONE""], [""NONE""], [""NONE""], [""NONE""], [""NONE""], [""NONE""], [""NONE""], [""NONE""], [""NONE""], [""NONE""], [""NONE""], [""NONE""], [""NONE""], [""NONE""], [""NONE""], [""NONE""], [""NONE""], [""NONE""], [""NONE""], [""NONE""], [""NONE""], [""NONE""], [""NONE""], [""NONE""], [""NONE""], [""NONE""], [""NONE""], [""NONE""]]",0
9425228,"[[208, 216]]",melanoma,melanoma,['MESH:D008545'],9425228.3,"208,216","[[""MESH:D008545""], [""OMIM:155600""], [""MESH:C562393""], [""MESH:D018326""], [""NONE""], [""NONE""], [""NONE""], [""NONE""], [""NONE""], [""NONE""], [""NONE""], [""NONE""], [""NONE""], [""NONE""], [""NONE""], [""NONE""], [""NONE""], [""NONE""], [""NONE""], [""NONE""], [""NONE""], [""NONE""], [""NONE""], [""NONE""], [""NONE""], [""NONE""], [""NONE""], [""NONE""], [""NONE""], [""NONE""], [""NONE""], [""NONE""], [""NONE""], [""NONE""], [""NONE""], [""NONE""], [""NONE""], [""NONE""], [""NONE""]]",0
9425228,"[[321, 329]]",melanoma,melanoma,['MESH:D008545'],9425228.4,"321,329","[[""MESH:D008545""], [""OMIM:155600""], [""MESH:C562393""], [""MESH:D018326""], [""NONE""], [""NONE""], [""NONE""], [""NONE""], [""NONE""], [""NONE""], [""NONE""], [""NONE""], [""NONE""], [""NONE""], [""NONE""], [""NONE""], [""NONE""], [""NONE""], [""NONE""], [""NONE""], [""NONE""], [""NONE""], [""NONE""], [""NONE""], [""NONE""], [""NONE""], [""NONE""], [""NONE""], [""NONE""], [""NONE""], [""NONE""], [""NONE""], [""NONE""], [""NONE""], [""NONE""], [""NONE""], [""NONE""], [""NONE""], [""NONE""]]",0
9425228,"[[1010, 1018]]",melanoma,melanoma,['MESH:D008545'],9425228.6,"1010,1018","[[""MESH:D008545""], [""OMIM:155600""], [""MESH:C562393""], [""MESH:D018326""], [""NONE""], [""NONE""], [""NONE""], [""NONE""], [""NONE""], [""NONE""], [""NONE""], [""NONE""], [""NONE""], [""NONE""], [""NONE""], [""NONE""], [""NONE""], [""NONE""], [""NONE""], [""NONE""], [""NONE""], [""NONE""], [""NONE""], [""NONE""], [""NONE""], [""NONE""], [""NONE""], [""NONE""], [""NONE""], [""NONE""], [""NONE""], [""NONE""], [""NONE""], [""NONE""], [""NONE""], [""NONE""], [""NONE""], [""NONE""], [""NONE""]]",0
9425239,"[[77, 95]]",myotonic dystrophy,myotonic dystrophy,['MESH:D009223'],9425239.1,"77,95","[[""MESH:D009223""], [""OMIM:160900""], [""OMIM:602668""], [""NONE""], [""NONE""], [""NONE""], [""NONE""], [""NONE""], [""NONE""], [""NONE""], [""NONE""], [""NONE""], [""NONE""], [""NONE""], [""NONE""], [""NONE""], [""NONE""], [""NONE""], [""NONE""], [""NONE""], [""NONE""], [""NONE""], [""NONE""], [""NONE""], [""NONE""], [""NONE""], [""NONE""], [""NONE""], [""NONE""], [""NONE""], [""NONE""], [""NONE""], [""NONE""], [""NONE""], [""NONE""], [""NONE""], [""NONE""], [""NONE""], [""NONE""]]",0
9425239,"[[127, 145]]",myotonic dystrophy,myotonic dystrophy,['MESH:D009223'],9425239.2,"127,145","[[""MESH:D009223""], [""OMIM:160900""], [""OMIM:602668""], [""NONE""], [""NONE""], [""NONE""], [""NONE""], [""NONE""], [""NONE""], [""NONE""], [""NONE""], [""NONE""], [""NONE""], [""NONE""], [""NONE""], [""NONE""], [""NONE""], [""NONE""], [""NONE""], [""NONE""], [""NONE""], [""NONE""], [""NONE""], [""NONE""], [""NONE""], [""NONE""], [""NONE""], [""NONE""], [""NONE""], [""NONE""], [""NONE""], [""NONE""], [""NONE""], [""NONE""], [""NONE""], [""NONE""], [""NONE""], [""NONE""], [""NONE""]]",0
9425239,"[[147, 149]]",DM,DM,['MESH:D009223'],9425239.3,"147,149","[[""MESH:D009223""], [""OMIM:160900""], [""OMIM:602668""], [""MESH:D003920""], [""MESH:C535726""], [""OMIM:223800""], [""MESH:C563322""], [""OMIM:601410""], [""MESH:D003924""], [""OMIM:125853""], [""NONE""], [""NONE""], [""NONE""], [""NONE""], [""NONE""], [""NONE""], [""NONE""], [""NONE""], [""NONE""], [""NONE""], [""NONE""], [""NONE""], [""NONE""], [""NONE""], [""NONE""], [""NONE""], [""NONE""], [""NONE""], [""NONE""], [""NONE""], [""NONE""], [""NONE""], [""NONE""], [""NONE""], [""NONE""], [""NONE""], [""NONE""], [""NONE""], [""NONE""]]",0
9425239,"[[215, 217]]",DM,DM,['MESH:D009223'],9425239.4,"215,217","[[""MESH:D009223""], [""OMIM:160900""], [""OMIM:602668""], [""MESH:D003920""], [""MESH:C535726""], [""OMIM:223800""], [""MESH:C563322""], [""OMIM:601410""], [""MESH:D003924""], [""OMIM:125853""], [""NONE""], [""NONE""], [""NONE""], [""NONE""], [""NONE""], [""NONE""], [""NONE""], [""NONE""], [""NONE""], [""NONE""], [""NONE""], [""NONE""], [""NONE""], [""NONE""], [""NONE""], [""NONE""], [""NONE""], [""NONE""], [""NONE""], [""NONE""], [""NONE""], [""NONE""], [""NONE""], [""NONE""], [""NONE""], [""NONE""], [""NONE""], [""NONE""], [""NONE""]]",0
9425239,"[[293, 295]]",DM,DM,['MESH:D009223'],9425239.5,"293,295","[[""MESH:D009223""], [""OMIM:160900""], [""OMIM:602668""], [""MESH:D003920""], [""MESH:C535726""], [""OMIM:223800""], [""MESH:C563322""], [""OMIM:601410""], [""MESH:D003924""], [""OMIM:125853""], [""NONE""], [""NONE""], [""NONE""], [""NONE""], [""NONE""], [""NONE""], [""NONE""], [""NONE""], [""NONE""], [""NONE""], [""NONE""], [""NONE""], [""NONE""], [""NONE""], [""NONE""], [""NONE""], [""NONE""], [""NONE""], [""NONE""], [""NONE""], [""NONE""], [""NONE""], [""NONE""], [""NONE""], [""NONE""], [""NONE""], [""NONE""], [""NONE""], [""NONE""]]",0
9425239,"[[963, 965]]",DM,DM,['MESH:D009223'],9425239.6,"963,965","[[""MESH:D009223""], [""OMIM:160900""], [""OMIM:602668""], [""MESH:D003920""], [""MESH:C535726""], [""OMIM:223800""], [""MESH:C563322""], [""OMIM:601410""], [""MESH:D003924""], [""OMIM:125853""], [""NONE""], [""NONE""], [""NONE""], [""NONE""], [""NONE""], [""NONE""], [""NONE""], [""NONE""], [""NONE""], [""NONE""], [""NONE""], [""NONE""], [""NONE""], [""NONE""], [""NONE""], [""NONE""], [""NONE""], [""NONE""], [""NONE""], [""NONE""], [""NONE""], [""NONE""], [""NONE""], [""NONE""], [""NONE""], [""NONE""], [""NONE""], [""NONE""], [""NONE""]]",0
9425239,"[[1053, 1071]]",myotonic dystrophy,myotonic dystrophy,['MESH:D009223'],9425239.7,"1053,1071","[[""MESH:D009223""], [""OMIM:160900""], [""OMIM:602668""], [""NONE""], [""NONE""], [""NONE""], [""NONE""], [""NONE""], [""NONE""], [""NONE""], [""NONE""], [""NONE""], [""NONE""], [""NONE""], [""NONE""], [""NONE""], [""NONE""], [""NONE""], [""NONE""], [""NONE""], [""NONE""], [""NONE""], [""NONE""], [""NONE""], [""NONE""], [""NONE""], [""NONE""], [""NONE""], [""NONE""], [""NONE""], [""NONE""], [""NONE""], [""NONE""], [""NONE""], [""NONE""], [""NONE""], [""NONE""], [""NONE""], [""NONE""]]",0
9427148,"[[0, 22]]",Aspartylglucosaminuria,Aspartylglucosaminuria,['MESH:D054880'],9427148.1,"0,22","[[""MESH:D054880""], [""OMIM:208400""], [""MESH:C538402""], [""NONE""], [""NONE""], [""NONE""], [""NONE""], [""NONE""], [""NONE""], [""NONE""], [""NONE""], [""NONE""], [""NONE""], [""NONE""], [""NONE""], [""NONE""], [""NONE""], [""NONE""], [""NONE""], [""NONE""], [""NONE""], [""NONE""], [""NONE""], [""NONE""], [""NONE""], [""NONE""], [""NONE""], [""NONE""], [""NONE""], [""NONE""], [""NONE""], [""NONE""], [""NONE""], [""NONE""], [""NONE""], [""NONE""], [""NONE""], [""NONE""], [""NONE""]]",0
9427148,"[[48, 70]]",Aspartylglucosaminuria,Aspartylglucosaminuria,['MESH:D054880'],9427148.2,"48,70","[[""MESH:D054880""], [""OMIM:208400""], [""MESH:C538402""], [""NONE""], [""NONE""], [""NONE""], [""NONE""], [""NONE""], [""NONE""], [""NONE""], [""NONE""], [""NONE""], [""NONE""], [""NONE""], [""NONE""], [""NONE""], [""NONE""], [""NONE""], [""NONE""], [""NONE""], [""NONE""], [""NONE""], [""NONE""], [""NONE""], [""NONE""], [""NONE""], [""NONE""], [""NONE""], [""NONE""], [""NONE""], [""NONE""], [""NONE""], [""NONE""], [""NONE""], [""NONE""], [""NONE""], [""NONE""], [""NONE""], [""NONE""]]",0
9427148,"[[72, 75]]",AGU,Aspartylglucosaminuria,['MESH:D054880'],9427148.3,"72,75","[[""MESH:D054880""], [""OMIM:208400""], [""MESH:C538402""], [""NONE""], [""NONE""], [""NONE""], [""NONE""], [""NONE""], [""NONE""], [""NONE""], [""NONE""], [""NONE""], [""NONE""], [""NONE""], [""NONE""], [""NONE""], [""NONE""], [""NONE""], [""NONE""], [""NONE""], [""NONE""], [""NONE""], [""NONE""], [""NONE""], [""NONE""], [""NONE""], [""NONE""], [""NONE""], [""NONE""], [""NONE""], [""NONE""], [""NONE""], [""NONE""], [""NONE""], [""NONE""], [""NONE""], [""NONE""], [""NONE""], [""NONE""]]",0
9427148,"[[87, 122]]",disorder of glycoprotein metabolism,disorder of glycoprotein metabolism,['MESH:D008661'],9427148.4,"87,122","[[""MESH:D018981""], [""MESH:C565538""], [""MESH:D065606""], [""OMIM:615273""], [""MESH:C000626124""], [""MESH:D000014""], [""MESH:D008661""], [""NONE""], [""NONE""], [""NONE""], [""NONE""], [""NONE""], [""NONE""], [""NONE""], [""NONE""], [""NONE""], [""NONE""], [""NONE""], [""NONE""], [""NONE""], [""NONE""], [""NONE""], [""NONE""], [""NONE""], [""NONE""], [""NONE""], [""NONE""], [""NONE""], [""NONE""], [""NONE""], [""NONE""], [""NONE""], [""NONE""], [""NONE""], [""NONE""], [""NONE""], [""NONE""], [""NONE""], [""NONE""]]",6
9427148,"[[137, 195]]",deficiency of the lysosomal enzyme aspartylglucosaminidase,deficiency of the lysosomal enzyme aspartylglucosaminidase,['MESH:D054880'],9427148.5,"137,195","[[""MESH:C538402""], [""MESH:D054880""], [""OMIM:208400""], [""NONE""], [""NONE""], [""NONE""], [""NONE""], [""NONE""], [""NONE""], [""NONE""], [""NONE""], [""NONE""], [""NONE""], [""NONE""], [""NONE""], [""NONE""], [""NONE""], [""NONE""], [""NONE""], [""NONE""], [""NONE""], [""NONE""], [""NONE""], [""NONE""], [""NONE""], [""NONE""], [""NONE""], [""NONE""], [""NONE""], [""NONE""], [""NONE""], [""NONE""], [""NONE""], [""NONE""], [""NONE""], [""NONE""], [""NONE""], [""NONE""], [""NONE""]]",1
9427148,"[[203, 206]]",AGU,Aspartylglucosaminuria,['MESH:D054880'],9427148.6,"203,206","[[""MESH:D054880""], [""OMIM:208400""], [""MESH:C538402""], [""NONE""], [""NONE""], [""NONE""], [""NONE""], [""NONE""], [""NONE""], [""NONE""], [""NONE""], [""NONE""], [""NONE""], [""NONE""], [""NONE""], [""NONE""], [""NONE""], [""NONE""], [""NONE""], [""NONE""], [""NONE""], [""NONE""], [""NONE""], [""NONE""], [""NONE""], [""NONE""], [""NONE""], [""NONE""], [""NONE""], [""NONE""], [""NONE""], [""NONE""], [""NONE""], [""NONE""], [""NONE""], [""NONE""], [""NONE""], [""NONE""], [""NONE""]]",0
9427148,"[[354, 357]]",AGU,Aspartylglucosaminuria,['MESH:D054880'],9427148.7,"354,357","[[""MESH:D054880""], [""OMIM:208400""], [""MESH:C538402""], [""NONE""], [""NONE""], [""NONE""], [""NONE""], [""NONE""], [""NONE""], [""NONE""], [""NONE""], [""NONE""], [""NONE""], [""NONE""], [""NONE""], [""NONE""], [""NONE""], [""NONE""], [""NONE""], [""NONE""], [""NONE""], [""NONE""], [""NONE""], [""NONE""], [""NONE""], [""NONE""], [""NONE""], [""NONE""], [""NONE""], [""NONE""], [""NONE""], [""NONE""], [""NONE""], [""NONE""], [""NONE""], [""NONE""], [""NONE""], [""NONE""], [""NONE""]]",0
9427148,"[[559, 562]]",AGU,Aspartylglucosaminuria,['MESH:D054880'],9427148.8,"559,562","[[""MESH:D054880""], [""OMIM:208400""], [""MESH:C538402""], [""NONE""], [""NONE""], [""NONE""], [""NONE""], [""NONE""], [""NONE""], [""NONE""], [""NONE""], [""NONE""], [""NONE""], [""NONE""], [""NONE""], [""NONE""], [""NONE""], [""NONE""], [""NONE""], [""NONE""], [""NONE""], [""NONE""], [""NONE""], [""NONE""], [""NONE""], [""NONE""], [""NONE""], [""NONE""], [""NONE""], [""NONE""], [""NONE""], [""NONE""], [""NONE""], [""NONE""], [""NONE""], [""NONE""], [""NONE""], [""NONE""], [""NONE""]]",0
9439660,"[[42, 63]]",ataxia-telangiectasia,ataxia-telangiectasia,['MESH:D001260'],9439660.1,"42,63","[[""MESH:D001260""], [""OMIM:208900""], [""MESH:C565779""], [""OMIM:604391""], [""OMIM:615919""], [""MESH:C538013""], [""OMIM:208920""], [""MESH:D049932""], [""OMIM:251260""], [""NONE""], [""NONE""], [""NONE""], [""NONE""], [""NONE""], [""NONE""], [""NONE""], [""NONE""], [""NONE""], [""NONE""], [""NONE""], [""NONE""], [""NONE""], [""NONE""], [""NONE""], [""NONE""], [""NONE""], [""NONE""], [""NONE""], [""NONE""], [""NONE""], [""NONE""], [""NONE""], [""NONE""], [""NONE""], [""NONE""], [""NONE""], [""NONE""], [""NONE""], [""NONE""]]",0
9439660,"[[152, 173]]",ataxia-telangiectasia,ataxia-telangiectasia,['MESH:D001260'],9439660.2,"152,173","[[""MESH:D001260""], [""OMIM:208900""], [""MESH:C565779""], [""OMIM:604391""], [""OMIM:615919""], [""MESH:C538013""], [""OMIM:208920""], [""MESH:D049932""], [""OMIM:251260""], [""NONE""], [""NONE""], [""NONE""], [""NONE""], [""NONE""], [""NONE""], [""NONE""], [""NONE""], [""NONE""], [""NONE""], [""NONE""], [""NONE""], [""NONE""], [""NONE""], [""NONE""], [""NONE""], [""NONE""], [""NONE""], [""NONE""], [""NONE""], [""NONE""], [""NONE""], [""NONE""], [""NONE""], [""NONE""], [""NONE""], [""NONE""], [""NONE""], [""NONE""], [""NONE""]]",0
9439660,"[[175, 178]]",A-T,ataxia-telangiectasia,['MESH:D001260'],9439660.3,"175,178","[[""MESH:D001260""], [""OMIM:208900""], [""MESH:C565779""], [""OMIM:604391""], [""OMIM:615919""], [""MESH:C538013""], [""OMIM:208920""], [""MESH:D049932""], [""OMIM:251260""], [""NONE""], [""NONE""], [""NONE""], [""NONE""], [""NONE""], [""NONE""], [""NONE""], [""NONE""], [""NONE""], [""NONE""], [""NONE""], [""NONE""], [""NONE""], [""NONE""], [""NONE""], [""NONE""], [""NONE""], [""NONE""], [""NONE""], [""NONE""], [""NONE""], [""NONE""], [""NONE""], [""NONE""], [""NONE""], [""NONE""], [""NONE""], [""NONE""], [""NONE""], [""NONE""]]",0
9439660,"[[236, 264]]",autosomal recessive syndrome,autosomal recessive syndrome,['MESH:D030342'],9439660.4,"236,264","[[""MESH:C566739""], [""OMIM:178110""], [""MESH:D030342""], [""MESH:D002872""], [""MESH:C565285""], [""MESH:D010004""], [""OMIM:119900""], [""OMIM:259100""], [""OMIM:614441""], [""MESH:D012415""], [""OMIM:180849""], [""OMIM:613684""], [""NONE""], [""NONE""], [""NONE""], [""NONE""], [""NONE""], [""NONE""], [""NONE""], [""NONE""], [""NONE""], [""NONE""], [""NONE""], [""NONE""], [""NONE""], [""NONE""], [""NONE""], [""NONE""], [""NONE""], [""NONE""], [""NONE""], [""NONE""], [""NONE""], [""NONE""], [""NONE""], [""NONE""], [""NONE""], [""NONE""], [""NONE""]]",2
9439660,"[[381, 391]]",malignancy,malignancy,['MESH:D009369'],9439660.5,"381,391","[[""MESH:D009369""], [""MESH:D002277""], [""MESH:D000230""], [""NONE""], [""NONE""], [""NONE""], [""NONE""], [""NONE""], [""NONE""], [""NONE""], [""NONE""], [""NONE""], [""NONE""], [""NONE""], [""NONE""], [""NONE""], [""NONE""], [""NONE""], [""NONE""], [""NONE""], [""NONE""], [""NONE""], [""NONE""], [""NONE""], [""NONE""], [""NONE""], [""NONE""], [""NONE""], [""NONE""], [""NONE""], [""NONE""], [""NONE""], [""NONE""], [""NONE""], [""NONE""], [""NONE""], [""NONE""], [""NONE""], [""NONE""]]",0
9439660,"[[455, 458]]",A-T,ataxia-telangiectasia,['MESH:D001260'],9439660.6,"455,458","[[""MESH:D001260""], [""OMIM:208900""], [""MESH:C565779""], [""OMIM:604391""], [""OMIM:615919""], [""MESH:C538013""], [""OMIM:208920""], [""MESH:D049932""], [""OMIM:251260""], [""NONE""], [""NONE""], [""NONE""], [""NONE""], [""NONE""], [""NONE""], [""NONE""], [""NONE""], [""NONE""], [""NONE""], [""NONE""], [""NONE""], [""NONE""], [""NONE""], [""NONE""], [""NONE""], [""NONE""], [""NONE""], [""NONE""], [""NONE""], [""NONE""], [""NONE""], [""NONE""], [""NONE""], [""NONE""], [""NONE""], [""NONE""], [""NONE""], [""NONE""], [""NONE""]]",0
9439660,"[[470, 476]]",cancer,cancer,['MESH:D009369'],9439660.7,"470,476","[[""MESH:D009369""], [""MESH:D009371""], [""NONE""], [""NONE""], [""NONE""], [""NONE""], [""NONE""], [""NONE""], [""NONE""], [""NONE""], [""NONE""], [""NONE""], [""NONE""], [""NONE""], [""NONE""], [""NONE""], [""NONE""], [""NONE""], [""NONE""], [""NONE""], [""NONE""], [""NONE""], [""NONE""], [""NONE""], [""NONE""], [""NONE""], [""NONE""], [""NONE""], [""NONE""], [""NONE""], [""NONE""], [""NONE""], [""NONE""], [""NONE""], [""NONE""], [""NONE""], [""NONE""], [""NONE""], [""NONE""]]",0
9439660,"[[621, 624]]",A-T,ataxia-telangiectasia,['MESH:D001260'],9439660.8,"621,624","[[""MESH:D001260""], [""OMIM:208900""], [""MESH:C565779""], [""OMIM:604391""], [""OMIM:615919""], [""MESH:C538013""], [""OMIM:208920""], [""MESH:D049932""], [""OMIM:251260""], [""NONE""], [""NONE""], [""NONE""], [""NONE""], [""NONE""], [""NONE""], [""NONE""], [""NONE""], [""NONE""], [""NONE""], [""NONE""], [""NONE""], [""NONE""], [""NONE""], [""NONE""], [""NONE""], [""NONE""], [""NONE""], [""NONE""], [""NONE""], [""NONE""], [""NONE""], [""NONE""], [""NONE""], [""NONE""], [""NONE""], [""NONE""], [""NONE""], [""NONE""], [""NONE""]]",0
9439660,"[[647, 650]]",A-T,ataxia-telangiectasia,['MESH:D001260'],9439660.9,"647,650","[[""MESH:D001260""], [""OMIM:208900""], [""MESH:C565779""], [""OMIM:604391""], [""OMIM:615919""], [""MESH:C538013""], [""OMIM:208920""], [""MESH:D049932""], [""OMIM:251260""], [""NONE""], [""NONE""], [""NONE""], [""NONE""], [""NONE""], [""NONE""], [""NONE""], [""NONE""], [""NONE""], [""NONE""], [""NONE""], [""NONE""], [""NONE""], [""NONE""], [""NONE""], [""NONE""], [""NONE""], [""NONE""], [""NONE""], [""NONE""], [""NONE""], [""NONE""], [""NONE""], [""NONE""], [""NONE""], [""NONE""], [""NONE""], [""NONE""], [""NONE""], [""NONE""]]",0
9439660,"[[840, 843]]",A-T,ataxia-telangiectasia,['MESH:D001260'],9439660.10,"840,843","[[""MESH:D001260""], [""OMIM:208900""], [""MESH:C565779""], [""OMIM:604391""], [""OMIM:615919""], [""MESH:C538013""], [""OMIM:208920""], [""MESH:D049932""], [""OMIM:251260""], [""NONE""], [""NONE""], [""NONE""], [""NONE""], [""NONE""], [""NONE""], [""NONE""], [""NONE""], [""NONE""], [""NONE""], [""NONE""], [""NONE""], [""NONE""], [""NONE""], [""NONE""], [""NONE""], [""NONE""], [""NONE""], [""NONE""], [""NONE""], [""NONE""], [""NONE""], [""NONE""], [""NONE""], [""NONE""], [""NONE""], [""NONE""], [""NONE""], [""NONE""], [""NONE""]]",0
9439660,"[[1092, 1095]]",A-T,ataxia-telangiectasia,['MESH:D001260'],9439660.11,"1092,1095","[[""MESH:D001260""], [""OMIM:208900""], [""MESH:C565779""], [""OMIM:604391""], [""OMIM:615919""], [""MESH:C538013""], [""OMIM:208920""], [""MESH:D049932""], [""OMIM:251260""], [""NONE""], [""NONE""], [""NONE""], [""NONE""], [""NONE""], [""NONE""], [""NONE""], [""NONE""], [""NONE""], [""NONE""], [""NONE""], [""NONE""], [""NONE""], [""NONE""], [""NONE""], [""NONE""], [""NONE""], [""NONE""], [""NONE""], [""NONE""], [""NONE""], [""NONE""], [""NONE""], [""NONE""], [""NONE""], [""NONE""], [""NONE""], [""NONE""], [""NONE""], [""NONE""]]",0
9439660,"[[1199, 1228]]",familial and sporadic cancers,familial and sporadic cancers,['MESH:D009369'],9439660.12,"1199,1228","[[""MESH:D009369""], [""MESH:D009386""], [""MESH:D009378""], [""NONE""], [""NONE""], [""NONE""], [""NONE""], [""NONE""], [""NONE""], [""NONE""], [""NONE""], [""NONE""], [""NONE""], [""NONE""], [""NONE""], [""NONE""], [""NONE""], [""NONE""], [""NONE""], [""NONE""], [""NONE""], [""NONE""], [""NONE""], [""NONE""], [""NONE""], [""NONE""], [""NONE""], [""NONE""], [""NONE""], [""NONE""], [""NONE""], [""NONE""], [""NONE""], [""NONE""], [""NONE""], [""NONE""], [""NONE""], [""NONE""], [""NONE""]]",0
9439660,"[[1301, 1306]]",tumor,tumor,['MESH:D009369'],9439660.13,"1301,1306","[[""MESH:D009369""], [""MESH:D009371""], [""NONE""], [""NONE""], [""NONE""], [""NONE""], [""NONE""], [""NONE""], [""NONE""], [""NONE""], [""NONE""], [""NONE""], [""NONE""], [""NONE""], [""NONE""], [""NONE""], [""NONE""], [""NONE""], [""NONE""], [""NONE""], [""NONE""], [""NONE""], [""NONE""], [""NONE""], [""NONE""], [""NONE""], [""NONE""], [""NONE""], [""NONE""], [""NONE""], [""NONE""], [""NONE""], [""NONE""], [""NONE""], [""NONE""], [""NONE""], [""NONE""], [""NONE""], [""NONE""]]",0
9443866,"[[0, 21]]",Ataxia-telangiectasia,Ataxia-telangiectasia,['MESH:D001260'],9443866.1,"0,21","[[""MESH:D001260""], [""OMIM:208900""], [""MESH:C565779""], [""OMIM:604391""], [""OMIM:615919""], [""MESH:C538013""], [""OMIM:208920""], [""MESH:D049932""], [""OMIM:251260""], [""NONE""], [""NONE""], [""NONE""], [""NONE""], [""NONE""], [""NONE""], [""NONE""], [""NONE""], [""NONE""], [""NONE""], [""NONE""], [""NONE""], [""NONE""], [""NONE""], [""NONE""], [""NONE""], [""NONE""], [""NONE""], [""NONE""], [""NONE""], [""NONE""], [""NONE""], [""NONE""], [""NONE""], [""NONE""], [""NONE""], [""NONE""], [""NONE""], [""NONE""], [""NONE""]]",0
9443866,"[[215, 228]]",breast cancer,breast cancer,['MESH:D001943'],9443866.2,"215,228","[[""MESH:D001943""], [""OMIM:114480""], [""NONE""], [""NONE""], [""NONE""], [""NONE""], [""NONE""], [""NONE""], [""NONE""], [""NONE""], [""NONE""], [""NONE""], [""NONE""], [""NONE""], [""NONE""], [""NONE""], [""NONE""], [""NONE""], [""NONE""], [""NONE""], [""NONE""], [""NONE""], [""NONE""], [""NONE""], [""NONE""], [""NONE""], [""NONE""], [""NONE""], [""NONE""], [""NONE""], [""NONE""], [""NONE""], [""NONE""], [""NONE""], [""NONE""], [""NONE""], [""NONE""], [""NONE""], [""NONE""]]",0
9443866,"[[309, 330]]",ataxia-telangiectasia,ataxia-telangiectasia,['MESH:D001260'],9443866.3,"309,330","[[""MESH:D001260""], [""OMIM:208900""], [""MESH:C565779""], [""OMIM:604391""], [""OMIM:615919""], [""MESH:C538013""], [""OMIM:208920""], [""MESH:D049932""], [""OMIM:251260""], [""NONE""], [""NONE""], [""NONE""], [""NONE""], [""NONE""], [""NONE""], [""NONE""], [""NONE""], [""NONE""], [""NONE""], [""NONE""], [""NONE""], [""NONE""], [""NONE""], [""NONE""], [""NONE""], [""NONE""], [""NONE""], [""NONE""], [""NONE""], [""NONE""], [""NONE""], [""NONE""], [""NONE""], [""NONE""], [""NONE""], [""NONE""], [""NONE""], [""NONE""], [""NONE""]]",0
9443866,"[[332, 335]]",A-T,ataxia-telangiectasia,['MESH:D001260'],9443866.4,"332,335","[[""MESH:D001260""], [""OMIM:208900""], [""MESH:C565779""], [""OMIM:604391""], [""OMIM:615919""], [""MESH:C538013""], [""OMIM:208920""], [""MESH:D049932""], [""OMIM:251260""], [""NONE""], [""NONE""], [""NONE""], [""NONE""], [""NONE""], [""NONE""], [""NONE""], [""NONE""], [""NONE""], [""NONE""], [""NONE""], [""NONE""], [""NONE""], [""NONE""], [""NONE""], [""NONE""], [""NONE""], [""NONE""], [""NONE""], [""NONE""], [""NONE""], [""NONE""], [""NONE""], [""NONE""], [""NONE""], [""NONE""], [""NONE""], [""NONE""], [""NONE""], [""NONE""]]",0
9443866,"[[1236, 1239]]",A-T,ataxia-telangiectasia,['MESH:D001260'],9443866.5,"1236,1239","[[""MESH:D001260""], [""OMIM:208900""], [""MESH:C565779""], [""OMIM:604391""], [""OMIM:615919""], [""MESH:C538013""], [""OMIM:208920""], [""MESH:D049932""], [""OMIM:251260""], [""NONE""], [""NONE""], [""NONE""], [""NONE""], [""NONE""], [""NONE""], [""NONE""], [""NONE""], [""NONE""], [""NONE""], [""NONE""], [""NONE""], [""NONE""], [""NONE""], [""NONE""], [""NONE""], [""NONE""], [""NONE""], [""NONE""], [""NONE""], [""NONE""], [""NONE""], [""NONE""], [""NONE""], [""NONE""], [""NONE""], [""NONE""], [""NONE""], [""NONE""], [""NONE""]]",0
9448273,"[[4, 27]]",von Hippel-Lindau tumor,von Hippel-Lindau tumor,['MESH:D006623'],9448273.1,"4,27","[[""MESH:D006623""], [""OMIM:193300""], [""NONE""], [""NONE""], [""NONE""], [""NONE""], [""NONE""], [""NONE""], [""NONE""], [""NONE""], [""NONE""], [""NONE""], [""NONE""], [""NONE""], [""NONE""], [""NONE""], [""NONE""], [""NONE""], [""NONE""], [""NONE""], [""NONE""], [""NONE""], [""NONE""], [""NONE""], [""NONE""], [""NONE""], [""NONE""], [""NONE""], [""NONE""], [""NONE""], [""NONE""], [""NONE""], [""NONE""], [""NONE""], [""NONE""], [""NONE""], [""NONE""], [""NONE""], [""NONE""]]",0
9448273,"[[123, 152]]",von Hippel-Lindau (VHL) tumor,von Hippel-Lindau (VHL) tumor,['MESH:D006623'],9448273.2,"123,152","[[""MESH:D006623""], [""OMIM:193300""], [""NONE""], [""NONE""], [""NONE""], [""NONE""], [""NONE""], [""NONE""], [""NONE""], [""NONE""], [""NONE""], [""NONE""], [""NONE""], [""NONE""], [""NONE""], [""NONE""], [""NONE""], [""NONE""], [""NONE""], [""NONE""], [""NONE""], [""NONE""], [""NONE""], [""NONE""], [""NONE""], [""NONE""], [""NONE""], [""NONE""], [""NONE""], [""NONE""], [""NONE""], [""NONE""], [""NONE""], [""NONE""], [""NONE""], [""NONE""], [""NONE""], [""NONE""], [""NONE""]]",0
9448273,"[[215, 234]]",VHL cancer syndrome,VHL cancer syndrome,['MESH:D006623'],9448273.3,"215,234","[[""MESH:D006623""], [""OMIM:193300""], [""NONE""], [""NONE""], [""NONE""], [""NONE""], [""NONE""], [""NONE""], [""NONE""], [""NONE""], [""NONE""], [""NONE""], [""NONE""], [""NONE""], [""NONE""], [""NONE""], [""NONE""], [""NONE""], [""NONE""], [""NONE""], [""NONE""], [""NONE""], [""NONE""], [""NONE""], [""NONE""], [""NONE""], [""NONE""], [""NONE""], [""NONE""], [""NONE""], [""NONE""], [""NONE""], [""NONE""], [""NONE""], [""NONE""], [""NONE""], [""NONE""], [""NONE""], [""NONE""]]",0
9448273,"[[258, 288]]",sporadic renal cell carcinomas,sporadic renal cell carcinomas,['MESH:D002292'],9448273.4,"258,288","[[""MESH:C536851""], [""MESH:D002292""], [""OMIM:144700""], [""OMIM:300854""], [""OMIM:605074""], [""MESH:C538614""], [""MESH:C538557""], [""NONE""], [""NONE""], [""NONE""], [""NONE""], [""NONE""], [""NONE""], [""NONE""], [""NONE""], [""NONE""], [""NONE""], [""NONE""], [""NONE""], [""NONE""], [""NONE""], [""NONE""], [""NONE""], [""NONE""], [""NONE""], [""NONE""], [""NONE""], [""NONE""], [""NONE""], [""NONE""], [""NONE""], [""NONE""], [""NONE""], [""NONE""], [""NONE""], [""NONE""], [""NONE""], [""NONE""], [""NONE""]]",1
9448273,"[[290, 293]]",RCC,renal cell carcinomas,['MESH:D002292'],9448273.5,"290,293","[[""MESH:D002292""], [""OMIM:144700""], [""OMIM:300854""], [""OMIM:605074""], [""NONE""], [""NONE""], [""NONE""], [""NONE""], [""NONE""], [""NONE""], [""NONE""], [""NONE""], [""NONE""], [""NONE""], [""NONE""], [""NONE""], [""NONE""], [""NONE""], [""NONE""], [""NONE""], [""NONE""], [""NONE""], [""NONE""], [""NONE""], [""NONE""], [""NONE""], [""NONE""], [""NONE""], [""NONE""], [""NONE""], [""NONE""], [""NONE""], [""NONE""], [""NONE""], [""NONE""], [""NONE""], [""NONE""], [""NONE""], [""NONE""]]",0
9448273,"[[299, 322]]",brain hemangioblastomas,brain hemangioblastomas,['MESH:D018325'],9448273.6,"299,322","[[""MESH:D018325""], [""MESH:D008579""], [""NONE""], [""NONE""], [""NONE""], [""NONE""], [""NONE""], [""NONE""], [""NONE""], [""NONE""], [""NONE""], [""NONE""], [""NONE""], [""NONE""], [""NONE""], [""NONE""], [""NONE""], [""NONE""], [""NONE""], [""NONE""], [""NONE""], [""NONE""], [""NONE""], [""NONE""], [""NONE""], [""NONE""], [""NONE""], [""NONE""], [""NONE""], [""NONE""], [""NONE""], [""NONE""], [""NONE""], [""NONE""], [""NONE""], [""NONE""], [""NONE""], [""NONE""], [""NONE""]]",0
9448273,"[[343, 346]]",RCC,renal cell carcinomas,['MESH:D002292'],9448273.7,"343,346","[[""MESH:D002292""], [""OMIM:144700""], [""OMIM:300854""], [""OMIM:605074""], [""NONE""], [""NONE""], [""NONE""], [""NONE""], [""NONE""], [""NONE""], [""NONE""], [""NONE""], [""NONE""], [""NONE""], [""NONE""], [""NONE""], [""NONE""], [""NONE""], [""NONE""], [""NONE""], [""NONE""], [""NONE""], [""NONE""], [""NONE""], [""NONE""], [""NONE""], [""NONE""], [""NONE""], [""NONE""], [""NONE""], [""NONE""], [""NONE""], [""NONE""], [""NONE""], [""NONE""], [""NONE""], [""NONE""], [""NONE""], [""NONE""]]",0
9448273,"[[427, 430]]",VHL,von Hippel-Lindau,['MESH:D006623'],9448273.8,"427,430","[[""MESH:D006623""], [""OMIM:193300""], [""NONE""], [""NONE""], [""NONE""], [""NONE""], [""NONE""], [""NONE""], [""NONE""], [""NONE""], [""NONE""], [""NONE""], [""NONE""], [""NONE""], [""NONE""], [""NONE""], [""NONE""], [""NONE""], [""NONE""], [""NONE""], [""NONE""], [""NONE""], [""NONE""], [""NONE""], [""NONE""], [""NONE""], [""NONE""], [""NONE""], [""NONE""], [""NONE""], [""NONE""], [""NONE""], [""NONE""], [""NONE""], [""NONE""], [""NONE""], [""NONE""], [""NONE""], [""NONE""]]",0
9448273,"[[571, 577]]",cancer,cancer,['MESH:D009369'],9448273.9,"571,577","[[""MESH:D009369""], [""MESH:D009371""], [""NONE""], [""NONE""], [""NONE""], [""NONE""], [""NONE""], [""NONE""], [""NONE""], [""NONE""], [""NONE""], [""NONE""], [""NONE""], [""NONE""], [""NONE""], [""NONE""], [""NONE""], [""NONE""], [""NONE""], [""NONE""], [""NONE""], [""NONE""], [""NONE""], [""NONE""], [""NONE""], [""NONE""], [""NONE""], [""NONE""], [""NONE""], [""NONE""], [""NONE""], [""NONE""], [""NONE""], [""NONE""], [""NONE""], [""NONE""], [""NONE""], [""NONE""], [""NONE""]]",0
9448273,"[[692, 695]]",VHL,von Hippel-Lindau,['MESH:D006623'],9448273.10,"692,695","[[""MESH:D006623""], [""OMIM:193300""], [""NONE""], [""NONE""], [""NONE""], [""NONE""], [""NONE""], [""NONE""], [""NONE""], [""NONE""], [""NONE""], [""NONE""], [""NONE""], [""NONE""], [""NONE""], [""NONE""], [""NONE""], [""NONE""], [""NONE""], [""NONE""], [""NONE""], [""NONE""], [""NONE""], [""NONE""], [""NONE""], [""NONE""], [""NONE""], [""NONE""], [""NONE""], [""NONE""], [""NONE""], [""NONE""], [""NONE""], [""NONE""], [""NONE""], [""NONE""], [""NONE""], [""NONE""], [""NONE""]]",0
9448273,"[[738, 748]]",RCC cancer,RCC cancer,['MESH:D002292'],9448273.11,"738,748","[[""MESH:D002292""], [""OMIM:144700""], [""OMIM:300854""], [""OMIM:605074""], [""NONE""], [""NONE""], [""NONE""], [""NONE""], [""NONE""], [""NONE""], [""NONE""], [""NONE""], [""NONE""], [""NONE""], [""NONE""], [""NONE""], [""NONE""], [""NONE""], [""NONE""], [""NONE""], [""NONE""], [""NONE""], [""NONE""], [""NONE""], [""NONE""], [""NONE""], [""NONE""], [""NONE""], [""NONE""], [""NONE""], [""NONE""], [""NONE""], [""NONE""], [""NONE""], [""NONE""], [""NONE""], [""NONE""], [""NONE""], [""NONE""]]",0
9448273,"[[851, 854]]",RCC,renal cell carcinomas,['MESH:D002292'],9448273.12,"851,854","[[""MESH:D002292""], [""OMIM:144700""], [""OMIM:300854""], [""OMIM:605074""], [""NONE""], [""NONE""], [""NONE""], [""NONE""], [""NONE""], [""NONE""], [""NONE""], [""NONE""], [""NONE""], [""NONE""], [""NONE""], [""NONE""], [""NONE""], [""NONE""], [""NONE""], [""NONE""], [""NONE""], [""NONE""], [""NONE""], [""NONE""], [""NONE""], [""NONE""], [""NONE""], [""NONE""], [""NONE""], [""NONE""], [""NONE""], [""NONE""], [""NONE""], [""NONE""], [""NONE""], [""NONE""], [""NONE""], [""NONE""], [""NONE""]]",0
9448273,"[[1007, 1010]]",VHL,von Hippel-Lindau,['MESH:D006623'],9448273.13,"1007,1010","[[""MESH:D006623""], [""OMIM:193300""], [""NONE""], [""NONE""], [""NONE""], [""NONE""], [""NONE""], [""NONE""], [""NONE""], [""NONE""], [""NONE""], [""NONE""], [""NONE""], [""NONE""], [""NONE""], [""NONE""], [""NONE""], [""NONE""], [""NONE""], [""NONE""], [""NONE""], [""NONE""], [""NONE""], [""NONE""], [""NONE""], [""NONE""], [""NONE""], [""NONE""], [""NONE""], [""NONE""], [""NONE""], [""NONE""], [""NONE""], [""NONE""], [""NONE""], [""NONE""], [""NONE""], [""NONE""], [""NONE""]]",0
9448273,"[[1099, 1102]]",VHL,von Hippel-Lindau,['MESH:D006623'],9448273.14,"1099,1102","[[""MESH:D006623""], [""OMIM:193300""], [""NONE""], [""NONE""], [""NONE""], [""NONE""], [""NONE""], [""NONE""], [""NONE""], [""NONE""], [""NONE""], [""NONE""], [""NONE""], [""NONE""], [""NONE""], [""NONE""], [""NONE""], [""NONE""], [""NONE""], [""NONE""], [""NONE""], [""NONE""], [""NONE""], [""NONE""], [""NONE""], [""NONE""], [""NONE""], [""NONE""], [""NONE""], [""NONE""], [""NONE""], [""NONE""], [""NONE""], [""NONE""], [""NONE""], [""NONE""], [""NONE""], [""NONE""], [""NONE""]]",0
9448273,"[[1200, 1205]]",tumor,tumor,['MESH:D009369'],9448273.15,"1200,1205","[[""MESH:D009369""], [""MESH:D009371""], [""NONE""], [""NONE""], [""NONE""], [""NONE""], [""NONE""], [""NONE""], [""NONE""], [""NONE""], [""NONE""], [""NONE""], [""NONE""], [""NONE""], [""NONE""], [""NONE""], [""NONE""], [""NONE""], [""NONE""], [""NONE""], [""NONE""], [""NONE""], [""NONE""], [""NONE""], [""NONE""], [""NONE""], [""NONE""], [""NONE""], [""NONE""], [""NONE""], [""NONE""], [""NONE""], [""NONE""], [""NONE""], [""NONE""], [""NONE""], [""NONE""], [""NONE""], [""NONE""]]",0
9448273,"[[1270, 1273]]",VHL,von Hippel-Lindau,['MESH:D006623'],9448273.16,"1270,1273","[[""MESH:D006623""], [""OMIM:193300""], [""NONE""], [""NONE""], [""NONE""], [""NONE""], [""NONE""], [""NONE""], [""NONE""], [""NONE""], [""NONE""], [""NONE""], [""NONE""], [""NONE""], [""NONE""], [""NONE""], [""NONE""], [""NONE""], [""NONE""], [""NONE""], [""NONE""], [""NONE""], [""NONE""], [""NONE""], [""NONE""], [""NONE""], [""NONE""], [""NONE""], [""NONE""], [""NONE""], [""NONE""], [""NONE""], [""NONE""], [""NONE""], [""NONE""], [""NONE""], [""NONE""], [""NONE""], [""NONE""]]",0
9448273,"[[1287, 1290]]",VHL,von Hippel-Lindau,['MESH:D006623'],9448273.17,"1287,1290","[[""MESH:D006623""], [""OMIM:193300""], [""NONE""], [""NONE""], [""NONE""], [""NONE""], [""NONE""], [""NONE""], [""NONE""], [""NONE""], [""NONE""], [""NONE""], [""NONE""], [""NONE""], [""NONE""], [""NONE""], [""NONE""], [""NONE""], [""NONE""], [""NONE""], [""NONE""], [""NONE""], [""NONE""], [""NONE""], [""NONE""], [""NONE""], [""NONE""], [""NONE""], [""NONE""], [""NONE""], [""NONE""], [""NONE""], [""NONE""], [""NONE""], [""NONE""], [""NONE""], [""NONE""], [""NONE""], [""NONE""]]",0
9448273,"[[1304, 1309]]",tumor,tumor,['MESH:D009369'],9448273.18,"1304,1309","[[""MESH:D009369""], [""MESH:D009371""], [""NONE""], [""NONE""], [""NONE""], [""NONE""], [""NONE""], [""NONE""], [""NONE""], [""NONE""], [""NONE""], [""NONE""], [""NONE""], [""NONE""], [""NONE""], [""NONE""], [""NONE""], [""NONE""], [""NONE""], [""NONE""], [""NONE""], [""NONE""], [""NONE""], [""NONE""], [""NONE""], [""NONE""], [""NONE""], [""NONE""], [""NONE""], [""NONE""], [""NONE""], [""NONE""], [""NONE""], [""NONE""], [""NONE""], [""NONE""], [""NONE""], [""NONE""], [""NONE""]]",0
9450866,"[[0, 10]]",Piebaldism,Piebaldism,['MESH:D016116'],9450866.1,"0,10","[[""MESH:D016116""], [""OMIM:172800""], [""MESH:D010854""], [""MESH:C536573""], [""OMIM:112310""], [""MESH:D000417""], [""NONE""], [""NONE""], [""NONE""], [""NONE""], [""NONE""], [""NONE""], [""NONE""], [""NONE""], [""NONE""], [""NONE""], [""NONE""], [""NONE""], [""NONE""], [""NONE""], [""NONE""], [""NONE""], [""NONE""], [""NONE""], [""NONE""], [""NONE""], [""NONE""], [""NONE""], [""NONE""], [""NONE""], [""NONE""], [""NONE""], [""NONE""], [""NONE""], [""NONE""], [""NONE""], [""NONE""], [""NONE""], [""NONE""]]",0
9450866,"[[16, 24]]",deafness,deafness,['MESH:D003638'],9450866.2,"16,24","[[""MESH:D003638""], [""MESH:D006319""], [""MESH:C580334""], [""NONE""], [""NONE""], [""NONE""], [""NONE""], [""NONE""], [""NONE""], [""NONE""], [""NONE""], [""NONE""], [""NONE""], [""NONE""], [""NONE""], [""NONE""], [""NONE""], [""NONE""], [""NONE""], [""NONE""], [""NONE""], [""NONE""], [""NONE""], [""NONE""], [""NONE""], [""NONE""], [""NONE""], [""NONE""], [""NONE""], [""NONE""], [""NONE""], [""NONE""], [""NONE""], [""NONE""], [""NONE""], [""NONE""], [""NONE""], [""NONE""], [""NONE""]]",0
9450866,"[[122, 132]]",piebaldism,piebaldism,['MESH:D016116'],9450866.3,"122,132","[[""MESH:D016116""], [""OMIM:172800""], [""MESH:D010854""], [""MESH:C536573""], [""OMIM:112310""], [""MESH:D000417""], [""NONE""], [""NONE""], [""NONE""], [""NONE""], [""NONE""], [""NONE""], [""NONE""], [""NONE""], [""NONE""], [""NONE""], [""NONE""], [""NONE""], [""NONE""], [""NONE""], [""NONE""], [""NONE""], [""NONE""], [""NONE""], [""NONE""], [""NONE""], [""NONE""], [""NONE""], [""NONE""], [""NONE""], [""NONE""], [""NONE""], [""NONE""], [""NONE""], [""NONE""], [""NONE""], [""NONE""], [""NONE""], [""NONE""]]",0
9450866,"[[157, 179]]",sensorineural deafness,sensorineural deafness,['MESH:D006319'],9450866.4,"157,179","[[""MESH:D006319""], [""NONE""], [""NONE""], [""NONE""], [""NONE""], [""NONE""], [""NONE""], [""NONE""], [""NONE""], [""NONE""], [""NONE""], [""NONE""], [""NONE""], [""NONE""], [""NONE""], [""NONE""], [""NONE""], [""NONE""], [""NONE""], [""NONE""], [""NONE""], [""NONE""], [""NONE""], [""NONE""], [""NONE""], [""NONE""], [""NONE""], [""NONE""], [""NONE""], [""NONE""], [""NONE""], [""NONE""], [""NONE""], [""NONE""], [""NONE""], [""NONE""], [""NONE""], [""NONE""], [""NONE""]]",0
9450866,"[[431, 439]]",deafness,deafness,['MESH:D003638'],9450866.6,"431,439","[[""MESH:D003638""], [""MESH:D006319""], [""MESH:C580334""], [""NONE""], [""NONE""], [""NONE""], [""NONE""], [""NONE""], [""NONE""], [""NONE""], [""NONE""], [""NONE""], [""NONE""], [""NONE""], [""NONE""], [""NONE""], [""NONE""], [""NONE""], [""NONE""], [""NONE""], [""NONE""], [""NONE""], [""NONE""], [""NONE""], [""NONE""], [""NONE""], [""NONE""], [""NONE""], [""NONE""], [""NONE""], [""NONE""], [""NONE""], [""NONE""], [""NONE""], [""NONE""], [""NONE""], [""NONE""], [""NONE""], [""NONE""]]",0
9450866,"[[464, 474]]",piebaldism,piebaldism,['MESH:D016116'],9450866.7,"464,474","[[""MESH:D016116""], [""OMIM:172800""], [""MESH:D010854""], [""MESH:C536573""], [""OMIM:112310""], [""MESH:D000417""], [""NONE""], [""NONE""], [""NONE""], [""NONE""], [""NONE""], [""NONE""], [""NONE""], [""NONE""], [""NONE""], [""NONE""], [""NONE""], [""NONE""], [""NONE""], [""NONE""], [""NONE""], [""NONE""], [""NONE""], [""NONE""], [""NONE""], [""NONE""], [""NONE""], [""NONE""], [""NONE""], [""NONE""], [""NONE""], [""NONE""], [""NONE""], [""NONE""], [""NONE""], [""NONE""], [""NONE""], [""NONE""], [""NONE""]]",0
9450866,"[[500, 522]]",sensorineural deafness,sensorineural deafness,['MESH:D006319'],9450866.8,"500,522","[[""MESH:D006319""], [""NONE""], [""NONE""], [""NONE""], [""NONE""], [""NONE""], [""NONE""], [""NONE""], [""NONE""], [""NONE""], [""NONE""], [""NONE""], [""NONE""], [""NONE""], [""NONE""], [""NONE""], [""NONE""], [""NONE""], [""NONE""], [""NONE""], [""NONE""], [""NONE""], [""NONE""], [""NONE""], [""NONE""], [""NONE""], [""NONE""], [""NONE""], [""NONE""], [""NONE""], [""NONE""], [""NONE""], [""NONE""], [""NONE""], [""NONE""], [""NONE""], [""NONE""], [""NONE""], [""NONE""]]",0
9450866,"[[584, 594]]",piebaldism,piebaldism,['MESH:D016116'],9450866.9,"584,594","[[""MESH:D016116""], [""OMIM:172800""], [""MESH:D010854""], [""MESH:C536573""], [""OMIM:112310""], [""MESH:D000417""], [""NONE""], [""NONE""], [""NONE""], [""NONE""], [""NONE""], [""NONE""], [""NONE""], [""NONE""], [""NONE""], [""NONE""], [""NONE""], [""NONE""], [""NONE""], [""NONE""], [""NONE""], [""NONE""], [""NONE""], [""NONE""], [""NONE""], [""NONE""], [""NONE""], [""NONE""], [""NONE""], [""NONE""], [""NONE""], [""NONE""], [""NONE""], [""NONE""], [""NONE""], [""NONE""], [""NONE""], [""NONE""], [""NONE""]]",0
9450866,"[[675, 685]]",piebaldism,piebaldism,['MESH:D016116'],9450866.10,"675,685","[[""MESH:D016116""], [""OMIM:172800""], [""MESH:D010854""], [""MESH:C536573""], [""OMIM:112310""], [""MESH:D000417""], [""NONE""], [""NONE""], [""NONE""], [""NONE""], [""NONE""], [""NONE""], [""NONE""], [""NONE""], [""NONE""], [""NONE""], [""NONE""], [""NONE""], [""NONE""], [""NONE""], [""NONE""], [""NONE""], [""NONE""], [""NONE""], [""NONE""], [""NONE""], [""NONE""], [""NONE""], [""NONE""], [""NONE""], [""NONE""], [""NONE""], [""NONE""], [""NONE""], [""NONE""], [""NONE""], [""NONE""], [""NONE""], [""NONE""]]",0
9450866,"[[711, 731]]",Waardenburg syndrome,Waardenburg syndrome,['MESH:D014849'],9450866.11,"711,731","[[""MESH:D014849""], [""OMIM:148820""], [""OMIM:193500""], [""MESH:C536464""], [""OMIM:193510""], [""NONE""], [""NONE""], [""NONE""], [""NONE""], [""NONE""], [""NONE""], [""NONE""], [""NONE""], [""NONE""], [""NONE""], [""NONE""], [""NONE""], [""NONE""], [""NONE""], [""NONE""], [""NONE""], [""NONE""], [""NONE""], [""NONE""], [""NONE""], [""NONE""], [""NONE""], [""NONE""], [""NONE""], [""NONE""], [""NONE""], [""NONE""], [""NONE""], [""NONE""], [""NONE""], [""NONE""], [""NONE""], [""NONE""], [""NONE""]]",0
9457913,"[[154, 191]]",atrophic benign epidermolysis bullosa,atrophic benign epidermolysis bullosa,['MESH:D016109'],9457913.1,"154,191","[[""MESH:D016109""], [""OMIM:226700""], [""MESH:D016107""], [""MESH:D016110""], [""OMIM:131760""], [""OMIM:131800""], [""OMIM:131900""], [""MESH:D004820""], [""OMIM:615028""], [""MESH:C562637""], [""OMIM:226500""], [""MESH:C535493""], [""OMIM:609638""], [""NONE""], [""NONE""], [""NONE""], [""NONE""], [""NONE""], [""NONE""], [""NONE""], [""NONE""], [""NONE""], [""NONE""], [""NONE""], [""NONE""], [""NONE""], [""NONE""], [""NONE""], [""NONE""], [""NONE""], [""NONE""], [""NONE""], [""NONE""], [""NONE""], [""NONE""], [""NONE""], [""NONE""], [""NONE""], [""NONE""]]",0
9457913,"[[219, 256]]",atrophic benign epidermolysis bullosa,atrophic benign epidermolysis bullosa,['MESH:D016109'],9457913.2,"219,256","[[""MESH:D016109""], [""OMIM:226700""], [""MESH:D016107""], [""MESH:D016110""], [""OMIM:131760""], [""OMIM:131800""], [""OMIM:131900""], [""MESH:D004820""], [""OMIM:615028""], [""MESH:C562637""], [""OMIM:226500""], [""MESH:C535493""], [""OMIM:609638""], [""NONE""], [""NONE""], [""NONE""], [""NONE""], [""NONE""], [""NONE""], [""NONE""], [""NONE""], [""NONE""], [""NONE""], [""NONE""], [""NONE""], [""NONE""], [""NONE""], [""NONE""], [""NONE""], [""NONE""], [""NONE""], [""NONE""], [""NONE""], [""NONE""], [""NONE""], [""NONE""], [""NONE""], [""NONE""], [""NONE""]]",0
9457913,"[[463, 500]]",atrophic benign epidermolysis bullosa,atrophic benign epidermolysis bullosa,['MESH:D016109'],9457913.3,"463,500","[[""MESH:D016109""], [""OMIM:226700""], [""MESH:D016107""], [""MESH:D016110""], [""OMIM:131760""], [""OMIM:131800""], [""OMIM:131900""], [""MESH:D004820""], [""OMIM:615028""], [""MESH:C562637""], [""OMIM:226500""], [""MESH:C535493""], [""OMIM:609638""], [""NONE""], [""NONE""], [""NONE""], [""NONE""], [""NONE""], [""NONE""], [""NONE""], [""NONE""], [""NONE""], [""NONE""], [""NONE""], [""NONE""], [""NONE""], [""NONE""], [""NONE""], [""NONE""], [""NONE""], [""NONE""], [""NONE""], [""NONE""], [""NONE""], [""NONE""], [""NONE""], [""NONE""], [""NONE""], [""NONE""]]",0
9457914,"[[74, 111]]",atrophic benign epidermolysis bullosa,atrophic benign epidermolysis bullosa,['MESH:D016109'],9457914.1,"74,111","[[""MESH:D016109""], [""OMIM:226700""], [""MESH:D016107""], [""MESH:D016110""], [""OMIM:131760""], [""OMIM:131800""], [""OMIM:131900""], [""MESH:D004820""], [""OMIM:615028""], [""MESH:C562637""], [""OMIM:226500""], [""MESH:C535493""], [""OMIM:609638""], [""NONE""], [""NONE""], [""NONE""], [""NONE""], [""NONE""], [""NONE""], [""NONE""], [""NONE""], [""NONE""], [""NONE""], [""NONE""], [""NONE""], [""NONE""], [""NONE""], [""NONE""], [""NONE""], [""NONE""], [""NONE""], [""NONE""], [""NONE""], [""NONE""], [""NONE""], [""NONE""], [""NONE""], [""NONE""], [""NONE""]]",0
9457914,"[[185, 222]]",atrophic benign epidermolysis bullosa,atrophic benign epidermolysis bullosa,['MESH:D016109'],9457914.2,"185,222","[[""MESH:D016109""], [""OMIM:226700""], [""MESH:D016107""], [""MESH:D016110""], [""OMIM:131760""], [""OMIM:131800""], [""OMIM:131900""], [""MESH:D004820""], [""OMIM:615028""], [""MESH:C562637""], [""OMIM:226500""], [""MESH:C535493""], [""OMIM:609638""], [""NONE""], [""NONE""], [""NONE""], [""NONE""], [""NONE""], [""NONE""], [""NONE""], [""NONE""], [""NONE""], [""NONE""], [""NONE""], [""NONE""], [""NONE""], [""NONE""], [""NONE""], [""NONE""], [""NONE""], [""NONE""], [""NONE""], [""NONE""], [""NONE""], [""NONE""], [""NONE""], [""NONE""], [""NONE""], [""NONE""]]",0
9457914,"[[252, 284]]",junctional epidermolysis bullosa,junctional epidermolysis bullosa,['MESH:D016109'],9457914.3,"252,284","[[""MESH:D016109""], [""OMIM:226700""], [""MESH:C535958""], [""MESH:C562639""], [""OMIM:226650""], [""NONE""], [""NONE""], [""NONE""], [""NONE""], [""NONE""], [""NONE""], [""NONE""], [""NONE""], [""NONE""], [""NONE""], [""NONE""], [""NONE""], [""NONE""], [""NONE""], [""NONE""], [""NONE""], [""NONE""], [""NONE""], [""NONE""], [""NONE""], [""NONE""], [""NONE""], [""NONE""], [""NONE""], [""NONE""], [""NONE""], [""NONE""], [""NONE""], [""NONE""], [""NONE""], [""NONE""], [""NONE""], [""NONE""], [""NONE""]]",0
9457914,"[[303, 313]]",blistering,blistering,['MESH:D001768'],9457914.4,"303,313","[[""MESH:D001768""], [""NONE""], [""NONE""], [""NONE""], [""NONE""], [""NONE""], [""NONE""], [""NONE""], [""NONE""], [""NONE""], [""NONE""], [""NONE""], [""NONE""], [""NONE""], [""NONE""], [""NONE""], [""NONE""], [""NONE""], [""NONE""], [""NONE""], [""NONE""], [""NONE""], [""NONE""], [""NONE""], [""NONE""], [""NONE""], [""NONE""], [""NONE""], [""NONE""], [""NONE""], [""NONE""], [""NONE""], [""NONE""], [""NONE""], [""NONE""], [""NONE""], [""NONE""], [""NONE""], [""NONE""]]",0
9457914,"[[315, 329]]",nail dystrophy,nail dystrophy,['MESH:C538333'],9457914.5,"315,329","[[""OMIM:614149""], [""MESH:C538333""], [""OMIM:605779""], [""OMIM:161050""], [""MESH:C536736""], [""OMIM:189500""], [""MESH:C562907""], [""MESH:C536377""], [""OMIM:206800""], [""NONE""], [""NONE""], [""NONE""], [""NONE""], [""NONE""], [""NONE""], [""NONE""], [""NONE""], [""NONE""], [""NONE""], [""NONE""], [""NONE""], [""NONE""], [""NONE""], [""NONE""], [""NONE""], [""NONE""], [""NONE""], [""NONE""], [""NONE""], [""NONE""], [""NONE""], [""NONE""], [""NONE""], [""NONE""], [""NONE""], [""NONE""], [""NONE""], [""NONE""], [""NONE""]]",1
9457914,"[[331, 346]]",patchy alopecia,patchy alopecia,['MESH:C531609'],9457914.6,"331,346","[[""MESH:C531609""], [""MESH:D000506""], [""MESH:D000505""], [""OMIM:109200""], [""MESH:C566301""], [""NONE""], [""NONE""], [""NONE""], [""NONE""], [""NONE""], [""NONE""], [""NONE""], [""NONE""], [""NONE""], [""NONE""], [""NONE""], [""NONE""], [""NONE""], [""NONE""], [""NONE""], [""NONE""], [""NONE""], [""NONE""], [""NONE""], [""NONE""], [""NONE""], [""NONE""], [""NONE""], [""NONE""], [""NONE""], [""NONE""], [""NONE""], [""NONE""], [""NONE""], [""NONE""], [""NONE""], [""NONE""], [""NONE""], [""NONE""]]",0
9457914,"[[352, 372]]",dental abnormalities,dental abnormalities,['MESH:D014071'],9457914.7,"352,372","[[""MESH:D014071""], [""MESH:D063169""], [""NONE""], [""NONE""], [""NONE""], [""NONE""], [""NONE""], [""NONE""], [""NONE""], [""NONE""], [""NONE""], [""NONE""], [""NONE""], [""NONE""], [""NONE""], [""NONE""], [""NONE""], [""NONE""], [""NONE""], [""NONE""], [""NONE""], [""NONE""], [""NONE""], [""NONE""], [""NONE""], [""NONE""], [""NONE""], [""NONE""], [""NONE""], [""NONE""], [""NONE""], [""NONE""], [""NONE""], [""NONE""], [""NONE""], [""NONE""], [""NONE""], [""NONE""], [""NONE""]]",0
9457914,"[[536, 573]]",atrophic benign epidermolysis bullosa,atrophic benign epidermolysis bullosa,['MESH:D016109'],9457914.9,"536,573","[[""MESH:D016109""], [""OMIM:226700""], [""MESH:D016107""], [""MESH:D016110""], [""OMIM:131760""], [""OMIM:131800""], [""OMIM:131900""], [""MESH:D004820""], [""OMIM:615028""], [""MESH:C562637""], [""OMIM:226500""], [""MESH:C535493""], [""OMIM:609638""], [""NONE""], [""NONE""], [""NONE""], [""NONE""], [""NONE""], [""NONE""], [""NONE""], [""NONE""], [""NONE""], [""NONE""], [""NONE""], [""NONE""], [""NONE""], [""NONE""], [""NONE""], [""NONE""], [""NONE""], [""NONE""], [""NONE""], [""NONE""], [""NONE""], [""NONE""], [""NONE""], [""NONE""], [""NONE""], [""NONE""]]",0
9463314,"[[32, 53]]",ataxia-telangiectasia,ataxia-telangiectasia,['MESH:D001260'],9463314.1,"32,53","[[""MESH:D001260""], [""OMIM:208900""], [""MESH:C565779""], [""OMIM:604391""], [""OMIM:615919""], [""MESH:C538013""], [""OMIM:208920""], [""MESH:D049932""], [""OMIM:251260""], [""NONE""], [""NONE""], [""NONE""], [""NONE""], [""NONE""], [""NONE""], [""NONE""], [""NONE""], [""NONE""], [""NONE""], [""NONE""], [""NONE""], [""NONE""], [""NONE""], [""NONE""], [""NONE""], [""NONE""], [""NONE""], [""NONE""], [""NONE""], [""NONE""], [""NONE""], [""NONE""], [""NONE""], [""NONE""], [""NONE""], [""NONE""], [""NONE""], [""NONE""], [""NONE""]]",0
9463314,"[[126, 134]]",leukemia,leukemia,['MESH:D007938'],9463314.2,"126,134","[[""MESH:D007938""], [""MESH:D007951""], [""NONE""], [""NONE""], [""NONE""], [""NONE""], [""NONE""], [""NONE""], [""NONE""], [""NONE""], [""NONE""], [""NONE""], [""NONE""], [""NONE""], [""NONE""], [""NONE""], [""NONE""], [""NONE""], [""NONE""], [""NONE""], [""NONE""], [""NONE""], [""NONE""], [""NONE""], [""NONE""], [""NONE""], [""NONE""], [""NONE""], [""NONE""], [""NONE""], [""NONE""], [""NONE""], [""NONE""], [""NONE""], [""NONE""], [""NONE""], [""NONE""], [""NONE""], [""NONE""]]",0
9463314,"[[136, 144]]",lymphoma,lymphoma,['MESH:D008223'],9463314.3,"136,144","[[""MESH:D008223""], [""MESH:D008228""], [""OMIM:605027""], [""NONE""], [""NONE""], [""NONE""], [""NONE""], [""NONE""], [""NONE""], [""NONE""], [""NONE""], [""NONE""], [""NONE""], [""NONE""], [""NONE""], [""NONE""], [""NONE""], [""NONE""], [""NONE""], [""NONE""], [""NONE""], [""NONE""], [""NONE""], [""NONE""], [""NONE""], [""NONE""], [""NONE""], [""NONE""], [""NONE""], [""NONE""], [""NONE""], [""NONE""], [""NONE""], [""NONE""], [""NONE""], [""NONE""], [""NONE""], [""NONE""], [""NONE""]]",0
9463314,"[[150, 163]]",breast cancer,breast cancer,['MESH:D001943'],9463314.4,"150,163","[[""MESH:D001943""], [""OMIM:114480""], [""NONE""], [""NONE""], [""NONE""], [""NONE""], [""NONE""], [""NONE""], [""NONE""], [""NONE""], [""NONE""], [""NONE""], [""NONE""], [""NONE""], [""NONE""], [""NONE""], [""NONE""], [""NONE""], [""NONE""], [""NONE""], [""NONE""], [""NONE""], [""NONE""], [""NONE""], [""NONE""], [""NONE""], [""NONE""], [""NONE""], [""NONE""], [""NONE""], [""NONE""], [""NONE""], [""NONE""], [""NONE""], [""NONE""], [""NONE""], [""NONE""], [""NONE""], [""NONE""]]",0
9463314,"[[220, 241]]",ataxia-telangiectasia,ataxia-telangiectasia,['MESH:D001260'],9463314.5,"220,241","[[""MESH:D001260""], [""OMIM:208900""], [""MESH:C565779""], [""OMIM:604391""], [""OMIM:615919""], [""MESH:C538013""], [""OMIM:208920""], [""MESH:D049932""], [""OMIM:251260""], [""NONE""], [""NONE""], [""NONE""], [""NONE""], [""NONE""], [""NONE""], [""NONE""], [""NONE""], [""NONE""], [""NONE""], [""NONE""], [""NONE""], [""NONE""], [""NONE""], [""NONE""], [""NONE""], [""NONE""], [""NONE""], [""NONE""], [""NONE""], [""NONE""], [""NONE""], [""NONE""], [""NONE""], [""NONE""], [""NONE""], [""NONE""], [""NONE""], [""NONE""], [""NONE""]]",0
9463314,"[[243, 246]]",A-T,ataxia-telangiectasia,['MESH:D001260'],9463314.6,"243,246","[[""MESH:D001260""], [""OMIM:208900""], [""MESH:C565779""], [""OMIM:604391""], [""OMIM:615919""], [""MESH:C538013""], [""OMIM:208920""], [""MESH:D049932""], [""OMIM:251260""], [""NONE""], [""NONE""], [""NONE""], [""NONE""], [""NONE""], [""NONE""], [""NONE""], [""NONE""], [""NONE""], [""NONE""], [""NONE""], [""NONE""], [""NONE""], [""NONE""], [""NONE""], [""NONE""], [""NONE""], [""NONE""], [""NONE""], [""NONE""], [""NONE""], [""NONE""], [""NONE""], [""NONE""], [""NONE""], [""NONE""], [""NONE""], [""NONE""], [""NONE""], [""NONE""]]",0
9463314,"[[455, 478]]",cerebellar degeneration,cerebellar degeneration,['MESH:D013132'],9463314.7,"455,478","[[""MESH:D002526""], [""MESH:D013132""], [""OMIM:248800""], [""MESH:D002524""], [""NONE""], [""NONE""], [""NONE""], [""NONE""], [""NONE""], [""NONE""], [""NONE""], [""NONE""], [""NONE""], [""NONE""], [""NONE""], [""NONE""], [""NONE""], [""NONE""], [""NONE""], [""NONE""], [""NONE""], [""NONE""], [""NONE""], [""NONE""], [""NONE""], [""NONE""], [""NONE""], [""NONE""], [""NONE""], [""NONE""], [""NONE""], [""NONE""], [""NONE""], [""NONE""], [""NONE""], [""NONE""], [""NONE""], [""NONE""], [""NONE""]]",1
9463314,"[[520, 523]]",A-T,ataxia-telangiectasia,['MESH:D001260'],9463314.8,"520,523","[[""MESH:D001260""], [""OMIM:208900""], [""MESH:C565779""], [""OMIM:604391""], [""OMIM:615919""], [""MESH:C538013""], [""OMIM:208920""], [""MESH:D049932""], [""OMIM:251260""], [""NONE""], [""NONE""], [""NONE""], [""NONE""], [""NONE""], [""NONE""], [""NONE""], [""NONE""], [""NONE""], [""NONE""], [""NONE""], [""NONE""], [""NONE""], [""NONE""], [""NONE""], [""NONE""], [""NONE""], [""NONE""], [""NONE""], [""NONE""], [""NONE""], [""NONE""], [""NONE""], [""NONE""], [""NONE""], [""NONE""], [""NONE""], [""NONE""], [""NONE""], [""NONE""]]",0
9463314,"[[613, 626]]",breast cancer,breast cancer,['MESH:D001943'],9463314.9,"613,626","[[""MESH:D001943""], [""OMIM:114480""], [""NONE""], [""NONE""], [""NONE""], [""NONE""], [""NONE""], [""NONE""], [""NONE""], [""NONE""], [""NONE""], [""NONE""], [""NONE""], [""NONE""], [""NONE""], [""NONE""], [""NONE""], [""NONE""], [""NONE""], [""NONE""], [""NONE""], [""NONE""], [""NONE""], [""NONE""], [""NONE""], [""NONE""], [""NONE""], [""NONE""], [""NONE""], [""NONE""], [""NONE""], [""NONE""], [""NONE""], [""NONE""], [""NONE""], [""NONE""], [""NONE""], [""NONE""], [""NONE""]]",0
9463314,"[[731, 734]]",A-T,ataxia-telangiectasia,['MESH:D001260'],9463314.10,"731,734","[[""MESH:D001260""], [""OMIM:208900""], [""MESH:C565779""], [""OMIM:604391""], [""OMIM:615919""], [""MESH:C538013""], [""OMIM:208920""], [""MESH:D049932""], [""OMIM:251260""], [""NONE""], [""NONE""], [""NONE""], [""NONE""], [""NONE""], [""NONE""], [""NONE""], [""NONE""], [""NONE""], [""NONE""], [""NONE""], [""NONE""], [""NONE""], [""NONE""], [""NONE""], [""NONE""], [""NONE""], [""NONE""], [""NONE""], [""NONE""], [""NONE""], [""NONE""], [""NONE""], [""NONE""], [""NONE""], [""NONE""], [""NONE""], [""NONE""], [""NONE""], [""NONE""]]",0
9463314,"[[771, 794]]",cerebellar degeneration,cerebellar degeneration,['MESH:D013132'],9463314.11,"771,794","[[""MESH:D002526""], [""MESH:D013132""], [""OMIM:248800""], [""MESH:D002524""], [""NONE""], [""NONE""], [""NONE""], [""NONE""], [""NONE""], [""NONE""], [""NONE""], [""NONE""], [""NONE""], [""NONE""], [""NONE""], [""NONE""], [""NONE""], [""NONE""], [""NONE""], [""NONE""], [""NONE""], [""NONE""], [""NONE""], [""NONE""], [""NONE""], [""NONE""], [""NONE""], [""NONE""], [""NONE""], [""NONE""], [""NONE""], [""NONE""], [""NONE""], [""NONE""], [""NONE""], [""NONE""], [""NONE""], [""NONE""], [""NONE""]]",1
9463314,"[[965, 968]]",A-T,ataxia-telangiectasia,['MESH:D001260'],9463314.12,"965,968","[[""MESH:D001260""], [""OMIM:208900""], [""MESH:C565779""], [""OMIM:604391""], [""OMIM:615919""], [""MESH:C538013""], [""OMIM:208920""], [""MESH:D049932""], [""OMIM:251260""], [""NONE""], [""NONE""], [""NONE""], [""NONE""], [""NONE""], [""NONE""], [""NONE""], [""NONE""], [""NONE""], [""NONE""], [""NONE""], [""NONE""], [""NONE""], [""NONE""], [""NONE""], [""NONE""], [""NONE""], [""NONE""], [""NONE""], [""NONE""], [""NONE""], [""NONE""], [""NONE""], [""NONE""], [""NONE""], [""NONE""], [""NONE""], [""NONE""], [""NONE""], [""NONE""]]",0
9463314,"[[1009, 1017]]",leukemia,leukemia,['MESH:D007938'],9463314.13,"1009,1017","[[""MESH:D007938""], [""MESH:D007951""], [""NONE""], [""NONE""], [""NONE""], [""NONE""], [""NONE""], [""NONE""], [""NONE""], [""NONE""], [""NONE""], [""NONE""], [""NONE""], [""NONE""], [""NONE""], [""NONE""], [""NONE""], [""NONE""], [""NONE""], [""NONE""], [""NONE""], [""NONE""], [""NONE""], [""NONE""], [""NONE""], [""NONE""], [""NONE""], [""NONE""], [""NONE""], [""NONE""], [""NONE""], [""NONE""], [""NONE""], [""NONE""], [""NONE""], [""NONE""], [""NONE""], [""NONE""], [""NONE""]]",0
9463314,"[[1019, 1027]]",lymphoma,lymphoma,['MESH:D008223'],9463314.14,"1019,1027","[[""MESH:D008223""], [""MESH:D008228""], [""OMIM:605027""], [""NONE""], [""NONE""], [""NONE""], [""NONE""], [""NONE""], [""NONE""], [""NONE""], [""NONE""], [""NONE""], [""NONE""], [""NONE""], [""NONE""], [""NONE""], [""NONE""], [""NONE""], [""NONE""], [""NONE""], [""NONE""], [""NONE""], [""NONE""], [""NONE""], [""NONE""], [""NONE""], [""NONE""], [""NONE""], [""NONE""], [""NONE""], [""NONE""], [""NONE""], [""NONE""], [""NONE""], [""NONE""], [""NONE""], [""NONE""], [""NONE""], [""NONE""]]",0
9463314,"[[1066, 1082]]",Hodgkin lymphoma,Hodgkin lymphoma,['MESH:D006689'],9463314.15,"1066,1082","[[""MESH:D006689""], [""OMIM:236000""], [""NONE""], [""NONE""], [""NONE""], [""NONE""], [""NONE""], [""NONE""], [""NONE""], [""NONE""], [""NONE""], [""NONE""], [""NONE""], [""NONE""], [""NONE""], [""NONE""], [""NONE""], [""NONE""], [""NONE""], [""NONE""], [""NONE""], [""NONE""], [""NONE""], [""NONE""], [""NONE""], [""NONE""], [""NONE""], [""NONE""], [""NONE""], [""NONE""], [""NONE""], [""NONE""], [""NONE""], [""NONE""], [""NONE""], [""NONE""], [""NONE""], [""NONE""], [""NONE""]]",0
9463314,"[[1254, 1257]]",A-T,ataxia-telangiectasia,['MESH:D001260'],9463314.16,"1254,1257","[[""MESH:D001260""], [""OMIM:208900""], [""MESH:C565779""], [""OMIM:604391""], [""OMIM:615919""], [""MESH:C538013""], [""OMIM:208920""], [""MESH:D049932""], [""OMIM:251260""], [""NONE""], [""NONE""], [""NONE""], [""NONE""], [""NONE""], [""NONE""], [""NONE""], [""NONE""], [""NONE""], [""NONE""], [""NONE""], [""NONE""], [""NONE""], [""NONE""], [""NONE""], [""NONE""], [""NONE""], [""NONE""], [""NONE""], [""NONE""], [""NONE""], [""NONE""], [""NONE""], [""NONE""], [""NONE""], [""NONE""], [""NONE""], [""NONE""], [""NONE""], [""NONE""]]",0
9463318,"[[35, 53]]",myotonic dystrophy,myotonic dystrophy,['MESH:D009223'],9463318.1,"35,53","[[""MESH:D009223""], [""OMIM:160900""], [""OMIM:602668""], [""NONE""], [""NONE""], [""NONE""], [""NONE""], [""NONE""], [""NONE""], [""NONE""], [""NONE""], [""NONE""], [""NONE""], [""NONE""], [""NONE""], [""NONE""], [""NONE""], [""NONE""], [""NONE""], [""NONE""], [""NONE""], [""NONE""], [""NONE""], [""NONE""], [""NONE""], [""NONE""], [""NONE""], [""NONE""], [""NONE""], [""NONE""], [""NONE""], [""NONE""], [""NONE""], [""NONE""], [""NONE""], [""NONE""], [""NONE""], [""NONE""], [""NONE""]]",0
9463318,"[[318, 336]]",myotonic dystrophy,myotonic dystrophy,['MESH:D009223'],9463318.2,"318,336","[[""MESH:D009223""], [""OMIM:160900""], [""OMIM:602668""], [""NONE""], [""NONE""], [""NONE""], [""NONE""], [""NONE""], [""NONE""], [""NONE""], [""NONE""], [""NONE""], [""NONE""], [""NONE""], [""NONE""], [""NONE""], [""NONE""], [""NONE""], [""NONE""], [""NONE""], [""NONE""], [""NONE""], [""NONE""], [""NONE""], [""NONE""], [""NONE""], [""NONE""], [""NONE""], [""NONE""], [""NONE""], [""NONE""], [""NONE""], [""NONE""], [""NONE""], [""NONE""], [""NONE""], [""NONE""], [""NONE""], [""NONE""]]",0
9465039,"[[4, 19]]",hemochromatosis,hemochromatosis,['MESH:D006432'],9465039.1,"4,19","[[""MESH:D006432""], [""OMIM:235200""], [""MESH:C579887""], [""NONE""], [""NONE""], [""NONE""], [""NONE""], [""NONE""], [""NONE""], [""NONE""], [""NONE""], [""NONE""], [""NONE""], [""NONE""], [""NONE""], [""NONE""], [""NONE""], [""NONE""], [""NONE""], [""NONE""], [""NONE""], [""NONE""], [""NONE""], [""NONE""], [""NONE""], [""NONE""], [""NONE""], [""NONE""], [""NONE""], [""NONE""], [""NONE""], [""NONE""], [""NONE""], [""NONE""], [""NONE""], [""NONE""], [""NONE""], [""NONE""], [""NONE""]]",0
9465039,"[[185, 211]]",hereditary hemochromatosis,hereditary hemochromatosis,['MESH:D006432'],9465039.2,"185,211","[[""MESH:D006432""], [""OMIM:235200""], [""MESH:C537249""], [""OMIM:606069""], [""NONE""], [""NONE""], [""NONE""], [""NONE""], [""NONE""], [""NONE""], [""NONE""], [""NONE""], [""NONE""], [""NONE""], [""NONE""], [""NONE""], [""NONE""], [""NONE""], [""NONE""], [""NONE""], [""NONE""], [""NONE""], [""NONE""], [""NONE""], [""NONE""], [""NONE""], [""NONE""], [""NONE""], [""NONE""], [""NONE""], [""NONE""], [""NONE""], [""NONE""], [""NONE""], [""NONE""], [""NONE""], [""NONE""], [""NONE""], [""NONE""]]",0
9465039,"[[1984, 2010]]",hereditary hemochromatosis,hereditary hemochromatosis,['MESH:D006432'],9465039.3,"1984,2010","[[""MESH:D006432""], [""OMIM:235200""], [""MESH:C537249""], [""OMIM:606069""], [""NONE""], [""NONE""], [""NONE""], [""NONE""], [""NONE""], [""NONE""], [""NONE""], [""NONE""], [""NONE""], [""NONE""], [""NONE""], [""NONE""], [""NONE""], [""NONE""], [""NONE""], [""NONE""], [""NONE""], [""NONE""], [""NONE""], [""NONE""], [""NONE""], [""NONE""], [""NONE""], [""NONE""], [""NONE""], [""NONE""], [""NONE""], [""NONE""], [""NONE""], [""NONE""], [""NONE""], [""NONE""], [""NONE""], [""NONE""], [""NONE""]]",0
9465301,"[[173, 190]]",Angelman syndrome,Angelman syndrome,['MESH:D017204'],9465301.1,"173,190","[[""MESH:D017204""], [""OMIM:105830""], [""MESH:C567484""], [""OMIM:300243""], [""MESH:C531619""], [""MESH:C536361""], [""NONE""], [""NONE""], [""NONE""], [""NONE""], [""NONE""], [""NONE""], [""NONE""], [""NONE""], [""NONE""], [""NONE""], [""NONE""], [""NONE""], [""NONE""], [""NONE""], [""NONE""], [""NONE""], [""NONE""], [""NONE""], [""NONE""], [""NONE""], [""NONE""], [""NONE""], [""NONE""], [""NONE""], [""NONE""], [""NONE""], [""NONE""], [""NONE""], [""NONE""], [""NONE""], [""NONE""], [""NONE""], [""NONE""]]",0
9465301,"[[255, 273]]",uniparental disomy,uniparental disomy,['MESH:D024182'],9465301.2,"255,273","[[""MESH:D024182""], [""MESH:D009006""], [""NONE""], [""NONE""], [""NONE""], [""NONE""], [""NONE""], [""NONE""], [""NONE""], [""NONE""], [""NONE""], [""NONE""], [""NONE""], [""NONE""], [""NONE""], [""NONE""], [""NONE""], [""NONE""], [""NONE""], [""NONE""], [""NONE""], [""NONE""], [""NONE""], [""NONE""], [""NONE""], [""NONE""], [""NONE""], [""NONE""], [""NONE""], [""NONE""], [""NONE""], [""NONE""], [""NONE""], [""NONE""], [""NONE""], [""NONE""], [""NONE""], [""NONE""], [""NONE""]]",0
9467011,"[[53, 67]]",Cowden disease,Cowden disease,['MESH:D006223'],9467011.1,"53,67","[[""MESH:D006223""], [""OMIM:158350""], [""OMIM:601728""], [""MESH:C567337""], [""OMIM:615107""], [""OMIM:615108""], [""NONE""], [""NONE""], [""NONE""], [""NONE""], [""NONE""], [""NONE""], [""NONE""], [""NONE""], [""NONE""], [""NONE""], [""NONE""], [""NONE""], [""NONE""], [""NONE""], [""NONE""], [""NONE""], [""NONE""], [""NONE""], [""NONE""], [""NONE""], [""NONE""], [""NONE""], [""NONE""], [""NONE""], [""NONE""], [""NONE""], [""NONE""], [""NONE""], [""NONE""], [""NONE""], [""NONE""], [""NONE""], [""NONE""]]",0
9467011,"[[72, 96]]",Bannayan-Zonana syndrome,Bannayan-Zonana syndrome,['MESH:D006223'],9467011.2,"72,96","[[""MESH:D006223""], [""OMIM:158350""], [""OMIM:601728""], [""MESH:D016518""], [""OMIM:101000""], [""MESH:C567196""], [""OMIM:612713""], [""MESH:C537793""], [""MESH:C535376""], [""OMIM:304730""], [""MESH:C000721327""], [""NONE""], [""NONE""], [""NONE""], [""NONE""], [""NONE""], [""NONE""], [""NONE""], [""NONE""], [""NONE""], [""NONE""], [""NONE""], [""NONE""], [""NONE""], [""NONE""], [""NONE""], [""NONE""], [""NONE""], [""NONE""], [""NONE""], [""NONE""], [""NONE""], [""NONE""], [""NONE""], [""NONE""], [""NONE""], [""NONE""], [""NONE""], [""NONE""]]",0
9467011,"[[102, 121]]",hamartoma syndromes,hamartoma syndromes,['MESH:D006223'],9467011.3,"102,121","[[""MESH:D006223""], [""OMIM:158350""], [""OMIM:601728""], [""MESH:D054975""], [""OMIM:146510""], [""MESH:C537158""], [""OMIM:241800""], [""NONE""], [""NONE""], [""NONE""], [""NONE""], [""NONE""], [""NONE""], [""NONE""], [""NONE""], [""NONE""], [""NONE""], [""NONE""], [""NONE""], [""NONE""], [""NONE""], [""NONE""], [""NONE""], [""NONE""], [""NONE""], [""NONE""], [""NONE""], [""NONE""], [""NONE""], [""NONE""], [""NONE""], [""NONE""], [""NONE""], [""NONE""], [""NONE""], [""NONE""], [""NONE""], [""NONE""], [""NONE""]]",0
9467011,"[[155, 161]]",tumour,tumour,['MESH:D009369'],9467011.4,"155,161","[[""MESH:D009369""], [""MESH:D009371""], [""NONE""], [""NONE""], [""NONE""], [""NONE""], [""NONE""], [""NONE""], [""NONE""], [""NONE""], [""NONE""], [""NONE""], [""NONE""], [""NONE""], [""NONE""], [""NONE""], [""NONE""], [""NONE""], [""NONE""], [""NONE""], [""NONE""], [""NONE""], [""NONE""], [""NONE""], [""NONE""], [""NONE""], [""NONE""], [""NONE""], [""NONE""], [""NONE""], [""NONE""], [""NONE""], [""NONE""], [""NONE""], [""NONE""], [""NONE""], [""NONE""], [""NONE""], [""NONE""]]",0
9467011,"[[354, 364]]",malignancy,malignancy,['MESH:D009369'],9467011.5,"354,364","[[""MESH:D009369""], [""MESH:D002277""], [""MESH:D000230""], [""NONE""], [""NONE""], [""NONE""], [""NONE""], [""NONE""], [""NONE""], [""NONE""], [""NONE""], [""NONE""], [""NONE""], [""NONE""], [""NONE""], [""NONE""], [""NONE""], [""NONE""], [""NONE""], [""NONE""], [""NONE""], [""NONE""], [""NONE""], [""NONE""], [""NONE""], [""NONE""], [""NONE""], [""NONE""], [""NONE""], [""NONE""], [""NONE""], [""NONE""], [""NONE""], [""NONE""], [""NONE""], [""NONE""], [""NONE""], [""NONE""], [""NONE""]]",0
9467011,"[[505, 512]]",tumours,tumours,['MESH:D009369'],9467011.7,"505,512","[[""MESH:D009369""], [""MESH:D009371""], [""NONE""], [""NONE""], [""NONE""], [""NONE""], [""NONE""], [""NONE""], [""NONE""], [""NONE""], [""NONE""], [""NONE""], [""NONE""], [""NONE""], [""NONE""], [""NONE""], [""NONE""], [""NONE""], [""NONE""], [""NONE""], [""NONE""], [""NONE""], [""NONE""], [""NONE""], [""NONE""], [""NONE""], [""NONE""], [""NONE""], [""NONE""], [""NONE""], [""NONE""], [""NONE""], [""NONE""], [""NONE""], [""NONE""], [""NONE""], [""NONE""], [""NONE""], [""NONE""]]",0
9467011,"[[521, 543]]",endometrial carcinomas,endometrial carcinomas,['MESH:D016889'],9467011.8,"521,543","[[""MESH:D016889""], [""OMIM:608089""], [""NONE""], [""NONE""], [""NONE""], [""NONE""], [""NONE""], [""NONE""], [""NONE""], [""NONE""], [""NONE""], [""NONE""], [""NONE""], [""NONE""], [""NONE""], [""NONE""], [""NONE""], [""NONE""], [""NONE""], [""NONE""], [""NONE""], [""NONE""], [""NONE""], [""NONE""], [""NONE""], [""NONE""], [""NONE""], [""NONE""], [""NONE""], [""NONE""], [""NONE""], [""NONE""], [""NONE""], [""NONE""], [""NONE""], [""NONE""], [""NONE""], [""NONE""], [""NONE""]]",0
9467011,"[[545, 563]]",malignant melanoma,malignant melanoma,['MESH:D008545'],9467011.9,"545,563","[[""MESH:D008545""], [""OMIM:155600""], [""MESH:C562393""], [""OMIM:609048""], [""NONE""], [""NONE""], [""NONE""], [""NONE""], [""NONE""], [""NONE""], [""NONE""], [""NONE""], [""NONE""], [""NONE""], [""NONE""], [""NONE""], [""NONE""], [""NONE""], [""NONE""], [""NONE""], [""NONE""], [""NONE""], [""NONE""], [""NONE""], [""NONE""], [""NONE""], [""NONE""], [""NONE""], [""NONE""], [""NONE""], [""NONE""], [""NONE""], [""NONE""], [""NONE""], [""NONE""], [""NONE""], [""NONE""], [""NONE""], [""NONE""]]",0
9467011,"[[568, 583]]",thyroid tumours,thyroid tumours,['MESH:D013964'],9467011.10,"568,583","[[""MESH:D013964""], [""NONE""], [""NONE""], [""NONE""], [""NONE""], [""NONE""], [""NONE""], [""NONE""], [""NONE""], [""NONE""], [""NONE""], [""NONE""], [""NONE""], [""NONE""], [""NONE""], [""NONE""], [""NONE""], [""NONE""], [""NONE""], [""NONE""], [""NONE""], [""NONE""], [""NONE""], [""NONE""], [""NONE""], [""NONE""], [""NONE""], [""NONE""], [""NONE""], [""NONE""], [""NONE""], [""NONE""], [""NONE""], [""NONE""], [""NONE""], [""NONE""], [""NONE""], [""NONE""], [""NONE""]]",0
9467011,"[[653, 672]]",hamartoma syndromes,hamartoma syndromes,['MESH:D006223'],9467011.11,"653,672","[[""MESH:D006223""], [""OMIM:158350""], [""OMIM:601728""], [""MESH:D054975""], [""OMIM:146510""], [""MESH:C537158""], [""OMIM:241800""], [""NONE""], [""NONE""], [""NONE""], [""NONE""], [""NONE""], [""NONE""], [""NONE""], [""NONE""], [""NONE""], [""NONE""], [""NONE""], [""NONE""], [""NONE""], [""NONE""], [""NONE""], [""NONE""], [""NONE""], [""NONE""], [""NONE""], [""NONE""], [""NONE""], [""NONE""], [""NONE""], [""NONE""], [""NONE""], [""NONE""], [""NONE""], [""NONE""], [""NONE""], [""NONE""], [""NONE""], [""NONE""]]",0
9467011,"[[674, 688]]",Cowden disease,Cowden disease,['MESH:D006223'],9467011.12,"674,688","[[""MESH:D006223""], [""OMIM:158350""], [""OMIM:601728""], [""MESH:C567337""], [""OMIM:615107""], [""OMIM:615108""], [""NONE""], [""NONE""], [""NONE""], [""NONE""], [""NONE""], [""NONE""], [""NONE""], [""NONE""], [""NONE""], [""NONE""], [""NONE""], [""NONE""], [""NONE""], [""NONE""], [""NONE""], [""NONE""], [""NONE""], [""NONE""], [""NONE""], [""NONE""], [""NONE""], [""NONE""], [""NONE""], [""NONE""], [""NONE""], [""NONE""], [""NONE""], [""NONE""], [""NONE""], [""NONE""], [""NONE""], [""NONE""], [""NONE""]]",0
9467011,"[[690, 692]]",CD,Cowden disease,['MESH:D006223'],9467011.13,"690,692","[[""MESH:D006223""], [""OMIM:158350""], [""OMIM:601728""], [""MESH:C567337""], [""OMIM:615107""], [""OMIM:615108""], [""NONE""], [""NONE""], [""NONE""], [""NONE""], [""NONE""], [""NONE""], [""NONE""], [""NONE""], [""NONE""], [""NONE""], [""NONE""], [""NONE""], [""NONE""], [""NONE""], [""NONE""], [""NONE""], [""NONE""], [""NONE""], [""NONE""], [""NONE""], [""NONE""], [""NONE""], [""NONE""], [""NONE""], [""NONE""], [""NONE""], [""NONE""], [""NONE""], [""NONE""], [""NONE""], [""NONE""], [""NONE""], [""NONE""]]",0
9467011,"[[710, 765]]",Bannayan-Zonana (BZS) or Ruvalcaba-Riley-Smith syndrome,Bannayan-Zonana (BZS) or Ruvalcaba-Riley-Smith syndrome,['MESH:D006223'],9467011.14,"710,765","[[""MESH:D006223""], [""OMIM:158350""], [""OMIM:601728""], [""MESH:D016518""], [""OMIM:101000""], [""MESH:C535376""], [""OMIM:304730""], [""MESH:C567196""], [""OMIM:612713""], [""MESH:C537793""], [""MESH:C535776""], [""OMIM:184840""], [""NONE""], [""NONE""], [""NONE""], [""NONE""], [""NONE""], [""NONE""], [""NONE""], [""NONE""], [""NONE""], [""NONE""], [""NONE""], [""NONE""], [""NONE""], [""NONE""], [""NONE""], [""NONE""], [""NONE""], [""NONE""], [""NONE""], [""NONE""], [""NONE""], [""NONE""], [""NONE""], [""NONE""], [""NONE""], [""NONE""], [""NONE""]]",0
9467011,"[[805, 807]]",CD,Cowden disease,['MESH:D006223'],9467011.15,"805,807","[[""MESH:D006223""], [""OMIM:158350""], [""OMIM:601728""], [""MESH:C567337""], [""OMIM:615107""], [""OMIM:615108""], [""NONE""], [""NONE""], [""NONE""], [""NONE""], [""NONE""], [""NONE""], [""NONE""], [""NONE""], [""NONE""], [""NONE""], [""NONE""], [""NONE""], [""NONE""], [""NONE""], [""NONE""], [""NONE""], [""NONE""], [""NONE""], [""NONE""], [""NONE""], [""NONE""], [""NONE""], [""NONE""], [""NONE""], [""NONE""], [""NONE""], [""NONE""], [""NONE""], [""NONE""], [""NONE""], [""NONE""], [""NONE""], [""NONE""]]",0
9467011,"[[827, 830]]",BZS,BZS,['MESH:D006223'],9467011.16,"827,830","[[""MESH:D006223""], [""OMIM:158350""], [""OMIM:601728""], [""MESH:C537663""], [""OMIM:301845""], [""MESH:D004832""], [""OMIM:600131""], [""OMIM:607631""], [""OMIM:611942""], [""OMIM:612269""], [""MESH:C567476""], [""OMIM:309590""], [""MESH:D020190""], [""OMIM:254770""], [""OMIM:604827""], [""OMIM:608816""], [""OMIM:611136""], [""OMIM:611364""], [""MESH:C537213""], [""OMIM:226750""], [""NONE""], [""NONE""], [""NONE""], [""NONE""], [""NONE""], [""NONE""], [""NONE""], [""NONE""], [""NONE""], [""NONE""], [""NONE""], [""NONE""], [""NONE""], [""NONE""], [""NONE""], [""NONE""], [""NONE""], [""NONE""], [""NONE""]]",0
9467011,"[[931, 933]]",CD,Cowden disease,['MESH:D006223'],9467011.17,"931,933","[[""MESH:D006223""], [""OMIM:158350""], [""OMIM:601728""], [""MESH:C567337""], [""OMIM:615107""], [""OMIM:615108""], [""NONE""], [""NONE""], [""NONE""], [""NONE""], [""NONE""], [""NONE""], [""NONE""], [""NONE""], [""NONE""], [""NONE""], [""NONE""], [""NONE""], [""NONE""], [""NONE""], [""NONE""], [""NONE""], [""NONE""], [""NONE""], [""NONE""], [""NONE""], [""NONE""], [""NONE""], [""NONE""], [""NONE""], [""NONE""], [""NONE""], [""NONE""], [""NONE""], [""NONE""], [""NONE""], [""NONE""], [""NONE""], [""NONE""]]",0
9467011,"[[1215, 1217]]",CD,Cowden disease,['MESH:D006223'],9467011.18,"1215,1217","[[""MESH:D006223""], [""OMIM:158350""], [""OMIM:601728""], [""MESH:C567337""], [""OMIM:615107""], [""OMIM:615108""], [""NONE""], [""NONE""], [""NONE""], [""NONE""], [""NONE""], [""NONE""], [""NONE""], [""NONE""], [""NONE""], [""NONE""], [""NONE""], [""NONE""], [""NONE""], [""NONE""], [""NONE""], [""NONE""], [""NONE""], [""NONE""], [""NONE""], [""NONE""], [""NONE""], [""NONE""], [""NONE""], [""NONE""], [""NONE""], [""NONE""], [""NONE""], [""NONE""], [""NONE""], [""NONE""], [""NONE""], [""NONE""], [""NONE""]]",0
9467011,"[[1300, 1302]]",CD,Cowden disease,['MESH:D006223'],9467011.19,"1300,1302","[[""MESH:D006223""], [""OMIM:158350""], [""OMIM:601728""], [""MESH:C567337""], [""OMIM:615107""], [""OMIM:615108""], [""NONE""], [""NONE""], [""NONE""], [""NONE""], [""NONE""], [""NONE""], [""NONE""], [""NONE""], [""NONE""], [""NONE""], [""NONE""], [""NONE""], [""NONE""], [""NONE""], [""NONE""], [""NONE""], [""NONE""], [""NONE""], [""NONE""], [""NONE""], [""NONE""], [""NONE""], [""NONE""], [""NONE""], [""NONE""], [""NONE""], [""NONE""], [""NONE""], [""NONE""], [""NONE""], [""NONE""], [""NONE""], [""NONE""]]",0
9467011,"[[1575, 1578]]",BZS,BZS,['MESH:D006223'],9467011.20,"1575,1578","[[""MESH:D006223""], [""OMIM:158350""], [""OMIM:601728""], [""MESH:C537663""], [""OMIM:301845""], [""MESH:D004832""], [""OMIM:600131""], [""OMIM:607631""], [""OMIM:611942""], [""OMIM:612269""], [""MESH:C567476""], [""OMIM:309590""], [""MESH:D020190""], [""OMIM:254770""], [""OMIM:604827""], [""OMIM:608816""], [""OMIM:611136""], [""OMIM:611364""], [""MESH:C537213""], [""OMIM:226750""], [""NONE""], [""NONE""], [""NONE""], [""NONE""], [""NONE""], [""NONE""], [""NONE""], [""NONE""], [""NONE""], [""NONE""], [""NONE""], [""NONE""], [""NONE""], [""NONE""], [""NONE""], [""NONE""], [""NONE""], [""NONE""], [""NONE""]]",0
9467011,"[[1799, 1801]]",CD,Cowden disease,['MESH:D006223'],9467011.21,"1799,1801","[[""MESH:D006223""], [""OMIM:158350""], [""OMIM:601728""], [""MESH:C567337""], [""OMIM:615107""], [""OMIM:615108""], [""NONE""], [""NONE""], [""NONE""], [""NONE""], [""NONE""], [""NONE""], [""NONE""], [""NONE""], [""NONE""], [""NONE""], [""NONE""], [""NONE""], [""NONE""], [""NONE""], [""NONE""], [""NONE""], [""NONE""], [""NONE""], [""NONE""], [""NONE""], [""NONE""], [""NONE""], [""NONE""], [""NONE""], [""NONE""], [""NONE""], [""NONE""], [""NONE""], [""NONE""], [""NONE""], [""NONE""], [""NONE""], [""NONE""]]",0
9467011,"[[1819, 1822]]",BZS,BZS,['MESH:D006223'],9467011.22,"1819,1822","[[""MESH:D006223""], [""OMIM:158350""], [""OMIM:601728""], [""MESH:C537663""], [""OMIM:301845""], [""MESH:D004832""], [""OMIM:600131""], [""OMIM:607631""], [""OMIM:611942""], [""OMIM:612269""], [""MESH:C567476""], [""OMIM:309590""], [""MESH:D020190""], [""OMIM:254770""], [""OMIM:604827""], [""OMIM:608816""], [""OMIM:611136""], [""OMIM:611364""], [""MESH:C537213""], [""OMIM:226750""], [""NONE""], [""NONE""], [""NONE""], [""NONE""], [""NONE""], [""NONE""], [""NONE""], [""NONE""], [""NONE""], [""NONE""], [""NONE""], [""NONE""], [""NONE""], [""NONE""], [""NONE""], [""NONE""], [""NONE""], [""NONE""], [""NONE""]]",0
9467011,"[[1900, 1903]]",BZS,BZS,['MESH:D006223'],9467011.23,"1900,1903","[[""MESH:D006223""], [""OMIM:158350""], [""OMIM:601728""], [""MESH:C537663""], [""OMIM:301845""], [""MESH:D004832""], [""OMIM:600131""], [""OMIM:607631""], [""OMIM:611942""], [""OMIM:612269""], [""MESH:C567476""], [""OMIM:309590""], [""MESH:D020190""], [""OMIM:254770""], [""OMIM:604827""], [""OMIM:608816""], [""OMIM:611136""], [""OMIM:611364""], [""MESH:C537213""], [""OMIM:226750""], [""NONE""], [""NONE""], [""NONE""], [""NONE""], [""NONE""], [""NONE""], [""NONE""], [""NONE""], [""NONE""], [""NONE""], [""NONE""], [""NONE""], [""NONE""], [""NONE""], [""NONE""], [""NONE""], [""NONE""], [""NONE""], [""NONE""]]",0
9467011,"[[1966, 1968]]",CD,Cowden disease,['MESH:D006223'],9467011.24,"1966,1968","[[""MESH:D006223""], [""OMIM:158350""], [""OMIM:601728""], [""MESH:C567337""], [""OMIM:615107""], [""OMIM:615108""], [""NONE""], [""NONE""], [""NONE""], [""NONE""], [""NONE""], [""NONE""], [""NONE""], [""NONE""], [""NONE""], [""NONE""], [""NONE""], [""NONE""], [""NONE""], [""NONE""], [""NONE""], [""NONE""], [""NONE""], [""NONE""], [""NONE""], [""NONE""], [""NONE""], [""NONE""], [""NONE""], [""NONE""], [""NONE""], [""NONE""], [""NONE""], [""NONE""], [""NONE""], [""NONE""], [""NONE""], [""NONE""], [""NONE""]]",0
9467011,"[[2109, 2111]]",CD,Cowden disease,['MESH:D006223'],9467011.25,"2109,2111","[[""MESH:D006223""], [""OMIM:158350""], [""OMIM:601728""], [""MESH:C567337""], [""OMIM:615107""], [""OMIM:615108""], [""NONE""], [""NONE""], [""NONE""], [""NONE""], [""NONE""], [""NONE""], [""NONE""], [""NONE""], [""NONE""], [""NONE""], [""NONE""], [""NONE""], [""NONE""], [""NONE""], [""NONE""], [""NONE""], [""NONE""], [""NONE""], [""NONE""], [""NONE""], [""NONE""], [""NONE""], [""NONE""], [""NONE""], [""NONE""], [""NONE""], [""NONE""], [""NONE""], [""NONE""], [""NONE""], [""NONE""], [""NONE""], [""NONE""]]",0
9467011,"[[2126, 2140]]",breast disease,breast disease,['MESH:D001941'],9467011.26,"2126,2140","[[""MESH:D001941""], [""MESH:D014591""], [""NONE""], [""NONE""], [""NONE""], [""NONE""], [""NONE""], [""NONE""], [""NONE""], [""NONE""], [""NONE""], [""NONE""], [""NONE""], [""NONE""], [""NONE""], [""NONE""], [""NONE""], [""NONE""], [""NONE""], [""NONE""], [""NONE""], [""NONE""], [""NONE""], [""NONE""], [""NONE""], [""NONE""], [""NONE""], [""NONE""], [""NONE""], [""NONE""], [""NONE""], [""NONE""], [""NONE""], [""NONE""], [""NONE""], [""NONE""], [""NONE""], [""NONE""], [""NONE""]]",0
9467011,"[[2825, 2827]]",CD,Cowden disease,['MESH:D006223'],9467011.28,"2825,2827","[[""MESH:D006223""], [""OMIM:158350""], [""OMIM:601728""], [""MESH:C567337""], [""OMIM:615107""], [""OMIM:615108""], [""NONE""], [""NONE""], [""NONE""], [""NONE""], [""NONE""], [""NONE""], [""NONE""], [""NONE""], [""NONE""], [""NONE""], [""NONE""], [""NONE""], [""NONE""], [""NONE""], [""NONE""], [""NONE""], [""NONE""], [""NONE""], [""NONE""], [""NONE""], [""NONE""], [""NONE""], [""NONE""], [""NONE""], [""NONE""], [""NONE""], [""NONE""], [""NONE""], [""NONE""], [""NONE""], [""NONE""], [""NONE""], [""NONE""]]",0
9472666,"[[35, 69]]",complement component C6 deficiency,complement component C6 deficiency,['OMIM:612446'],9472666.1,"35,69","[[""MESH:C567307""], [""OMIM:612446""], [""MESH:C567308""], [""MESH:D065766""], [""OMIM:235400""], [""OMIM:612922""], [""OMIM:612923""], [""OMIM:612924""], [""OMIM:612925""], [""OMIM:612926""], [""MESH:D026681""], [""NONE""], [""NONE""], [""NONE""], [""NONE""], [""NONE""], [""NONE""], [""NONE""], [""NONE""], [""NONE""], [""NONE""], [""NONE""], [""NONE""], [""NONE""], [""NONE""], [""NONE""], [""NONE""], [""NONE""], [""NONE""], [""NONE""], [""NONE""], [""NONE""], [""NONE""], [""NONE""], [""NONE""], [""NONE""], [""NONE""], [""NONE""], [""NONE""]]",1
9472666,"[[101, 135]]",Complement component C6 deficiency,Complement component C6 deficiency,['OMIM:612446'],9472666.2,"101,135","[[""MESH:C567307""], [""OMIM:612446""], [""MESH:C567308""], [""MESH:D065766""], [""OMIM:235400""], [""OMIM:612922""], [""OMIM:612923""], [""OMIM:612924""], [""OMIM:612925""], [""OMIM:612926""], [""MESH:D026681""], [""NONE""], [""NONE""], [""NONE""], [""NONE""], [""NONE""], [""NONE""], [""NONE""], [""NONE""], [""NONE""], [""NONE""], [""NONE""], [""NONE""], [""NONE""], [""NONE""], [""NONE""], [""NONE""], [""NONE""], [""NONE""], [""NONE""], [""NONE""], [""NONE""], [""NONE""], [""NONE""], [""NONE""], [""NONE""], [""NONE""], [""NONE""], [""NONE""]]",1
9472666,"[[137, 140]]",C6D,C6 deficiency,['OMIM:612446'],9472666.3,"137,140","[[""MESH:C567307""], [""OMIM:612446""], [""MESH:C567308""], [""MESH:D065766""], [""OMIM:235400""], [""OMIM:612922""], [""OMIM:612923""], [""OMIM:612924""], [""OMIM:612925""], [""OMIM:612926""], [""MESH:D026681""], [""NONE""], [""NONE""], [""NONE""], [""NONE""], [""NONE""], [""NONE""], [""NONE""], [""NONE""], [""NONE""], [""NONE""], [""NONE""], [""NONE""], [""NONE""], [""NONE""], [""NONE""], [""NONE""], [""NONE""], [""NONE""], [""NONE""], [""NONE""], [""NONE""], [""NONE""], [""NONE""], [""NONE""], [""NONE""], [""NONE""], [""NONE""], [""NONE""]]",1
9472666,"[[200, 224]]",meningococcal meningitis,meningococcal meningitis,['MESH:D008585'],9472666.4,"200,224","[[""MESH:D008585""], [""MESH:D008589""], [""NONE""], [""NONE""], [""NONE""], [""NONE""], [""NONE""], [""NONE""], [""NONE""], [""NONE""], [""NONE""], [""NONE""], [""NONE""], [""NONE""], [""NONE""], [""NONE""], [""NONE""], [""NONE""], [""NONE""], [""NONE""], [""NONE""], [""NONE""], [""NONE""], [""NONE""], [""NONE""], [""NONE""], [""NONE""], [""NONE""], [""NONE""], [""NONE""], [""NONE""], [""NONE""], [""NONE""], [""NONE""], [""NONE""], [""NONE""], [""NONE""], [""NONE""], [""NONE""]]",0
9472666,"[[272, 275]]",C6D,C6 deficiency,['OMIM:612446'],9472666.5,"272,275","[[""MESH:C567307""], [""OMIM:612446""], [""MESH:C567308""], [""MESH:D065766""], [""OMIM:235400""], [""OMIM:612922""], [""OMIM:612923""], [""OMIM:612924""], [""OMIM:612925""], [""OMIM:612926""], [""MESH:D026681""], [""NONE""], [""NONE""], [""NONE""], [""NONE""], [""NONE""], [""NONE""], [""NONE""], [""NONE""], [""NONE""], [""NONE""], [""NONE""], [""NONE""], [""NONE""], [""NONE""], [""NONE""], [""NONE""], [""NONE""], [""NONE""], [""NONE""], [""NONE""], [""NONE""], [""NONE""], [""NONE""], [""NONE""], [""NONE""], [""NONE""], [""NONE""], [""NONE""]]",1
9472666,"[[300, 310]]",meningitis,meningitis,['MESH:D008581'],9472666.6,"300,310","[[""MESH:D008581""], [""MESH:D008580""], [""MESH:D008590""], [""MESH:D016920""], [""NONE""], [""NONE""], [""NONE""], [""NONE""], [""NONE""], [""NONE""], [""NONE""], [""NONE""], [""NONE""], [""NONE""], [""NONE""], [""NONE""], [""NONE""], [""NONE""], [""NONE""], [""NONE""], [""NONE""], [""NONE""], [""NONE""], [""NONE""], [""NONE""], [""NONE""], [""NONE""], [""NONE""], [""NONE""], [""NONE""], [""NONE""], [""NONE""], [""NONE""], [""NONE""], [""NONE""], [""NONE""], [""NONE""], [""NONE""], [""NONE""]]",0
9472666,"[[320, 340]]",neisserial infection,neisserial infection,['MESH:D016870'],9472666.7,"320,340","[[""MESH:D016870""], [""MESH:D006069""], [""MESH:D008589""], [""NONE""], [""NONE""], [""NONE""], [""NONE""], [""NONE""], [""NONE""], [""NONE""], [""NONE""], [""NONE""], [""NONE""], [""NONE""], [""NONE""], [""NONE""], [""NONE""], [""NONE""], [""NONE""], [""NONE""], [""NONE""], [""NONE""], [""NONE""], [""NONE""], [""NONE""], [""NONE""], [""NONE""], [""NONE""], [""NONE""], [""NONE""], [""NONE""], [""NONE""], [""NONE""], [""NONE""], [""NONE""], [""NONE""], [""NONE""], [""NONE""], [""NONE""]]",0
9472666,"[[720, 723]]",C6D,C6 deficiency,['OMIM:612446'],9472666.8,"720,723","[[""MESH:C567307""], [""OMIM:612446""], [""MESH:C567308""], [""MESH:D065766""], [""OMIM:235400""], [""OMIM:612922""], [""OMIM:612923""], [""OMIM:612924""], [""OMIM:612925""], [""OMIM:612926""], [""MESH:D026681""], [""NONE""], [""NONE""], [""NONE""], [""NONE""], [""NONE""], [""NONE""], [""NONE""], [""NONE""], [""NONE""], [""NONE""], [""NONE""], [""NONE""], [""NONE""], [""NONE""], [""NONE""], [""NONE""], [""NONE""], [""NONE""], [""NONE""], [""NONE""], [""NONE""], [""NONE""], [""NONE""], [""NONE""], [""NONE""], [""NONE""], [""NONE""], [""NONE""]]",1
9482572,"[[69, 77]]",aniridia,aniridia,['MESH:D015783'],9482572.1,"69,77","[[""MESH:D015783""], [""OMIM:106210""], [""OMIM:617141""], [""OMIM:617142""], [""MESH:C536372""], [""MESH:C566280""], [""NONE""], [""NONE""], [""NONE""], [""NONE""], [""NONE""], [""NONE""], [""NONE""], [""NONE""], [""NONE""], [""NONE""], [""NONE""], [""NONE""], [""NONE""], [""NONE""], [""NONE""], [""NONE""], [""NONE""], [""NONE""], [""NONE""], [""NONE""], [""NONE""], [""NONE""], [""NONE""], [""NONE""], [""NONE""], [""NONE""], [""NONE""], [""NONE""], [""NONE""], [""NONE""], [""NONE""], [""NONE""], [""NONE""]]",0
9482572,"[[120, 134]]",Peters anomaly,Peters anomaly,['MESH:C537884'],9482572.2,"120,134","[[""MESH:C537884""], [""OMIM:604229""], [""MESH:C537617""], [""OMIM:261540""], [""MESH:C537885""], [""MESH:C537775""], [""OMIM:107250""], [""OMIM:269400""], [""OMIM:617315""], [""OMIM:617319""], [""NONE""], [""NONE""], [""NONE""], [""NONE""], [""NONE""], [""NONE""], [""NONE""], [""NONE""], [""NONE""], [""NONE""], [""NONE""], [""NONE""], [""NONE""], [""NONE""], [""NONE""], [""NONE""], [""NONE""], [""NONE""], [""NONE""], [""NONE""], [""NONE""], [""NONE""], [""NONE""], [""NONE""], [""NONE""], [""NONE""], [""NONE""], [""NONE""], [""NONE""]]",0
9482572,"[[141, 161]]",congenital cataracts,congenital cataracts,['MESH:D002386'],9482572.3,"141,161","[[""MESH:D002386""], [""MESH:C535338""], [""OMIM:302200""], [""OMIM:613763""], [""MESH:C538284""], [""MESH:C565815""], [""OMIM:604219""], [""MESH:C565136""], [""MESH:C565133""], [""OMIM:604307""], [""NONE""], [""NONE""], [""NONE""], [""NONE""], [""NONE""], [""NONE""], [""NONE""], [""NONE""], [""NONE""], [""NONE""], [""NONE""], [""NONE""], [""NONE""], [""NONE""], [""NONE""], [""NONE""], [""NONE""], [""NONE""], [""NONE""], [""NONE""], [""NONE""], [""NONE""], [""NONE""], [""NONE""], [""NONE""], [""NONE""], [""NONE""], [""NONE""], [""NONE""]]",0
9482572,"[[168, 196]]",autosomal dominant keratitis,autosomal dominant keratitis,['MESH:C537022'],9482572.4,"168,196","[[""MESH:C537022""], [""OMIM:148190""], [""MESH:C563650""], [""MESH:C563649""], [""OMIM:148300""], [""MESH:C531719""], [""MESH:D015823""], [""MESH:D003320""], [""MESH:D007635""], [""MESH:C563827""], [""OMIM:608932""], [""MESH:C536156""], [""NONE""], [""NONE""], [""NONE""], [""NONE""], [""NONE""], [""NONE""], [""NONE""], [""NONE""], [""NONE""], [""NONE""], [""NONE""], [""NONE""], [""NONE""], [""NONE""], [""NONE""], [""NONE""], [""NONE""], [""NONE""], [""NONE""], [""NONE""], [""NONE""], [""NONE""], [""NONE""], [""NONE""], [""NONE""], [""NONE""], [""NONE""]]",0
9482572,"[[207, 233]]",isolated foveal hypoplasia,isolated foveal hypoplasia,['OMIM:136520'],9482572.5,"207,233","[[""MESH:C565005""], [""MESH:C537858""], [""OMIM:136520""], [""MESH:C563774""], [""OMIM:609218""], [""MESH:C565006""], [""MESH:C537835""], [""OMIM:136550""], [""NONE""], [""NONE""], [""NONE""], [""NONE""], [""NONE""], [""NONE""], [""NONE""], [""NONE""], [""NONE""], [""NONE""], [""NONE""], [""NONE""], [""NONE""], [""NONE""], [""NONE""], [""NONE""], [""NONE""], [""NONE""], [""NONE""], [""NONE""], [""NONE""], [""NONE""], [""NONE""], [""NONE""], [""NONE""], [""NONE""], [""NONE""], [""NONE""], [""NONE""], [""NONE""], [""NONE""]]",2
9482572,"[[295, 303]]",aniridia,aniridia,['MESH:D015783'],9482572.6,"295,303","[[""MESH:D015783""], [""OMIM:106210""], [""OMIM:617141""], [""OMIM:617142""], [""MESH:C536372""], [""MESH:C566280""], [""NONE""], [""NONE""], [""NONE""], [""NONE""], [""NONE""], [""NONE""], [""NONE""], [""NONE""], [""NONE""], [""NONE""], [""NONE""], [""NONE""], [""NONE""], [""NONE""], [""NONE""], [""NONE""], [""NONE""], [""NONE""], [""NONE""], [""NONE""], [""NONE""], [""NONE""], [""NONE""], [""NONE""], [""NONE""], [""NONE""], [""NONE""], [""NONE""], [""NONE""], [""NONE""], [""NONE""], [""NONE""], [""NONE""]]",0
9497246,"[[78, 91]]",breast cancer,breast cancer,['MESH:D001943'],9497246.1,"78,91","[[""MESH:D001943""], [""OMIM:114480""], [""NONE""], [""NONE""], [""NONE""], [""NONE""], [""NONE""], [""NONE""], [""NONE""], [""NONE""], [""NONE""], [""NONE""], [""NONE""], [""NONE""], [""NONE""], [""NONE""], [""NONE""], [""NONE""], [""NONE""], [""NONE""], [""NONE""], [""NONE""], [""NONE""], [""NONE""], [""NONE""], [""NONE""], [""NONE""], [""NONE""], [""NONE""], [""NONE""], [""NONE""], [""NONE""], [""NONE""], [""NONE""], [""NONE""], [""NONE""], [""NONE""], [""NONE""], [""NONE""]]",0
9497246,"[[106, 119]]",Breast Cancer,Breast Cancer,['MESH:D001943'],9497246.2,"106,119","[[""MESH:D001943""], [""OMIM:114480""], [""NONE""], [""NONE""], [""NONE""], [""NONE""], [""NONE""], [""NONE""], [""NONE""], [""NONE""], [""NONE""], [""NONE""], [""NONE""], [""NONE""], [""NONE""], [""NONE""], [""NONE""], [""NONE""], [""NONE""], [""NONE""], [""NONE""], [""NONE""], [""NONE""], [""NONE""], [""NONE""], [""NONE""], [""NONE""], [""NONE""], [""NONE""], [""NONE""], [""NONE""], [""NONE""], [""NONE""], [""NONE""], [""NONE""], [""NONE""], [""NONE""], [""NONE""], [""NONE""]]",0
9497246,"[[179, 202]]",inherited breast cancer,inherited breast cancer,['MESH:D001943'],9497246.3,"179,202","[[""MESH:C562840""], [""MESH:D061325""], [""MESH:C566178""], [""OMIM:604370""], [""MESH:D001943""], [""OMIM:114480""], [""MESH:D009386""], [""MESH:C536192""], [""OMIM:229200""], [""NONE""], [""NONE""], [""NONE""], [""NONE""], [""NONE""], [""NONE""], [""NONE""], [""NONE""], [""NONE""], [""NONE""], [""NONE""], [""NONE""], [""NONE""], [""NONE""], [""NONE""], [""NONE""], [""NONE""], [""NONE""], [""NONE""], [""NONE""], [""NONE""], [""NONE""], [""NONE""], [""NONE""], [""NONE""], [""NONE""], [""NONE""], [""NONE""], [""NONE""], [""NONE""]]",4
9497246,"[[299, 312]]",breast cancer,breast cancer,['MESH:D001943'],9497246.4,"299,312","[[""MESH:D001943""], [""OMIM:114480""], [""NONE""], [""NONE""], [""NONE""], [""NONE""], [""NONE""], [""NONE""], [""NONE""], [""NONE""], [""NONE""], [""NONE""], [""NONE""], [""NONE""], [""NONE""], [""NONE""], [""NONE""], [""NONE""], [""NONE""], [""NONE""], [""NONE""], [""NONE""], [""NONE""], [""NONE""], [""NONE""], [""NONE""], [""NONE""], [""NONE""], [""NONE""], [""NONE""], [""NONE""], [""NONE""], [""NONE""], [""NONE""], [""NONE""], [""NONE""], [""NONE""], [""NONE""], [""NONE""]]",0
9497246,"[[331, 344]]",Breast Cancer,Breast Cancer,['MESH:D001943'],9497246.5,"331,344","[[""MESH:D001943""], [""OMIM:114480""], [""NONE""], [""NONE""], [""NONE""], [""NONE""], [""NONE""], [""NONE""], [""NONE""], [""NONE""], [""NONE""], [""NONE""], [""NONE""], [""NONE""], [""NONE""], [""NONE""], [""NONE""], [""NONE""], [""NONE""], [""NONE""], [""NONE""], [""NONE""], [""NONE""], [""NONE""], [""NONE""], [""NONE""], [""NONE""], [""NONE""], [""NONE""], [""NONE""], [""NONE""], [""NONE""], [""NONE""], [""NONE""], [""NONE""], [""NONE""], [""NONE""], [""NONE""], [""NONE""]]",0
9497246,"[[424, 448]]",ovarian or other cancers,ovarian or other cancers,"['MESH:D010051', 'MESH:D009369']",9497246.6,"424,448","[[""MESH:D010051""], [""OMIM:167000""], [""OMIM:607893""], [""NONE""], [""NONE""], [""NONE""], [""NONE""], [""NONE""], [""NONE""], [""NONE""], [""NONE""], [""NONE""], [""NONE""], [""NONE""], [""NONE""], [""NONE""], [""NONE""], [""NONE""], [""NONE""], [""NONE""], [""NONE""], [""NONE""], [""NONE""], [""NONE""], [""NONE""], [""NONE""], [""NONE""], [""NONE""], [""NONE""], [""NONE""], [""NONE""], [""NONE""], [""NONE""], [""NONE""], [""NONE""], [""NONE""], [""NONE""], [""NONE""], [""NONE""]]",0
9497246,"[[681, 702]]",breast-ovarian cancer,breast-ovarian cancer,['MESH:D061325'],9497246.7,"681,702","[[""MESH:D061325""], [""OMIM:604370""], [""OMIM:613399""], [""MESH:D001943""], [""OMIM:114480""], [""OMIM:612555""], [""MESH:C562840""], [""OMIM:614291""], [""NONE""], [""NONE""], [""NONE""], [""NONE""], [""NONE""], [""NONE""], [""NONE""], [""NONE""], [""NONE""], [""NONE""], [""NONE""], [""NONE""], [""NONE""], [""NONE""], [""NONE""], [""NONE""], [""NONE""], [""NONE""], [""NONE""], [""NONE""], [""NONE""], [""NONE""], [""NONE""], [""NONE""], [""NONE""], [""NONE""], [""NONE""], [""NONE""], [""NONE""], [""NONE""], [""NONE""]]",0
9497246,"[[810, 839]]",male and female breast cancer,male and female breast cancer,"['MESH:D018567', 'MESH:D001943']",9497246.8,"810,839","[[""MESH:D001943""], [""OMIM:114480""], [""MESH:D018567""], [""NONE""], [""NONE""], [""NONE""], [""NONE""], [""NONE""], [""NONE""], [""NONE""], [""NONE""], [""NONE""], [""NONE""], [""NONE""], [""NONE""], [""NONE""], [""NONE""], [""NONE""], [""NONE""], [""NONE""], [""NONE""], [""NONE""], [""NONE""], [""NONE""], [""NONE""], [""NONE""], [""NONE""], [""NONE""], [""NONE""], [""NONE""], [""NONE""], [""NONE""], [""NONE""], [""NONE""], [""NONE""], [""NONE""], [""NONE""], [""NONE""], [""NONE""]]",0
9497246,"[[981, 994]]",breast cancer,breast cancer,['MESH:D001943'],9497246.9,"981,994","[[""MESH:D001943""], [""OMIM:114480""], [""NONE""], [""NONE""], [""NONE""], [""NONE""], [""NONE""], [""NONE""], [""NONE""], [""NONE""], [""NONE""], [""NONE""], [""NONE""], [""NONE""], [""NONE""], [""NONE""], [""NONE""], [""NONE""], [""NONE""], [""NONE""], [""NONE""], [""NONE""], [""NONE""], [""NONE""], [""NONE""], [""NONE""], [""NONE""], [""NONE""], [""NONE""], [""NONE""], [""NONE""], [""NONE""], [""NONE""], [""NONE""], [""NONE""], [""NONE""], [""NONE""], [""NONE""], [""NONE""]]",0
9497246,"[[1616, 1629]]",breast cancer,breast cancer,['MESH:D001943'],9497246.10,"1616,1629","[[""MESH:D001943""], [""OMIM:114480""], [""NONE""], [""NONE""], [""NONE""], [""NONE""], [""NONE""], [""NONE""], [""NONE""], [""NONE""], [""NONE""], [""NONE""], [""NONE""], [""NONE""], [""NONE""], [""NONE""], [""NONE""], [""NONE""], [""NONE""], [""NONE""], [""NONE""], [""NONE""], [""NONE""], [""NONE""], [""NONE""], [""NONE""], [""NONE""], [""NONE""], [""NONE""], [""NONE""], [""NONE""], [""NONE""], [""NONE""], [""NONE""], [""NONE""], [""NONE""], [""NONE""], [""NONE""], [""NONE""]]",0
9497246,"[[1736, 1750]]",ovarian cancer,ovarian cancer,['MESH:D010051'],9497246.11,"1736,1750","[[""MESH:D010051""], [""OMIM:167000""], [""OMIM:607893""], [""NONE""], [""NONE""], [""NONE""], [""NONE""], [""NONE""], [""NONE""], [""NONE""], [""NONE""], [""NONE""], [""NONE""], [""NONE""], [""NONE""], [""NONE""], [""NONE""], [""NONE""], [""NONE""], [""NONE""], [""NONE""], [""NONE""], [""NONE""], [""NONE""], [""NONE""], [""NONE""], [""NONE""], [""NONE""], [""NONE""], [""NONE""], [""NONE""], [""NONE""], [""NONE""], [""NONE""], [""NONE""], [""NONE""], [""NONE""], [""NONE""], [""NONE""]]",0
9497246,"[[1863, 1876]]",breast cancer,breast cancer,['MESH:D001943'],9497246.12,"1863,1876","[[""MESH:D001943""], [""OMIM:114480""], [""NONE""], [""NONE""], [""NONE""], [""NONE""], [""NONE""], [""NONE""], [""NONE""], [""NONE""], [""NONE""], [""NONE""], [""NONE""], [""NONE""], [""NONE""], [""NONE""], [""NONE""], [""NONE""], [""NONE""], [""NONE""], [""NONE""], [""NONE""], [""NONE""], [""NONE""], [""NONE""], [""NONE""], [""NONE""], [""NONE""], [""NONE""], [""NONE""], [""NONE""], [""NONE""], [""NONE""], [""NONE""], [""NONE""], [""NONE""], [""NONE""], [""NONE""], [""NONE""]]",0
9506545,"[[73, 97]]",cerebellar ataxia type I,cerebellar ataxia type I,['MESH:D020754'],9506545.2,"73,97","[[""MESH:C565188""], [""OMIM:610743""], [""MESH:C579934""], [""MESH:C537206""], [""OMIM:117360""], [""MESH:D013132""], [""OMIM:248800""], [""MESH:D020754""], [""OMIM:164400""], [""OMIM:164500""], [""OMIM:183086""], [""OMIM:183090""], [""OMIM:600223""], [""OMIM:600224""], [""OMIM:612876""], [""OMIM:613728""], [""OMIM:613908""], [""OMIM:613909""], [""OMIM:614153""], [""OMIM:614229""], [""OMIM:614322""], [""OMIM:614831""], [""OMIM:615386""], [""OMIM:615705""], [""OMIM:615768""], [""OMIM:615957""], [""OMIM:616053""], [""OMIM:616127""], [""OMIM:616204""], [""OMIM:616354""], [""OMIM:616410""], [""OMIM:616719""], [""OMIM:616795""], [""OMIM:616948""], [""OMIM:616949""], [""OMIM:617018""], [""OMIM:617133""], [""MESH:C538013""], [""OMIM:208920""]]",7
9506545,"[[278, 303]]",cerebellar ataxias type I,cerebellar ataxias type I,['MESH:D020754'],9506545.3,"278,303","[[""MESH:C565188""], [""OMIM:610743""], [""MESH:C579934""], [""MESH:D013132""], [""OMIM:248800""], [""MESH:C537206""], [""OMIM:117360""], [""MESH:D020754""], [""OMIM:164400""], [""OMIM:164500""], [""OMIM:183086""], [""OMIM:183090""], [""OMIM:600223""], [""OMIM:600224""], [""OMIM:612876""], [""OMIM:613728""], [""OMIM:613908""], [""OMIM:613909""], [""OMIM:614153""], [""OMIM:614229""], [""OMIM:614322""], [""OMIM:614831""], [""OMIM:615386""], [""OMIM:615705""], [""OMIM:615768""], [""OMIM:615957""], [""OMIM:616053""], [""OMIM:616127""], [""OMIM:616204""], [""OMIM:616354""], [""OMIM:616410""], [""OMIM:616719""], [""OMIM:616795""], [""OMIM:616948""], [""OMIM:616949""], [""OMIM:617018""], [""OMIM:617133""], [""NONE""], [""NONE""]]",7
9506545,"[[304, 335]]",spinocerebellar ataxias 1 and 2,spinocerebellar ataxias 1 and 2,"['OMIM:164400', 'OMIM:183090']",9506545.4,"304,335","[[""MESH:D020754""], [""OMIM:164400""], [""OMIM:164500""], [""OMIM:183086""], [""OMIM:183090""], [""OMIM:600223""], [""OMIM:600224""], [""OMIM:612876""], [""OMIM:613728""], [""OMIM:613908""], [""OMIM:613909""], [""OMIM:614153""], [""OMIM:614229""], [""OMIM:614322""], [""OMIM:614831""], [""OMIM:615386""], [""OMIM:615705""], [""OMIM:615768""], [""OMIM:615957""], [""OMIM:616053""], [""OMIM:616127""], [""OMIM:616204""], [""OMIM:616354""], [""OMIM:616410""], [""OMIM:616719""], [""OMIM:616795""], [""OMIM:616948""], [""OMIM:616949""], [""OMIM:617018""], [""OMIM:617133""], [""NONE""], [""NONE""], [""NONE""], [""NONE""], [""NONE""], [""NONE""], [""NONE""], [""NONE""], [""NONE""]]",1
9506545,"[[337, 341]]",SCA1,SCA1,['OMIM:164400'],9506545.5,"337,341","[[""MESH:D020754""], [""OMIM:164400""], [""OMIM:164500""], [""OMIM:183086""], [""OMIM:183090""], [""OMIM:600223""], [""OMIM:600224""], [""OMIM:612876""], [""OMIM:613728""], [""OMIM:613908""], [""OMIM:613909""], [""OMIM:614153""], [""OMIM:614229""], [""OMIM:614322""], [""OMIM:614831""], [""OMIM:615386""], [""OMIM:615705""], [""OMIM:615768""], [""OMIM:615957""], [""OMIM:616053""], [""OMIM:616127""], [""OMIM:616204""], [""OMIM:616354""], [""OMIM:616410""], [""OMIM:616719""], [""OMIM:616795""], [""OMIM:616948""], [""OMIM:616949""], [""OMIM:617018""], [""OMIM:617133""], [""MESH:C563134""], [""OMIM:302500""], [""NONE""], [""NONE""], [""NONE""], [""NONE""], [""NONE""], [""NONE""], [""NONE""]]",1
9506545,"[[351, 355]]",SCA2,SCA2,['OMIM:183090'],9506545.6,"351,355","[[""MESH:D020754""], [""OMIM:164400""], [""OMIM:164500""], [""OMIM:183086""], [""OMIM:183090""], [""OMIM:600223""], [""OMIM:600224""], [""OMIM:612876""], [""OMIM:613728""], [""OMIM:613908""], [""OMIM:613909""], [""OMIM:614153""], [""OMIM:614229""], [""OMIM:614322""], [""OMIM:614831""], [""OMIM:615386""], [""OMIM:615705""], [""OMIM:615768""], [""OMIM:615957""], [""OMIM:616053""], [""OMIM:616127""], [""OMIM:616204""], [""OMIM:616354""], [""OMIM:616410""], [""OMIM:616719""], [""OMIM:616795""], [""OMIM:616948""], [""OMIM:616949""], [""OMIM:617018""], [""OMIM:617133""], [""MESH:C537314""], [""OMIM:302600""], [""NONE""], [""NONE""], [""NONE""], [""NONE""], [""NONE""], [""NONE""], [""NONE""]]",4
9506545,"[[369, 373]]",SCA3,SCA3,['MESH:D017827'],9506545.7,"369,373","[[""MESH:D017827""], [""OMIM:109150""], [""MESH:C537315""], [""OMIM:301790""], [""MESH:C538631""], [""NONE""], [""NONE""], [""NONE""], [""NONE""], [""NONE""], [""NONE""], [""NONE""], [""NONE""], [""NONE""], [""NONE""], [""NONE""], [""NONE""], [""NONE""], [""NONE""], [""NONE""], [""NONE""], [""NONE""], [""NONE""], [""NONE""], [""NONE""], [""NONE""], [""NONE""], [""NONE""], [""NONE""], [""NONE""], [""NONE""], [""NONE""], [""NONE""], [""NONE""], [""NONE""], [""NONE""], [""NONE""], [""NONE""], [""NONE""]]",0
9506545,"[[374, 396]]",Machado-Joseph disease,Machado-Joseph disease,['MESH:D017827'],9506545.8,"374,396","[[""MESH:D017827""], [""OMIM:109150""], [""NONE""], [""NONE""], [""NONE""], [""NONE""], [""NONE""], [""NONE""], [""NONE""], [""NONE""], [""NONE""], [""NONE""], [""NONE""], [""NONE""], [""NONE""], [""NONE""], [""NONE""], [""NONE""], [""NONE""], [""NONE""], [""NONE""], [""NONE""], [""NONE""], [""NONE""], [""NONE""], [""NONE""], [""NONE""], [""NONE""], [""NONE""], [""NONE""], [""NONE""], [""NONE""], [""NONE""], [""NONE""], [""NONE""], [""NONE""], [""NONE""], [""NONE""], [""NONE""]]",0
9506545,"[[398, 401]]",MJD,SCA3/Machado-Joseph disease,['MESH:D017827'],9506545.9,"398,401","[[""MESH:D017827""], [""OMIM:109150""], [""NONE""], [""NONE""], [""NONE""], [""NONE""], [""NONE""], [""NONE""], [""NONE""], [""NONE""], [""NONE""], [""NONE""], [""NONE""], [""NONE""], [""NONE""], [""NONE""], [""NONE""], [""NONE""], [""NONE""], [""NONE""], [""NONE""], [""NONE""], [""NONE""], [""NONE""], [""NONE""], [""NONE""], [""NONE""], [""NONE""], [""NONE""], [""NONE""], [""NONE""], [""NONE""], [""NONE""], [""NONE""], [""NONE""], [""NONE""], [""NONE""], [""NONE""], [""NONE""]]",0
9506545,"[[416, 420]]",SCA1,SCA1,['OMIM:164400'],9506545.10,"416,420","[[""MESH:D020754""], [""OMIM:164400""], [""OMIM:164500""], [""OMIM:183086""], [""OMIM:183090""], [""OMIM:600223""], [""OMIM:600224""], [""OMIM:612876""], [""OMIM:613728""], [""OMIM:613908""], [""OMIM:613909""], [""OMIM:614153""], [""OMIM:614229""], [""OMIM:614322""], [""OMIM:614831""], [""OMIM:615386""], [""OMIM:615705""], [""OMIM:615768""], [""OMIM:615957""], [""OMIM:616053""], [""OMIM:616127""], [""OMIM:616204""], [""OMIM:616354""], [""OMIM:616410""], [""OMIM:616719""], [""OMIM:616795""], [""OMIM:616948""], [""OMIM:616949""], [""OMIM:617018""], [""OMIM:617133""], [""MESH:C563134""], [""OMIM:302500""], [""NONE""], [""NONE""], [""NONE""], [""NONE""], [""NONE""], [""NONE""], [""NONE""]]",1
9506545,"[[482, 493]]",hypermetria,hypermetria,['MESH:D002524'],9506545.11,"482,493","[[""MESH:D002524""], [""MESH:D006956""], [""MESH:D012030""], [""NONE""], [""NONE""], [""NONE""], [""NONE""], [""NONE""], [""NONE""], [""NONE""], [""NONE""], [""NONE""], [""NONE""], [""NONE""], [""NONE""], [""NONE""], [""NONE""], [""NONE""], [""NONE""], [""NONE""], [""NONE""], [""NONE""], [""NONE""], [""NONE""], [""NONE""], [""NONE""], [""NONE""], [""NONE""], [""NONE""], [""NONE""], [""NONE""], [""NONE""], [""NONE""], [""NONE""], [""NONE""], [""NONE""], [""NONE""], [""NONE""], [""NONE""]]",0
9506545,"[[537, 541]]",SCA2,SCA2,['OMIM:183090'],9506545.12,"537,541","[[""MESH:D020754""], [""OMIM:164400""], [""OMIM:164500""], [""OMIM:183086""], [""OMIM:183090""], [""OMIM:600223""], [""OMIM:600224""], [""OMIM:612876""], [""OMIM:613728""], [""OMIM:613908""], [""OMIM:613909""], [""OMIM:614153""], [""OMIM:614229""], [""OMIM:614322""], [""OMIM:614831""], [""OMIM:615386""], [""OMIM:615705""], [""OMIM:615768""], [""OMIM:615957""], [""OMIM:616053""], [""OMIM:616127""], [""OMIM:616204""], [""OMIM:616354""], [""OMIM:616410""], [""OMIM:616719""], [""OMIM:616795""], [""OMIM:616948""], [""OMIM:616949""], [""OMIM:617018""], [""OMIM:617133""], [""MESH:C537314""], [""OMIM:302600""], [""NONE""], [""NONE""], [""NONE""], [""NONE""], [""NONE""], [""NONE""], [""NONE""]]",4
9506545,"[[816, 820]]",SCA3,SCA3,['MESH:D017827'],9506545.13,"816,820","[[""MESH:D017827""], [""OMIM:109150""], [""MESH:C537315""], [""OMIM:301790""], [""MESH:C538631""], [""NONE""], [""NONE""], [""NONE""], [""NONE""], [""NONE""], [""NONE""], [""NONE""], [""NONE""], [""NONE""], [""NONE""], [""NONE""], [""NONE""], [""NONE""], [""NONE""], [""NONE""], [""NONE""], [""NONE""], [""NONE""], [""NONE""], [""NONE""], [""NONE""], [""NONE""], [""NONE""], [""NONE""], [""NONE""], [""NONE""], [""NONE""], [""NONE""], [""NONE""], [""NONE""], [""NONE""], [""NONE""], [""NONE""], [""NONE""]]",0
9506545,"[[822, 843]]",gaze-evoked nystagmus,gaze-evoked nystagmus,['MESH:D009759'],9506545.14,"822,843","[[""MESH:D009759""], [""NONE""], [""NONE""], [""NONE""], [""NONE""], [""NONE""], [""NONE""], [""NONE""], [""NONE""], [""NONE""], [""NONE""], [""NONE""], [""NONE""], [""NONE""], [""NONE""], [""NONE""], [""NONE""], [""NONE""], [""NONE""], [""NONE""], [""NONE""], [""NONE""], [""NONE""], [""NONE""], [""NONE""], [""NONE""], [""NONE""], [""NONE""], [""NONE""], [""NONE""], [""NONE""], [""NONE""], [""NONE""], [""NONE""], [""NONE""], [""NONE""], [""NONE""], [""NONE""], [""NONE""]]",0
9506545,"[[1011, 1032]]",gaze-evoked nystagmus,gaze-evoked nystagmus,['MESH:D009759'],9506545.15,"1011,1032","[[""MESH:D009759""], [""NONE""], [""NONE""], [""NONE""], [""NONE""], [""NONE""], [""NONE""], [""NONE""], [""NONE""], [""NONE""], [""NONE""], [""NONE""], [""NONE""], [""NONE""], [""NONE""], [""NONE""], [""NONE""], [""NONE""], [""NONE""], [""NONE""], [""NONE""], [""NONE""], [""NONE""], [""NONE""], [""NONE""], [""NONE""], [""NONE""], [""NONE""], [""NONE""], [""NONE""], [""NONE""], [""NONE""], [""NONE""], [""NONE""], [""NONE""], [""NONE""], [""NONE""], [""NONE""], [""NONE""]]",0
9506545,"[[1081, 1085]]",SCA1,SCA1,['OMIM:164400'],9506545.16,"1081,1085","[[""MESH:D020754""], [""OMIM:164400""], [""OMIM:164500""], [""OMIM:183086""], [""OMIM:183090""], [""OMIM:600223""], [""OMIM:600224""], [""OMIM:612876""], [""OMIM:613728""], [""OMIM:613908""], [""OMIM:613909""], [""OMIM:614153""], [""OMIM:614229""], [""OMIM:614322""], [""OMIM:614831""], [""OMIM:615386""], [""OMIM:615705""], [""OMIM:615768""], [""OMIM:615957""], [""OMIM:616053""], [""OMIM:616127""], [""OMIM:616204""], [""OMIM:616354""], [""OMIM:616410""], [""OMIM:616719""], [""OMIM:616795""], [""OMIM:616948""], [""OMIM:616949""], [""OMIM:617018""], [""OMIM:617133""], [""MESH:C563134""], [""OMIM:302500""], [""NONE""], [""NONE""], [""NONE""], [""NONE""], [""NONE""], [""NONE""], [""NONE""]]",1
9506545,"[[1098, 1102]]",SCA2,SCA2,['OMIM:183090'],9506545.17,"1098,1102","[[""MESH:D020754""], [""OMIM:164400""], [""OMIM:164500""], [""OMIM:183086""], [""OMIM:183090""], [""OMIM:600223""], [""OMIM:600224""], [""OMIM:612876""], [""OMIM:613728""], [""OMIM:613908""], [""OMIM:613909""], [""OMIM:614153""], [""OMIM:614229""], [""OMIM:614322""], [""OMIM:614831""], [""OMIM:615386""], [""OMIM:615705""], [""OMIM:615768""], [""OMIM:615957""], [""OMIM:616053""], [""OMIM:616127""], [""OMIM:616204""], [""OMIM:616354""], [""OMIM:616410""], [""OMIM:616719""], [""OMIM:616795""], [""OMIM:616948""], [""OMIM:616949""], [""OMIM:617018""], [""OMIM:617133""], [""MESH:C537314""], [""OMIM:302600""], [""NONE""], [""NONE""], [""NONE""], [""NONE""], [""NONE""], [""NONE""], [""NONE""]]",4
9506545,"[[1133, 1137]]",SCA3,SCA3,['MESH:D017827'],9506545.18,"1133,1137","[[""MESH:D017827""], [""OMIM:109150""], [""MESH:C537315""], [""OMIM:301790""], [""MESH:C538631""], [""NONE""], [""NONE""], [""NONE""], [""NONE""], [""NONE""], [""NONE""], [""NONE""], [""NONE""], [""NONE""], [""NONE""], [""NONE""], [""NONE""], [""NONE""], [""NONE""], [""NONE""], [""NONE""], [""NONE""], [""NONE""], [""NONE""], [""NONE""], [""NONE""], [""NONE""], [""NONE""], [""NONE""], [""NONE""], [""NONE""], [""NONE""], [""NONE""], [""NONE""], [""NONE""], [""NONE""], [""NONE""], [""NONE""], [""NONE""]]",0
9506545,"[[1228, 1232]]",SCA1,SCA1,['OMIM:164400'],9506545.19,"1228,1232","[[""MESH:D020754""], [""OMIM:164400""], [""OMIM:164500""], [""OMIM:183086""], [""OMIM:183090""], [""OMIM:600223""], [""OMIM:600224""], [""OMIM:612876""], [""OMIM:613728""], [""OMIM:613908""], [""OMIM:613909""], [""OMIM:614153""], [""OMIM:614229""], [""OMIM:614322""], [""OMIM:614831""], [""OMIM:615386""], [""OMIM:615705""], [""OMIM:615768""], [""OMIM:615957""], [""OMIM:616053""], [""OMIM:616127""], [""OMIM:616204""], [""OMIM:616354""], [""OMIM:616410""], [""OMIM:616719""], [""OMIM:616795""], [""OMIM:616948""], [""OMIM:616949""], [""OMIM:617018""], [""OMIM:617133""], [""MESH:C563134""], [""OMIM:302500""], [""NONE""], [""NONE""], [""NONE""], [""NONE""], [""NONE""], [""NONE""], [""NONE""]]",1
9506545,"[[1234, 1238]]",SCA2,SCA2,['OMIM:183090'],9506545.20,"1234,1238","[[""MESH:D020754""], [""OMIM:164400""], [""OMIM:164500""], [""OMIM:183086""], [""OMIM:183090""], [""OMIM:600223""], [""OMIM:600224""], [""OMIM:612876""], [""OMIM:613728""], [""OMIM:613908""], [""OMIM:613909""], [""OMIM:614153""], [""OMIM:614229""], [""OMIM:614322""], [""OMIM:614831""], [""OMIM:615386""], [""OMIM:615705""], [""OMIM:615768""], [""OMIM:615957""], [""OMIM:616053""], [""OMIM:616127""], [""OMIM:616204""], [""OMIM:616354""], [""OMIM:616410""], [""OMIM:616719""], [""OMIM:616795""], [""OMIM:616948""], [""OMIM:616949""], [""OMIM:617018""], [""OMIM:617133""], [""MESH:C537314""], [""OMIM:302600""], [""NONE""], [""NONE""], [""NONE""], [""NONE""], [""NONE""], [""NONE""], [""NONE""]]",4
9506545,"[[1244, 1248]]",SCA3,SCA3,['MESH:D017827'],9506545.21,"1244,1248","[[""MESH:D017827""], [""OMIM:109150""], [""MESH:C537315""], [""OMIM:301790""], [""MESH:C538631""], [""NONE""], [""NONE""], [""NONE""], [""NONE""], [""NONE""], [""NONE""], [""NONE""], [""NONE""], [""NONE""], [""NONE""], [""NONE""], [""NONE""], [""NONE""], [""NONE""], [""NONE""], [""NONE""], [""NONE""], [""NONE""], [""NONE""], [""NONE""], [""NONE""], [""NONE""], [""NONE""], [""NONE""], [""NONE""], [""NONE""], [""NONE""], [""NONE""], [""NONE""], [""NONE""], [""NONE""], [""NONE""], [""NONE""], [""NONE""]]",0
9521325,"[[42, 77]]",idiopathic ventricular fibrillation,idiopathic ventricular fibrillation,['MESH:C537182'],9521325.1,"42,77","[[""MESH:C537182""], [""OMIM:603829""], [""OMIM:612956""], [""MESH:D014693""], [""MESH:C567851""], [""NONE""], [""NONE""], [""NONE""], [""NONE""], [""NONE""], [""NONE""], [""NONE""], [""NONE""], [""NONE""], [""NONE""], [""NONE""], [""NONE""], [""NONE""], [""NONE""], [""NONE""], [""NONE""], [""NONE""], [""NONE""], [""NONE""], [""NONE""], [""NONE""], [""NONE""], [""NONE""], [""NONE""], [""NONE""], [""NONE""], [""NONE""], [""NONE""], [""NONE""], [""NONE""], [""NONE""], [""NONE""], [""NONE""], [""NONE""]]",0
9521325,"[[79, 103]]",Ventricular fibrillation,Ventricular fibrillation,['MESH:D014693'],9521325.2,"79,103","[[""MESH:D014693""], [""MESH:C537182""], [""OMIM:603829""], [""OMIM:612956""], [""MESH:C567851""], [""NONE""], [""NONE""], [""NONE""], [""NONE""], [""NONE""], [""NONE""], [""NONE""], [""NONE""], [""NONE""], [""NONE""], [""NONE""], [""NONE""], [""NONE""], [""NONE""], [""NONE""], [""NONE""], [""NONE""], [""NONE""], [""NONE""], [""NONE""], [""NONE""], [""NONE""], [""NONE""], [""NONE""], [""NONE""], [""NONE""], [""NONE""], [""NONE""], [""NONE""], [""NONE""], [""NONE""], [""NONE""], [""NONE""], [""NONE""]]",0
9521325,"[[328, 363]]",idiopathic ventricular fibrillation,idiopathic ventricular fibrillation,['MESH:C537182'],9521325.3,"328,363","[[""MESH:C537182""], [""OMIM:603829""], [""OMIM:612956""], [""MESH:D014693""], [""MESH:C567851""], [""NONE""], [""NONE""], [""NONE""], [""NONE""], [""NONE""], [""NONE""], [""NONE""], [""NONE""], [""NONE""], [""NONE""], [""NONE""], [""NONE""], [""NONE""], [""NONE""], [""NONE""], [""NONE""], [""NONE""], [""NONE""], [""NONE""], [""NONE""], [""NONE""], [""NONE""], [""NONE""], [""NONE""], [""NONE""], [""NONE""], [""NONE""], [""NONE""], [""NONE""], [""NONE""], [""NONE""], [""NONE""], [""NONE""], [""NONE""]]",0
9521325,"[[365, 368]]",IVF,idiopathic ventricular fibrillation,['MESH:C537182'],9521325.4,"365,368","[[""MESH:C537182""], [""OMIM:603829""], [""OMIM:612956""], [""MESH:D014693""], [""MESH:C567851""], [""NONE""], [""NONE""], [""NONE""], [""NONE""], [""NONE""], [""NONE""], [""NONE""], [""NONE""], [""NONE""], [""NONE""], [""NONE""], [""NONE""], [""NONE""], [""NONE""], [""NONE""], [""NONE""], [""NONE""], [""NONE""], [""NONE""], [""NONE""], [""NONE""], [""NONE""], [""NONE""], [""NONE""], [""NONE""], [""NONE""], [""NONE""], [""NONE""], [""NONE""], [""NONE""], [""NONE""], [""NONE""], [""NONE""], [""NONE""]]",0
9521325,"[[391, 394]]",IVF,idiopathic ventricular fibrillation,['MESH:C537182'],9521325.5,"391,394","[[""MESH:C537182""], [""OMIM:603829""], [""OMIM:612956""], [""MESH:D014693""], [""MESH:C567851""], [""NONE""], [""NONE""], [""NONE""], [""NONE""], [""NONE""], [""NONE""], [""NONE""], [""NONE""], [""NONE""], [""NONE""], [""NONE""], [""NONE""], [""NONE""], [""NONE""], [""NONE""], [""NONE""], [""NONE""], [""NONE""], [""NONE""], [""NONE""], [""NONE""], [""NONE""], [""NONE""], [""NONE""], [""NONE""], [""NONE""], [""NONE""], [""NONE""], [""NONE""], [""NONE""], [""NONE""], [""NONE""], [""NONE""], [""NONE""]]",0
9521325,"[[552, 564]]",sudden death,sudden death,['MESH:D003645'],9521325.6,"552,564","[[""MESH:D003645""], [""MESH:D016757""], [""MESH:D013398""], [""OMIM:272120""], [""NONE""], [""NONE""], [""NONE""], [""NONE""], [""NONE""], [""NONE""], [""NONE""], [""NONE""], [""NONE""], [""NONE""], [""NONE""], [""NONE""], [""NONE""], [""NONE""], [""NONE""], [""NONE""], [""NONE""], [""NONE""], [""NONE""], [""NONE""], [""NONE""], [""NONE""], [""NONE""], [""NONE""], [""NONE""], [""NONE""], [""NONE""], [""NONE""], [""NONE""], [""NONE""], [""NONE""], [""NONE""], [""NONE""], [""NONE""], [""NONE""]]",0
9521325,"[[604, 607]]",IVF,idiopathic ventricular fibrillation,['MESH:C537182'],9521325.7,"604,607","[[""MESH:C537182""], [""OMIM:603829""], [""OMIM:612956""], [""MESH:D014693""], [""MESH:C567851""], [""NONE""], [""NONE""], [""NONE""], [""NONE""], [""NONE""], [""NONE""], [""NONE""], [""NONE""], [""NONE""], [""NONE""], [""NONE""], [""NONE""], [""NONE""], [""NONE""], [""NONE""], [""NONE""], [""NONE""], [""NONE""], [""NONE""], [""NONE""], [""NONE""], [""NONE""], [""NONE""], [""NONE""], [""NONE""], [""NONE""], [""NONE""], [""NONE""], [""NONE""], [""NONE""], [""NONE""], [""NONE""], [""NONE""], [""NONE""]]",0
9521325,"[[640, 643]]",IVF,idiopathic ventricular fibrillation,['MESH:C537182'],9521325.8,"640,643","[[""MESH:C537182""], [""OMIM:603829""], [""OMIM:612956""], [""MESH:D014693""], [""MESH:C567851""], [""NONE""], [""NONE""], [""NONE""], [""NONE""], [""NONE""], [""NONE""], [""NONE""], [""NONE""], [""NONE""], [""NONE""], [""NONE""], [""NONE""], [""NONE""], [""NONE""], [""NONE""], [""NONE""], [""NONE""], [""NONE""], [""NONE""], [""NONE""], [""NONE""], [""NONE""], [""NONE""], [""NONE""], [""NONE""], [""NONE""], [""NONE""], [""NONE""], [""NONE""], [""NONE""], [""NONE""], [""NONE""], [""NONE""], [""NONE""]]",0
9521325,"[[954, 957]]",IVF,idiopathic ventricular fibrillation,['MESH:C537182'],9521325.9,"954,957","[[""MESH:C537182""], [""OMIM:603829""], [""OMIM:612956""], [""MESH:D014693""], [""MESH:C567851""], [""NONE""], [""NONE""], [""NONE""], [""NONE""], [""NONE""], [""NONE""], [""NONE""], [""NONE""], [""NONE""], [""NONE""], [""NONE""], [""NONE""], [""NONE""], [""NONE""], [""NONE""], [""NONE""], [""NONE""], [""NONE""], [""NONE""], [""NONE""], [""NONE""], [""NONE""], [""NONE""], [""NONE""], [""NONE""], [""NONE""], [""NONE""], [""NONE""], [""NONE""], [""NONE""], [""NONE""], [""NONE""], [""NONE""], [""NONE""]]",0
9521325,"[[1258, 1261]]",IVF,idiopathic ventricular fibrillation,['MESH:C537182'],9521325.10,"1258,1261","[[""MESH:C537182""], [""OMIM:603829""], [""OMIM:612956""], [""MESH:D014693""], [""MESH:C567851""], [""NONE""], [""NONE""], [""NONE""], [""NONE""], [""NONE""], [""NONE""], [""NONE""], [""NONE""], [""NONE""], [""NONE""], [""NONE""], [""NONE""], [""NONE""], [""NONE""], [""NONE""], [""NONE""], [""NONE""], [""NONE""], [""NONE""], [""NONE""], [""NONE""], [""NONE""], [""NONE""], [""NONE""], [""NONE""], [""NONE""], [""NONE""], [""NONE""], [""NONE""], [""NONE""], [""NONE""], [""NONE""], [""NONE""], [""NONE""]]",0
9521421,"[[27, 52]]",mucopolysaccharidosis IVA,mucopolysaccharidosis IVA,['OMIM:253000'],9521421.1,"27,52","[[""MESH:D009085""], [""OMIM:253000""], [""OMIM:253010""], [""NONE""], [""NONE""], [""NONE""], [""NONE""], [""NONE""], [""NONE""], [""NONE""], [""NONE""], [""NONE""], [""NONE""], [""NONE""], [""NONE""], [""NONE""], [""NONE""], [""NONE""], [""NONE""], [""NONE""], [""NONE""], [""NONE""], [""NONE""], [""NONE""], [""NONE""], [""NONE""], [""NONE""], [""NONE""], [""NONE""], [""NONE""], [""NONE""], [""NONE""], [""NONE""], [""NONE""], [""NONE""], [""NONE""], [""NONE""], [""NONE""], [""NONE""]]",1
9521421,"[[173, 198]]",Mucopolysaccharidosis IVA,Mucopolysaccharidosis IVA,['OMIM:253000'],9521421.2,"173,198","[[""MESH:D009085""], [""OMIM:253000""], [""OMIM:253010""], [""NONE""], [""NONE""], [""NONE""], [""NONE""], [""NONE""], [""NONE""], [""NONE""], [""NONE""], [""NONE""], [""NONE""], [""NONE""], [""NONE""], [""NONE""], [""NONE""], [""NONE""], [""NONE""], [""NONE""], [""NONE""], [""NONE""], [""NONE""], [""NONE""], [""NONE""], [""NONE""], [""NONE""], [""NONE""], [""NONE""], [""NONE""], [""NONE""], [""NONE""], [""NONE""], [""NONE""], [""NONE""], [""NONE""], [""NONE""], [""NONE""], [""NONE""]]",1
9521421,"[[200, 207]]",MPS IVA,Mucopolysaccharidosis IVA,['OMIM:253000'],9521421.3,"200,207","[[""MESH:D009085""], [""OMIM:253000""], [""OMIM:253010""], [""NONE""], [""NONE""], [""NONE""], [""NONE""], [""NONE""], [""NONE""], [""NONE""], [""NONE""], [""NONE""], [""NONE""], [""NONE""], [""NONE""], [""NONE""], [""NONE""], [""NONE""], [""NONE""], [""NONE""], [""NONE""], [""NONE""], [""NONE""], [""NONE""], [""NONE""], [""NONE""], [""NONE""], [""NONE""], [""NONE""], [""NONE""], [""NONE""], [""NONE""], [""NONE""], [""NONE""], [""NONE""], [""NONE""], [""NONE""], [""NONE""], [""NONE""]]",1
9521421,"[[215, 261]]",autosomal recessive lysosomal storage disorder,autosomal recessive lysosomal storage disorder,['MESH:D016464'],9521421.4,"215,261","[[""MESH:D016464""], [""MESH:C536411""], [""OMIM:256540""], [""MESH:D052120""], [""OMIM:300257""], [""MESH:D020140""], [""MESH:C536631""], [""OMIM:609241""], [""OMIM:609242""], [""MESH:C565538""], [""NONE""], [""NONE""], [""NONE""], [""NONE""], [""NONE""], [""NONE""], [""NONE""], [""NONE""], [""NONE""], [""NONE""], [""NONE""], [""NONE""], [""NONE""], [""NONE""], [""NONE""], [""NONE""], [""NONE""], [""NONE""], [""NONE""], [""NONE""], [""NONE""], [""NONE""], [""NONE""], [""NONE""], [""NONE""], [""NONE""], [""NONE""], [""NONE""], [""NONE""]]",0
9521421,"[[274, 288]]",genetic defect,genetic defect,['MESH:D030342'],9521421.5,"274,288","[[""MESH:D030342""], [""NONE""], [""NONE""], [""NONE""], [""NONE""], [""NONE""], [""NONE""], [""NONE""], [""NONE""], [""NONE""], [""NONE""], [""NONE""], [""NONE""], [""NONE""], [""NONE""], [""NONE""], [""NONE""], [""NONE""], [""NONE""], [""NONE""], [""NONE""], [""NONE""], [""NONE""], [""NONE""], [""NONE""], [""NONE""], [""NONE""], [""NONE""], [""NONE""], [""NONE""], [""NONE""], [""NONE""], [""NONE""], [""NONE""], [""NONE""], [""NONE""], [""NONE""], [""NONE""], [""NONE""]]",0
9521421,"[[476, 483]]",MPS IVA,Mucopolysaccharidosis IVA,['OMIM:253000'],9521421.6,"476,483","[[""MESH:D009085""], [""OMIM:253000""], [""OMIM:253010""], [""NONE""], [""NONE""], [""NONE""], [""NONE""], [""NONE""], [""NONE""], [""NONE""], [""NONE""], [""NONE""], [""NONE""], [""NONE""], [""NONE""], [""NONE""], [""NONE""], [""NONE""], [""NONE""], [""NONE""], [""NONE""], [""NONE""], [""NONE""], [""NONE""], [""NONE""], [""NONE""], [""NONE""], [""NONE""], [""NONE""], [""NONE""], [""NONE""], [""NONE""], [""NONE""], [""NONE""], [""NONE""], [""NONE""], [""NONE""], [""NONE""], [""NONE""]]",1
9521421,"[[593, 600]]",MPS IVA,Mucopolysaccharidosis IVA,['OMIM:253000'],9521421.7,"593,600","[[""MESH:D009085""], [""OMIM:253000""], [""OMIM:253010""], [""NONE""], [""NONE""], [""NONE""], [""NONE""], [""NONE""], [""NONE""], [""NONE""], [""NONE""], [""NONE""], [""NONE""], [""NONE""], [""NONE""], [""NONE""], [""NONE""], [""NONE""], [""NONE""], [""NONE""], [""NONE""], [""NONE""], [""NONE""], [""NONE""], [""NONE""], [""NONE""], [""NONE""], [""NONE""], [""NONE""], [""NONE""], [""NONE""], [""NONE""], [""NONE""], [""NONE""], [""NONE""], [""NONE""], [""NONE""], [""NONE""], [""NONE""]]",1
9521421,"[[1889, 1896]]",MPS IVA,Mucopolysaccharidosis IVA,['OMIM:253000'],9521421.8,"1889,1896","[[""MESH:D009085""], [""OMIM:253000""], [""OMIM:253010""], [""NONE""], [""NONE""], [""NONE""], [""NONE""], [""NONE""], [""NONE""], [""NONE""], [""NONE""], [""NONE""], [""NONE""], [""NONE""], [""NONE""], [""NONE""], [""NONE""], [""NONE""], [""NONE""], [""NONE""], [""NONE""], [""NONE""], [""NONE""], [""NONE""], [""NONE""], [""NONE""], [""NONE""], [""NONE""], [""NONE""], [""NONE""], [""NONE""], [""NONE""], [""NONE""], [""NONE""], [""NONE""], [""NONE""], [""NONE""], [""NONE""], [""NONE""]]",1
9529364,"[[74, 101]]",diffuse mesangial sclerosis,diffuse mesangial sclerosis,['MESH:C537346'],9529364.1,"74,101","[[""MESH:C537346""], [""MESH:D003928""], [""NONE""], [""NONE""], [""NONE""], [""NONE""], [""NONE""], [""NONE""], [""NONE""], [""NONE""], [""NONE""], [""NONE""], [""NONE""], [""NONE""], [""NONE""], [""NONE""], [""NONE""], [""NONE""], [""NONE""], [""NONE""], [""NONE""], [""NONE""], [""NONE""], [""NONE""], [""NONE""], [""NONE""], [""NONE""], [""NONE""], [""NONE""], [""NONE""], [""NONE""], [""NONE""], [""NONE""], [""NONE""], [""NONE""], [""NONE""], [""NONE""], [""NONE""], [""NONE""]]",0
9529364,"[[356, 376]]",Denys-Drash syndrome,Denys-Drash syndrome,['MESH:D030321'],9529364.2,"356,376","[[""MESH:D030321""], [""OMIM:194080""], [""MESH:C536401""], [""MESH:C536152""], [""OMIM:148350""], [""NONE""], [""NONE""], [""NONE""], [""NONE""], [""NONE""], [""NONE""], [""NONE""], [""NONE""], [""NONE""], [""NONE""], [""NONE""], [""NONE""], [""NONE""], [""NONE""], [""NONE""], [""NONE""], [""NONE""], [""NONE""], [""NONE""], [""NONE""], [""NONE""], [""NONE""], [""NONE""], [""NONE""], [""NONE""], [""NONE""], [""NONE""], [""NONE""], [""NONE""], [""NONE""], [""NONE""], [""NONE""], [""NONE""], [""NONE""]]",0
9529364,"[[378, 381]]",DDS,Denys-Drash syndrome,['MESH:D030321'],9529364.3,"378,381","[[""MESH:D030321""], [""OMIM:194080""], [""MESH:C536401""], [""MESH:C536152""], [""OMIM:148350""], [""NONE""], [""NONE""], [""NONE""], [""NONE""], [""NONE""], [""NONE""], [""NONE""], [""NONE""], [""NONE""], [""NONE""], [""NONE""], [""NONE""], [""NONE""], [""NONE""], [""NONE""], [""NONE""], [""NONE""], [""NONE""], [""NONE""], [""NONE""], [""NONE""], [""NONE""], [""NONE""], [""NONE""], [""NONE""], [""NONE""], [""NONE""], [""NONE""], [""NONE""], [""NONE""], [""NONE""], [""NONE""], [""NONE""], [""NONE""]]",0
9529364,"[[387, 414]]",diffuse mesangial sclerosis,diffuse mesangial sclerosis,['MESH:C537346'],9529364.4,"387,414","[[""MESH:C537346""], [""MESH:D003928""], [""NONE""], [""NONE""], [""NONE""], [""NONE""], [""NONE""], [""NONE""], [""NONE""], [""NONE""], [""NONE""], [""NONE""], [""NONE""], [""NONE""], [""NONE""], [""NONE""], [""NONE""], [""NONE""], [""NONE""], [""NONE""], [""NONE""], [""NONE""], [""NONE""], [""NONE""], [""NONE""], [""NONE""], [""NONE""], [""NONE""], [""NONE""], [""NONE""], [""NONE""], [""NONE""], [""NONE""], [""NONE""], [""NONE""], [""NONE""], [""NONE""], [""NONE""], [""NONE""]]",0
9529364,"[[416, 419]]",DMS,diffuse mesangial sclerosis,['MESH:C537346'],9529364.5,"416,419","[[""MESH:C537346""], [""MESH:D003928""], [""NONE""], [""NONE""], [""NONE""], [""NONE""], [""NONE""], [""NONE""], [""NONE""], [""NONE""], [""NONE""], [""NONE""], [""NONE""], [""NONE""], [""NONE""], [""NONE""], [""NONE""], [""NONE""], [""NONE""], [""NONE""], [""NONE""], [""NONE""], [""NONE""], [""NONE""], [""NONE""], [""NONE""], [""NONE""], [""NONE""], [""NONE""], [""NONE""], [""NONE""], [""NONE""], [""NONE""], [""NONE""], [""NONE""], [""NONE""], [""NONE""], [""NONE""], [""NONE""]]",0
9529364,"[[437, 458]]",pseudohermaphroditism,pseudohermaphroditism,['MESH:D012734'],9529364.6,"437,458","[[""MESH:D012734""], [""MESH:D058490""], [""OMIM:612965""], [""MESH:D058489""], [""MESH:C537805""], [""OMIM:264300""], [""MESH:C535692""], [""NONE""], [""NONE""], [""NONE""], [""NONE""], [""NONE""], [""NONE""], [""NONE""], [""NONE""], [""NONE""], [""NONE""], [""NONE""], [""NONE""], [""NONE""], [""NONE""], [""NONE""], [""NONE""], [""NONE""], [""NONE""], [""NONE""], [""NONE""], [""NONE""], [""NONE""], [""NONE""], [""NONE""], [""NONE""], [""NONE""], [""NONE""], [""NONE""], [""NONE""], [""NONE""], [""NONE""], [""NONE""]]",0
9529364,"[[466, 477]]",Wilms tumor,Wilms tumor,['MESH:D009396'],9529364.7,"466,477","[[""MESH:D009396""], [""OMIM:194070""], [""OMIM:601583""], [""MESH:C563336""], [""OMIM:601363""], [""MESH:C536853""], [""OMIM:194071""], [""NONE""], [""NONE""], [""NONE""], [""NONE""], [""NONE""], [""NONE""], [""NONE""], [""NONE""], [""NONE""], [""NONE""], [""NONE""], [""NONE""], [""NONE""], [""NONE""], [""NONE""], [""NONE""], [""NONE""], [""NONE""], [""NONE""], [""NONE""], [""NONE""], [""NONE""], [""NONE""], [""NONE""], [""NONE""], [""NONE""], [""NONE""], [""NONE""], [""NONE""], [""NONE""], [""NONE""], [""NONE""]]",0
9529364,"[[479, 481]]",WT,Wilms tumor,['MESH:D009396'],9529364.8,"479,481","[[""MESH:D009396""], [""OMIM:194070""], [""OMIM:601583""], [""MESH:C563336""], [""OMIM:601363""], [""MESH:C536853""], [""OMIM:194071""], [""NONE""], [""NONE""], [""NONE""], [""NONE""], [""NONE""], [""NONE""], [""NONE""], [""NONE""], [""NONE""], [""NONE""], [""NONE""], [""NONE""], [""NONE""], [""NONE""], [""NONE""], [""NONE""], [""NONE""], [""NONE""], [""NONE""], [""NONE""], [""NONE""], [""NONE""], [""NONE""], [""NONE""], [""NONE""], [""NONE""], [""NONE""], [""NONE""], [""NONE""], [""NONE""], [""NONE""], [""NONE""]]",0
9529364,"[[502, 505]]",DDS,Denys-Drash syndrome,['MESH:D030321'],9529364.9,"502,505","[[""MESH:D030321""], [""OMIM:194080""], [""MESH:C536401""], [""MESH:C536152""], [""OMIM:148350""], [""NONE""], [""NONE""], [""NONE""], [""NONE""], [""NONE""], [""NONE""], [""NONE""], [""NONE""], [""NONE""], [""NONE""], [""NONE""], [""NONE""], [""NONE""], [""NONE""], [""NONE""], [""NONE""], [""NONE""], [""NONE""], [""NONE""], [""NONE""], [""NONE""], [""NONE""], [""NONE""], [""NONE""], [""NONE""], [""NONE""], [""NONE""], [""NONE""], [""NONE""], [""NONE""], [""NONE""], [""NONE""], [""NONE""], [""NONE""]]",0
9529364,"[[675, 687]]",isolated DMS,isolated DMS,['MESH:C537346'],9529364.10,"675,687","[[""MESH:C580192""], [""OMIM:304790""], [""MESH:C536169""], [""OMIM:112250""], [""MESH:C537346""], [""MESH:D004370""], [""OMIM:126800""], [""OMIM:604356""], [""OMIM:607323""], [""OMIM:617041""], [""MESH:C537185""], [""OMIM:609049""], [""MESH:D005923""], [""OMIM:603278""], [""OMIM:607832""], [""OMIM:612551""], [""OMIM:614131""], [""OMIM:616002""], [""OMIM:616032""], [""OMIM:616220""], [""MESH:C538457""], [""MESH:C537501""], [""OMIM:184250""], [""NONE""], [""NONE""], [""NONE""], [""NONE""], [""NONE""], [""NONE""], [""NONE""], [""NONE""], [""NONE""], [""NONE""], [""NONE""], [""NONE""], [""NONE""], [""NONE""], [""NONE""], [""NONE""]]",4
9529364,"[[689, 693]]",IDMS,isolated DMS,['MESH:C537346'],9529364.11,"689,693","[[""MESH:C580192""], [""OMIM:304790""], [""MESH:C536169""], [""OMIM:112250""], [""MESH:C537346""], [""MESH:D004370""], [""OMIM:126800""], [""OMIM:604356""], [""OMIM:607323""], [""OMIM:617041""], [""MESH:C537185""], [""OMIM:609049""], [""MESH:D005923""], [""OMIM:603278""], [""OMIM:607832""], [""OMIM:612551""], [""OMIM:614131""], [""OMIM:616002""], [""OMIM:616032""], [""OMIM:616220""], [""MESH:C538457""], [""MESH:C537501""], [""OMIM:184250""], [""NONE""], [""NONE""], [""NONE""], [""NONE""], [""NONE""], [""NONE""], [""NONE""], [""NONE""], [""NONE""], [""NONE""], [""NONE""], [""NONE""], [""NONE""], [""NONE""], [""NONE""], [""NONE""]]",4
9529364,"[[704, 707]]",DDS,Denys-Drash syndrome,['MESH:D030321'],9529364.12,"704,707","[[""MESH:D030321""], [""OMIM:194080""], [""MESH:C536401""], [""MESH:C536152""], [""OMIM:148350""], [""NONE""], [""NONE""], [""NONE""], [""NONE""], [""NONE""], [""NONE""], [""NONE""], [""NONE""], [""NONE""], [""NONE""], [""NONE""], [""NONE""], [""NONE""], [""NONE""], [""NONE""], [""NONE""], [""NONE""], [""NONE""], [""NONE""], [""NONE""], [""NONE""], [""NONE""], [""NONE""], [""NONE""], [""NONE""], [""NONE""], [""NONE""], [""NONE""], [""NONE""], [""NONE""], [""NONE""], [""NONE""], [""NONE""], [""NONE""]]",0
9529364,"[[720, 744]]",urogenital abnormalities,urogenital abnormalities,['MESH:D014564'],9529364.13,"720,744","[[""MESH:D014564""], [""MESH:C564424""], [""MESH:C566906""], [""NONE""], [""NONE""], [""NONE""], [""NONE""], [""NONE""], [""NONE""], [""NONE""], [""NONE""], [""NONE""], [""NONE""], [""NONE""], [""NONE""], [""NONE""], [""NONE""], [""NONE""], [""NONE""], [""NONE""], [""NONE""], [""NONE""], [""NONE""], [""NONE""], [""NONE""], [""NONE""], [""NONE""], [""NONE""], [""NONE""], [""NONE""], [""NONE""], [""NONE""], [""NONE""], [""NONE""], [""NONE""], [""NONE""], [""NONE""], [""NONE""], [""NONE""]]",0
9529364,"[[752, 754]]",WT,Wilms tumor,['MESH:D009396'],9529364.14,"752,754","[[""MESH:D009396""], [""OMIM:194070""], [""OMIM:601583""], [""MESH:C563336""], [""OMIM:601363""], [""MESH:C536853""], [""OMIM:194071""], [""NONE""], [""NONE""], [""NONE""], [""NONE""], [""NONE""], [""NONE""], [""NONE""], [""NONE""], [""NONE""], [""NONE""], [""NONE""], [""NONE""], [""NONE""], [""NONE""], [""NONE""], [""NONE""], [""NONE""], [""NONE""], [""NONE""], [""NONE""], [""NONE""], [""NONE""], [""NONE""], [""NONE""], [""NONE""], [""NONE""], [""NONE""], [""NONE""], [""NONE""], [""NONE""], [""NONE""], [""NONE""]]",0
9529364,"[[834, 838]]",IDMS,isolated DMS,['MESH:C537346'],9529364.15,"834,838","[[""MESH:C580192""], [""OMIM:304790""], [""MESH:C536169""], [""OMIM:112250""], [""MESH:C537346""], [""MESH:D004370""], [""OMIM:126800""], [""OMIM:604356""], [""OMIM:607323""], [""OMIM:617041""], [""MESH:C537185""], [""OMIM:609049""], [""MESH:D005923""], [""OMIM:603278""], [""OMIM:607832""], [""OMIM:612551""], [""OMIM:614131""], [""OMIM:616002""], [""OMIM:616032""], [""OMIM:616220""], [""MESH:C538457""], [""MESH:C537501""], [""OMIM:184250""], [""NONE""], [""NONE""], [""NONE""], [""NONE""], [""NONE""], [""NONE""], [""NONE""], [""NONE""], [""NONE""], [""NONE""], [""NONE""], [""NONE""], [""NONE""], [""NONE""], [""NONE""], [""NONE""]]",4
9529364,"[[864, 868]]",IDMS,isolated DMS,['MESH:C537346'],9529364.16,"864,868","[[""MESH:C580192""], [""OMIM:304790""], [""MESH:C536169""], [""OMIM:112250""], [""MESH:C537346""], [""MESH:D004370""], [""OMIM:126800""], [""OMIM:604356""], [""OMIM:607323""], [""OMIM:617041""], [""MESH:C537185""], [""OMIM:609049""], [""MESH:D005923""], [""OMIM:603278""], [""OMIM:607832""], [""OMIM:612551""], [""OMIM:614131""], [""OMIM:616002""], [""OMIM:616032""], [""OMIM:616220""], [""MESH:C538457""], [""MESH:C537501""], [""OMIM:184250""], [""NONE""], [""NONE""], [""NONE""], [""NONE""], [""NONE""], [""NONE""], [""NONE""], [""NONE""], [""NONE""], [""NONE""], [""NONE""], [""NONE""], [""NONE""], [""NONE""], [""NONE""], [""NONE""]]",4
9529364,"[[953, 957]]",IDMS,isolated DMS,['MESH:C537346'],9529364.17,"953,957","[[""MESH:C580192""], [""OMIM:304790""], [""MESH:C536169""], [""OMIM:112250""], [""MESH:C537346""], [""MESH:D004370""], [""OMIM:126800""], [""OMIM:604356""], [""OMIM:607323""], [""OMIM:617041""], [""MESH:C537185""], [""OMIM:609049""], [""MESH:D005923""], [""OMIM:603278""], [""OMIM:607832""], [""OMIM:612551""], [""OMIM:614131""], [""OMIM:616002""], [""OMIM:616032""], [""OMIM:616220""], [""MESH:C538457""], [""MESH:C537501""], [""OMIM:184250""], [""NONE""], [""NONE""], [""NONE""], [""NONE""], [""NONE""], [""NONE""], [""NONE""], [""NONE""], [""NONE""], [""NONE""], [""NONE""], [""NONE""], [""NONE""], [""NONE""], [""NONE""], [""NONE""]]",4
9529364,"[[996, 999]]",DDS,Denys-Drash syndrome,['MESH:D030321'],9529364.18,"996,999","[[""MESH:D030321""], [""OMIM:194080""], [""MESH:C536401""], [""MESH:C536152""], [""OMIM:148350""], [""NONE""], [""NONE""], [""NONE""], [""NONE""], [""NONE""], [""NONE""], [""NONE""], [""NONE""], [""NONE""], [""NONE""], [""NONE""], [""NONE""], [""NONE""], [""NONE""], [""NONE""], [""NONE""], [""NONE""], [""NONE""], [""NONE""], [""NONE""], [""NONE""], [""NONE""], [""NONE""], [""NONE""], [""NONE""], [""NONE""], [""NONE""], [""NONE""], [""NONE""], [""NONE""], [""NONE""], [""NONE""], [""NONE""], [""NONE""]]",0
9529364,"[[1058, 1062]]",IDMS,isolated DMS,['MESH:C537346'],9529364.19,"1058,1062","[[""MESH:C580192""], [""OMIM:304790""], [""MESH:C536169""], [""OMIM:112250""], [""MESH:C537346""], [""MESH:D004370""], [""OMIM:126800""], [""OMIM:604356""], [""OMIM:607323""], [""OMIM:617041""], [""MESH:C537185""], [""OMIM:609049""], [""MESH:D005923""], [""OMIM:603278""], [""OMIM:607832""], [""OMIM:612551""], [""OMIM:614131""], [""OMIM:616002""], [""OMIM:616032""], [""OMIM:616220""], [""MESH:C538457""], [""MESH:C537501""], [""OMIM:184250""], [""NONE""], [""NONE""], [""NONE""], [""NONE""], [""NONE""], [""NONE""], [""NONE""], [""NONE""], [""NONE""], [""NONE""], [""NONE""], [""NONE""], [""NONE""], [""NONE""], [""NONE""], [""NONE""]]",4
9529364,"[[1420, 1423]]",DMS,diffuse mesangial sclerosis,['MESH:C537346'],9529364.20,"1420,1423","[[""MESH:C537346""], [""MESH:D003928""], [""NONE""], [""NONE""], [""NONE""], [""NONE""], [""NONE""], [""NONE""], [""NONE""], [""NONE""], [""NONE""], [""NONE""], [""NONE""], [""NONE""], [""NONE""], [""NONE""], [""NONE""], [""NONE""], [""NONE""], [""NONE""], [""NONE""], [""NONE""], [""NONE""], [""NONE""], [""NONE""], [""NONE""], [""NONE""], [""NONE""], [""NONE""], [""NONE""], [""NONE""], [""NONE""], [""NONE""], [""NONE""], [""NONE""], [""NONE""], [""NONE""], [""NONE""], [""NONE""]]",0
9529364,"[[1449, 1452]]",DMS,diffuse mesangial sclerosis,['MESH:C537346'],9529364.21,"1449,1452","[[""MESH:C537346""], [""MESH:D003928""], [""NONE""], [""NONE""], [""NONE""], [""NONE""], [""NONE""], [""NONE""], [""NONE""], [""NONE""], [""NONE""], [""NONE""], [""NONE""], [""NONE""], [""NONE""], [""NONE""], [""NONE""], [""NONE""], [""NONE""], [""NONE""], [""NONE""], [""NONE""], [""NONE""], [""NONE""], [""NONE""], [""NONE""], [""NONE""], [""NONE""], [""NONE""], [""NONE""], [""NONE""], [""NONE""], [""NONE""], [""NONE""], [""NONE""], [""NONE""], [""NONE""], [""NONE""], [""NONE""]]",0
9536083,"[[188, 222]]",familial breast and ovarian cancer,familial breast and ovarian cancer,['OMIM:613399'],9536083.1,"188,222","[[""MESH:D061325""], [""OMIM:604370""], [""MESH:C562840""], [""OMIM:613399""], [""OMIM:612555""], [""OMIM:614291""], [""MESH:D010051""], [""OMIM:167000""], [""OMIM:607893""], [""NONE""], [""NONE""], [""NONE""], [""NONE""], [""NONE""], [""NONE""], [""NONE""], [""NONE""], [""NONE""], [""NONE""], [""NONE""], [""NONE""], [""NONE""], [""NONE""], [""NONE""], [""NONE""], [""NONE""], [""NONE""], [""NONE""], [""NONE""], [""NONE""], [""NONE""], [""NONE""], [""NONE""], [""NONE""], [""NONE""], [""NONE""], [""NONE""], [""NONE""], [""NONE""]]",3
9536083,"[[929, 950]]",breast/ovarian cancer,breast/ovarian cancer,['MESH:D061325'],9536083.2,"929,950","[[""MESH:D061325""], [""MESH:D001943""], [""OMIM:114480""], [""OMIM:604370""], [""OMIM:613399""], [""OMIM:612555""], [""MESH:D010051""], [""OMIM:167000""], [""OMIM:607893""], [""NONE""], [""NONE""], [""NONE""], [""NONE""], [""NONE""], [""NONE""], [""NONE""], [""NONE""], [""NONE""], [""NONE""], [""NONE""], [""NONE""], [""NONE""], [""NONE""], [""NONE""], [""NONE""], [""NONE""], [""NONE""], [""NONE""], [""NONE""], [""NONE""], [""NONE""], [""NONE""], [""NONE""], [""NONE""], [""NONE""], [""NONE""], [""NONE""], [""NONE""], [""NONE""]]",0
9546397,"[[25, 40]]",hemochromatosis,hemochromatosis,['MESH:D006432'],9546397.1,"25,40","[[""MESH:D006432""], [""OMIM:235200""], [""MESH:C579887""], [""NONE""], [""NONE""], [""NONE""], [""NONE""], [""NONE""], [""NONE""], [""NONE""], [""NONE""], [""NONE""], [""NONE""], [""NONE""], [""NONE""], [""NONE""], [""NONE""], [""NONE""], [""NONE""], [""NONE""], [""NONE""], [""NONE""], [""NONE""], [""NONE""], [""NONE""], [""NONE""], [""NONE""], [""NONE""], [""NONE""], [""NONE""], [""NONE""], [""NONE""], [""NONE""], [""NONE""], [""NONE""], [""NONE""], [""NONE""], [""NONE""], [""NONE""]]",0
9546397,"[[173, 194]]",iron-overload disease,iron-overload disease,['MESH:D019190'],9546397.2,"173,194","[[""MESH:D019190""], [""OMIM:615517""], [""MESH:C565020""], [""MESH:C537904""], [""MESH:C562385""], [""OMIM:206200""], [""MESH:D006432""], [""OMIM:235200""], [""NONE""], [""NONE""], [""NONE""], [""NONE""], [""NONE""], [""NONE""], [""NONE""], [""NONE""], [""NONE""], [""NONE""], [""NONE""], [""NONE""], [""NONE""], [""NONE""], [""NONE""], [""NONE""], [""NONE""], [""NONE""], [""NONE""], [""NONE""], [""NONE""], [""NONE""], [""NONE""], [""NONE""], [""NONE""], [""NONE""], [""NONE""], [""NONE""], [""NONE""], [""NONE""], [""NONE""]]",0
9546397,"[[195, 221]]",hereditary hemochromatosis,hereditary hemochromatosis,['MESH:D006432'],9546397.3,"195,221","[[""MESH:D006432""], [""OMIM:235200""], [""MESH:C537249""], [""OMIM:606069""], [""NONE""], [""NONE""], [""NONE""], [""NONE""], [""NONE""], [""NONE""], [""NONE""], [""NONE""], [""NONE""], [""NONE""], [""NONE""], [""NONE""], [""NONE""], [""NONE""], [""NONE""], [""NONE""], [""NONE""], [""NONE""], [""NONE""], [""NONE""], [""NONE""], [""NONE""], [""NONE""], [""NONE""], [""NONE""], [""NONE""], [""NONE""], [""NONE""], [""NONE""], [""NONE""], [""NONE""], [""NONE""], [""NONE""], [""NONE""], [""NONE""]]",0
9546397,"[[414, 429]]",hemochromatosis,hemochromatosis,['MESH:D006432'],9546397.4,"414,429","[[""MESH:D006432""], [""OMIM:235200""], [""MESH:C579887""], [""NONE""], [""NONE""], [""NONE""], [""NONE""], [""NONE""], [""NONE""], [""NONE""], [""NONE""], [""NONE""], [""NONE""], [""NONE""], [""NONE""], [""NONE""], [""NONE""], [""NONE""], [""NONE""], [""NONE""], [""NONE""], [""NONE""], [""NONE""], [""NONE""], [""NONE""], [""NONE""], [""NONE""], [""NONE""], [""NONE""], [""NONE""], [""NONE""], [""NONE""], [""NONE""], [""NONE""], [""NONE""], [""NONE""], [""NONE""], [""NONE""], [""NONE""]]",0
9554743,"[[111, 125]]",Wilson disease,Wilson disease,['MESH:D006527'],9554743.1,"111,125","[[""MESH:D006527""], [""OMIM:277900""], [""NONE""], [""NONE""], [""NONE""], [""NONE""], [""NONE""], [""NONE""], [""NONE""], [""NONE""], [""NONE""], [""NONE""], [""NONE""], [""NONE""], [""NONE""], [""NONE""], [""NONE""], [""NONE""], [""NONE""], [""NONE""], [""NONE""], [""NONE""], [""NONE""], [""NONE""], [""NONE""], [""NONE""], [""NONE""], [""NONE""], [""NONE""], [""NONE""], [""NONE""], [""NONE""], [""NONE""], [""NONE""], [""NONE""], [""NONE""], [""NONE""], [""NONE""], [""NONE""]]",0
9554743,"[[277, 291]]",Wilson disease,Wilson disease,['MESH:D006527'],9554743.2,"277,291","[[""MESH:D006527""], [""OMIM:277900""], [""NONE""], [""NONE""], [""NONE""], [""NONE""], [""NONE""], [""NONE""], [""NONE""], [""NONE""], [""NONE""], [""NONE""], [""NONE""], [""NONE""], [""NONE""], [""NONE""], [""NONE""], [""NONE""], [""NONE""], [""NONE""], [""NONE""], [""NONE""], [""NONE""], [""NONE""], [""NONE""], [""NONE""], [""NONE""], [""NONE""], [""NONE""], [""NONE""], [""NONE""], [""NONE""], [""NONE""], [""NONE""], [""NONE""], [""NONE""], [""NONE""], [""NONE""], [""NONE""]]",0
9554743,"[[748, 762]]",Wilson disease,Wilson disease,['MESH:D006527'],9554743.3,"748,762","[[""MESH:D006527""], [""OMIM:277900""], [""NONE""], [""NONE""], [""NONE""], [""NONE""], [""NONE""], [""NONE""], [""NONE""], [""NONE""], [""NONE""], [""NONE""], [""NONE""], [""NONE""], [""NONE""], [""NONE""], [""NONE""], [""NONE""], [""NONE""], [""NONE""], [""NONE""], [""NONE""], [""NONE""], [""NONE""], [""NONE""], [""NONE""], [""NONE""], [""NONE""], [""NONE""], [""NONE""], [""NONE""], [""NONE""], [""NONE""], [""NONE""], [""NONE""], [""NONE""], [""NONE""], [""NONE""], [""NONE""]]",0
9563950,"[[61, 79]]",myotonic dystrophy,myotonic dystrophy,['MESH:D009223'],9563950.1,"61,79","[[""MESH:D009223""], [""OMIM:160900""], [""OMIM:602668""], [""NONE""], [""NONE""], [""NONE""], [""NONE""], [""NONE""], [""NONE""], [""NONE""], [""NONE""], [""NONE""], [""NONE""], [""NONE""], [""NONE""], [""NONE""], [""NONE""], [""NONE""], [""NONE""], [""NONE""], [""NONE""], [""NONE""], [""NONE""], [""NONE""], [""NONE""], [""NONE""], [""NONE""], [""NONE""], [""NONE""], [""NONE""], [""NONE""], [""NONE""], [""NONE""], [""NONE""], [""NONE""], [""NONE""], [""NONE""], [""NONE""], [""NONE""]]",0
9563950,"[[81, 99]]",Myotonic dystrophy,Myotonic dystrophy,['MESH:D009223'],9563950.2,"81,99","[[""MESH:D009223""], [""OMIM:160900""], [""OMIM:602668""], [""NONE""], [""NONE""], [""NONE""], [""NONE""], [""NONE""], [""NONE""], [""NONE""], [""NONE""], [""NONE""], [""NONE""], [""NONE""], [""NONE""], [""NONE""], [""NONE""], [""NONE""], [""NONE""], [""NONE""], [""NONE""], [""NONE""], [""NONE""], [""NONE""], [""NONE""], [""NONE""], [""NONE""], [""NONE""], [""NONE""], [""NONE""], [""NONE""], [""NONE""], [""NONE""], [""NONE""], [""NONE""], [""NONE""], [""NONE""], [""NONE""], [""NONE""]]",0
9563950,"[[101, 103]]",DM,DM,['MESH:D009223'],9563950.3,"101,103","[[""MESH:D009223""], [""OMIM:160900""], [""OMIM:602668""], [""MESH:D003920""], [""MESH:C535726""], [""OMIM:223800""], [""MESH:C563322""], [""OMIM:601410""], [""MESH:D003924""], [""OMIM:125853""], [""NONE""], [""NONE""], [""NONE""], [""NONE""], [""NONE""], [""NONE""], [""NONE""], [""NONE""], [""NONE""], [""NONE""], [""NONE""], [""NONE""], [""NONE""], [""NONE""], [""NONE""], [""NONE""], [""NONE""], [""NONE""], [""NONE""], [""NONE""], [""NONE""], [""NONE""], [""NONE""], [""NONE""], [""NONE""], [""NONE""], [""NONE""], [""NONE""], [""NONE""]]",0
9563950,"[[170, 172]]",DM,DM,['MESH:D009223'],9563950.4,"170,172","[[""MESH:D009223""], [""OMIM:160900""], [""OMIM:602668""], [""MESH:D003920""], [""MESH:C535726""], [""OMIM:223800""], [""MESH:C563322""], [""OMIM:601410""], [""MESH:D003924""], [""OMIM:125853""], [""NONE""], [""NONE""], [""NONE""], [""NONE""], [""NONE""], [""NONE""], [""NONE""], [""NONE""], [""NONE""], [""NONE""], [""NONE""], [""NONE""], [""NONE""], [""NONE""], [""NONE""], [""NONE""], [""NONE""], [""NONE""], [""NONE""], [""NONE""], [""NONE""], [""NONE""], [""NONE""], [""NONE""], [""NONE""], [""NONE""], [""NONE""], [""NONE""], [""NONE""]]",0
9563950,"[[192, 194]]",DM,DM,['MESH:D009223'],9563950.5,"192,194","[[""MESH:D009223""], [""OMIM:160900""], [""OMIM:602668""], [""MESH:D003920""], [""MESH:C535726""], [""OMIM:223800""], [""MESH:C563322""], [""OMIM:601410""], [""MESH:D003924""], [""OMIM:125853""], [""NONE""], [""NONE""], [""NONE""], [""NONE""], [""NONE""], [""NONE""], [""NONE""], [""NONE""], [""NONE""], [""NONE""], [""NONE""], [""NONE""], [""NONE""], [""NONE""], [""NONE""], [""NONE""], [""NONE""], [""NONE""], [""NONE""], [""NONE""], [""NONE""], [""NONE""], [""NONE""], [""NONE""], [""NONE""], [""NONE""], [""NONE""], [""NONE""], [""NONE""]]",0
9563950,"[[672, 674]]",DM,DM,['MESH:D009223'],9563950.6,"672,674","[[""MESH:D009223""], [""OMIM:160900""], [""OMIM:602668""], [""MESH:D003920""], [""MESH:C535726""], [""OMIM:223800""], [""MESH:C563322""], [""OMIM:601410""], [""MESH:D003924""], [""OMIM:125853""], [""NONE""], [""NONE""], [""NONE""], [""NONE""], [""NONE""], [""NONE""], [""NONE""], [""NONE""], [""NONE""], [""NONE""], [""NONE""], [""NONE""], [""NONE""], [""NONE""], [""NONE""], [""NONE""], [""NONE""], [""NONE""], [""NONE""], [""NONE""], [""NONE""], [""NONE""], [""NONE""], [""NONE""], [""NONE""], [""NONE""], [""NONE""], [""NONE""], [""NONE""]]",0
9563950,"[[858, 860]]",DM,DM,['MESH:D009223'],9563950.7,"858,860","[[""MESH:D009223""], [""OMIM:160900""], [""OMIM:602668""], [""MESH:D003920""], [""MESH:C535726""], [""OMIM:223800""], [""MESH:C563322""], [""OMIM:601410""], [""MESH:D003924""], [""OMIM:125853""], [""NONE""], [""NONE""], [""NONE""], [""NONE""], [""NONE""], [""NONE""], [""NONE""], [""NONE""], [""NONE""], [""NONE""], [""NONE""], [""NONE""], [""NONE""], [""NONE""], [""NONE""], [""NONE""], [""NONE""], [""NONE""], [""NONE""], [""NONE""], [""NONE""], [""NONE""], [""NONE""], [""NONE""], [""NONE""], [""NONE""], [""NONE""], [""NONE""], [""NONE""]]",0
9580132,"[[140, 184]]",familial neurohypophyseal diabetes insipidus,familial neurohypophyseal diabetes insipidus,['OMIM:125700'],9580132.1,"140,184","[[""MESH:D020790""], [""OMIM:125700""], [""MESH:D018500""], [""OMIM:125800""], [""OMIM:304800""], [""NONE""], [""NONE""], [""NONE""], [""NONE""], [""NONE""], [""NONE""], [""NONE""], [""NONE""], [""NONE""], [""NONE""], [""NONE""], [""NONE""], [""NONE""], [""NONE""], [""NONE""], [""NONE""], [""NONE""], [""NONE""], [""NONE""], [""NONE""], [""NONE""], [""NONE""], [""NONE""], [""NONE""], [""NONE""], [""NONE""], [""NONE""], [""NONE""], [""NONE""], [""NONE""], [""NONE""], [""NONE""], [""NONE""], [""NONE""]]",1
9580132,"[[186, 230]]",Familial neurohypophyseal diabetes insipidus,Familial neurohypophyseal diabetes insipidus,['OMIM:125700'],9580132.2,"186,230","[[""MESH:D020790""], [""OMIM:125700""], [""MESH:D018500""], [""OMIM:125800""], [""OMIM:304800""], [""NONE""], [""NONE""], [""NONE""], [""NONE""], [""NONE""], [""NONE""], [""NONE""], [""NONE""], [""NONE""], [""NONE""], [""NONE""], [""NONE""], [""NONE""], [""NONE""], [""NONE""], [""NONE""], [""NONE""], [""NONE""], [""NONE""], [""NONE""], [""NONE""], [""NONE""], [""NONE""], [""NONE""], [""NONE""], [""NONE""], [""NONE""], [""NONE""], [""NONE""], [""NONE""], [""NONE""], [""NONE""], [""NONE""], [""NONE""]]",1
9580132,"[[232, 236]]",FNDI,Familial neurohypophyseal diabetes insipidus,['OMIM:125700'],9580132.3,"232,236","[[""MESH:D020790""], [""OMIM:125700""], [""MESH:D018500""], [""OMIM:125800""], [""OMIM:304800""], [""NONE""], [""NONE""], [""NONE""], [""NONE""], [""NONE""], [""NONE""], [""NONE""], [""NONE""], [""NONE""], [""NONE""], [""NONE""], [""NONE""], [""NONE""], [""NONE""], [""NONE""], [""NONE""], [""NONE""], [""NONE""], [""NONE""], [""NONE""], [""NONE""], [""NONE""], [""NONE""], [""NONE""], [""NONE""], [""NONE""], [""NONE""], [""NONE""], [""NONE""], [""NONE""], [""NONE""], [""NONE""], [""NONE""], [""NONE""]]",1
9580132,"[[463, 467]]",FNDI,Familial neurohypophyseal diabetes insipidus,['OMIM:125700'],9580132.5,"463,467","[[""MESH:D020790""], [""OMIM:125700""], [""MESH:D018500""], [""OMIM:125800""], [""OMIM:304800""], [""NONE""], [""NONE""], [""NONE""], [""NONE""], [""NONE""], [""NONE""], [""NONE""], [""NONE""], [""NONE""], [""NONE""], [""NONE""], [""NONE""], [""NONE""], [""NONE""], [""NONE""], [""NONE""], [""NONE""], [""NONE""], [""NONE""], [""NONE""], [""NONE""], [""NONE""], [""NONE""], [""NONE""], [""NONE""], [""NONE""], [""NONE""], [""NONE""], [""NONE""], [""NONE""], [""NONE""], [""NONE""], [""NONE""], [""NONE""]]",1
9580132,"[[1173, 1177]]",FNDI,Familial neurohypophyseal diabetes insipidus,['OMIM:125700'],9580132.6,"1173,1177","[[""MESH:D020790""], [""OMIM:125700""], [""MESH:D018500""], [""OMIM:125800""], [""OMIM:304800""], [""NONE""], [""NONE""], [""NONE""], [""NONE""], [""NONE""], [""NONE""], [""NONE""], [""NONE""], [""NONE""], [""NONE""], [""NONE""], [""NONE""], [""NONE""], [""NONE""], [""NONE""], [""NONE""], [""NONE""], [""NONE""], [""NONE""], [""NONE""], [""NONE""], [""NONE""], [""NONE""], [""NONE""], [""NONE""], [""NONE""], [""NONE""], [""NONE""], [""NONE""], [""NONE""], [""NONE""], [""NONE""], [""NONE""], [""NONE""]]",1
9585583,"[[25, 49]]",Saethre-Chotzen syndrome,Saethre-Chotzen syndrome,['OMIM:101400'],9585583.1,"25,49","[[""MESH:D000168""], [""OMIM:101200""], [""OMIM:101400""], [""MESH:C566325""], [""MESH:D010004""], [""OMIM:119900""], [""OMIM:259100""], [""OMIM:614441""], [""OMIM:613717""], [""NONE""], [""NONE""], [""NONE""], [""NONE""], [""NONE""], [""NONE""], [""NONE""], [""NONE""], [""NONE""], [""NONE""], [""NONE""], [""NONE""], [""NONE""], [""NONE""], [""NONE""], [""NONE""], [""NONE""], [""NONE""], [""NONE""], [""NONE""], [""NONE""], [""NONE""], [""NONE""], [""NONE""], [""NONE""], [""NONE""], [""NONE""], [""NONE""], [""NONE""], [""NONE""]]",2
9585583,"[[131, 155]]",Saethre-Chotzen syndrome,Saethre-Chotzen syndrome,['OMIM:101400'],9585583.2,"131,155","[[""MESH:D000168""], [""OMIM:101200""], [""OMIM:101400""], [""MESH:C566325""], [""MESH:D010004""], [""OMIM:119900""], [""OMIM:259100""], [""OMIM:614441""], [""OMIM:613717""], [""NONE""], [""NONE""], [""NONE""], [""NONE""], [""NONE""], [""NONE""], [""NONE""], [""NONE""], [""NONE""], [""NONE""], [""NONE""], [""NONE""], [""NONE""], [""NONE""], [""NONE""], [""NONE""], [""NONE""], [""NONE""], [""NONE""], [""NONE""], [""NONE""], [""NONE""], [""NONE""], [""NONE""], [""NONE""], [""NONE""], [""NONE""], [""NONE""], [""NONE""], [""NONE""]]",2
9585583,"[[198, 214]]",craniosynostosis,craniosynostosis,['MESH:D003398'],9585583.4,"198,214","[[""MESH:D003398""], [""OMIM:123100""], [""OMIM:190440""], [""OMIM:600775""], [""OMIM:614485""], [""OMIM:615314""], [""OMIM:615529""], [""OMIM:616602""], [""OMIM:617439""], [""MESH:C562951""], [""MESH:C565753""], [""OMIM:604757""], [""NONE""], [""NONE""], [""NONE""], [""NONE""], [""NONE""], [""NONE""], [""NONE""], [""NONE""], [""NONE""], [""NONE""], [""NONE""], [""NONE""], [""NONE""], [""NONE""], [""NONE""], [""NONE""], [""NONE""], [""NONE""], [""NONE""], [""NONE""], [""NONE""], [""NONE""], [""NONE""], [""NONE""], [""NONE""], [""NONE""], [""NONE""]]",0
9585583,"[[219, 233]]",limb anomalies,limb anomalies,['MESH:D017880'],9585583.5,"219,233","[[""MESH:D017880""], [""MESH:D013064""], [""MESH:C566258""], [""MESH:C535612""], [""OMIM:276820""], [""NONE""], [""NONE""], [""NONE""], [""NONE""], [""NONE""], [""NONE""], [""NONE""], [""NONE""], [""NONE""], [""NONE""], [""NONE""], [""NONE""], [""NONE""], [""NONE""], [""NONE""], [""NONE""], [""NONE""], [""NONE""], [""NONE""], [""NONE""], [""NONE""], [""NONE""], [""NONE""], [""NONE""], [""NONE""], [""NONE""], [""NONE""], [""NONE""], [""NONE""], [""NONE""], [""NONE""], [""NONE""], [""NONE""], [""NONE""]]",0
9585583,"[[561, 585]]",Saethre-Chotzen syndrome,Saethre-Chotzen syndrome,['OMIM:101400'],9585583.6,"561,585","[[""MESH:D000168""], [""OMIM:101200""], [""OMIM:101400""], [""MESH:C566325""], [""MESH:D010004""], [""OMIM:119900""], [""OMIM:259100""], [""OMIM:614441""], [""OMIM:613717""], [""NONE""], [""NONE""], [""NONE""], [""NONE""], [""NONE""], [""NONE""], [""NONE""], [""NONE""], [""NONE""], [""NONE""], [""NONE""], [""NONE""], [""NONE""], [""NONE""], [""NONE""], [""NONE""], [""NONE""], [""NONE""], [""NONE""], [""NONE""], [""NONE""], [""NONE""], [""NONE""], [""NONE""], [""NONE""], [""NONE""], [""NONE""], [""NONE""], [""NONE""], [""NONE""]]",2
9585583,"[[845, 863]]",coronal synostosis,coronal synostosis,['MESH:D003398'],9585583.7,"845,863","[[""MESH:D003398""], [""OMIM:123100""], [""OMIM:190440""], [""OMIM:600775""], [""OMIM:614485""], [""OMIM:615314""], [""OMIM:615529""], [""OMIM:616602""], [""OMIM:617439""], [""MESH:C537369""], [""OMIM:602849""], [""NONE""], [""NONE""], [""NONE""], [""NONE""], [""NONE""], [""NONE""], [""NONE""], [""NONE""], [""NONE""], [""NONE""], [""NONE""], [""NONE""], [""NONE""], [""NONE""], [""NONE""], [""NONE""], [""NONE""], [""NONE""], [""NONE""], [""NONE""], [""NONE""], [""NONE""], [""NONE""], [""NONE""], [""NONE""], [""NONE""], [""NONE""], [""NONE""]]",0
9585583,"[[865, 878]]",brachycephaly,brachycephaly,['MESH:D003398'],9585583.8,"865,878","[[""MESH:D003398""], [""OMIM:123100""], [""OMIM:190440""], [""OMIM:600775""], [""OMIM:614485""], [""OMIM:615314""], [""OMIM:615529""], [""OMIM:616602""], [""OMIM:617439""], [""MESH:C562573""], [""MESH:D058627""], [""MESH:C562951""], [""MESH:D059041""], [""MESH:D004677""], [""NONE""], [""NONE""], [""NONE""], [""NONE""], [""NONE""], [""NONE""], [""NONE""], [""NONE""], [""NONE""], [""NONE""], [""NONE""], [""NONE""], [""NONE""], [""NONE""], [""NONE""], [""NONE""], [""NONE""], [""NONE""], [""NONE""], [""NONE""], [""NONE""], [""NONE""], [""NONE""], [""NONE""], [""NONE""]]",0
9585583,"[[902, 918]]",facial asymmetry,facial asymmetry,['MESH:D005146'],9585583.10,"902,918","[[""MESH:D005146""], [""MESH:C535349""], [""OMIM:125520""], [""MESH:C535862""], [""MESH:D019066""], [""MESH:D005150""], [""NONE""], [""NONE""], [""NONE""], [""NONE""], [""NONE""], [""NONE""], [""NONE""], [""NONE""], [""NONE""], [""NONE""], [""NONE""], [""NONE""], [""NONE""], [""NONE""], [""NONE""], [""NONE""], [""NONE""], [""NONE""], [""NONE""], [""NONE""], [""NONE""], [""NONE""], [""NONE""], [""NONE""], [""NONE""], [""NONE""], [""NONE""], [""NONE""], [""NONE""], [""NONE""], [""NONE""], [""NONE""], [""NONE""]]",0
9585583,"[[920, 926]]",ptosis,ptosis,['MESH:D001763'],9585583.11,"920,926","[[""MESH:D001763""], [""MESH:D005094""], [""MESH:C564553""], [""OMIM:300245""], [""MESH:C566737""], [""OMIM:178300""], [""MESH:D004774""], [""MESH:D013285""], [""OMIM:185100""], [""NONE""], [""NONE""], [""NONE""], [""NONE""], [""NONE""], [""NONE""], [""NONE""], [""NONE""], [""NONE""], [""NONE""], [""NONE""], [""NONE""], [""NONE""], [""NONE""], [""NONE""], [""NONE""], [""NONE""], [""NONE""], [""NONE""], [""NONE""], [""NONE""], [""NONE""], [""NONE""], [""NONE""], [""NONE""], [""NONE""], [""NONE""], [""NONE""], [""NONE""], [""NONE""]]",0
9585583,"[[928, 941]]",hypertelorism,hypertelorism,['MESH:D006972'],9585583.12,"928,941","[[""MESH:D006972""], [""MESH:D013285""], [""OMIM:185100""], [""MESH:C538387""], [""OMIM:145420""], [""MESH:D006956""], [""MESH:C565497""], [""MESH:D016569""], [""MESH:D058627""], [""NONE""], [""NONE""], [""NONE""], [""NONE""], [""NONE""], [""NONE""], [""NONE""], [""NONE""], [""NONE""], [""NONE""], [""NONE""], [""NONE""], [""NONE""], [""NONE""], [""NONE""], [""NONE""], [""NONE""], [""NONE""], [""NONE""], [""NONE""], [""NONE""], [""NONE""], [""NONE""], [""NONE""], [""NONE""], [""NONE""], [""NONE""], [""NONE""], [""NONE""], [""NONE""]]",0
9585583,"[[965, 977]]",clinodactyly,clinodactyly,['MESH:C536852'],9585583.14,"965,977","[[""MESH:C537090""], [""MESH:C563646""], [""MESH:D017689""], [""MESH:C566096""], [""OMIM:185900""], [""MESH:C537967""], [""MESH:C562546""], [""MESH:C536852""], [""MESH:C567780""], [""OMIM:114200""], [""MESH:C565097""], [""MESH:D059327""], [""NONE""], [""NONE""], [""NONE""], [""NONE""], [""NONE""], [""NONE""], [""NONE""], [""NONE""], [""NONE""], [""NONE""], [""NONE""], [""NONE""], [""NONE""], [""NONE""], [""NONE""], [""NONE""], [""NONE""], [""NONE""], [""NONE""], [""NONE""], [""NONE""], [""NONE""], [""NONE""], [""NONE""], [""NONE""], [""NONE""], [""NONE""]]",7
9585583,"[[1197, 1223]]",craniosynostotic condition,craniosynostotic condition,['MESH:D003398'],9585583.15,"1197,1223","[[""MESH:D003398""], [""OMIM:123100""], [""OMIM:190440""], [""OMIM:600775""], [""OMIM:614485""], [""OMIM:615314""], [""OMIM:615529""], [""OMIM:616602""], [""OMIM:617439""], [""MESH:C562951""], [""MESH:C565753""], [""OMIM:604757""], [""NONE""], [""NONE""], [""NONE""], [""NONE""], [""NONE""], [""NONE""], [""NONE""], [""NONE""], [""NONE""], [""NONE""], [""NONE""], [""NONE""], [""NONE""], [""NONE""], [""NONE""], [""NONE""], [""NONE""], [""NONE""], [""NONE""], [""NONE""], [""NONE""], [""NONE""], [""NONE""], [""NONE""], [""NONE""], [""NONE""], [""NONE""]]",0
9585583,"[[1232, 1280]]","Saethre-Chotzen, Crouzon, and Pfeiffer syndromes","Saethre-Chotzen, Crouzon, and Pfeiffer syndromes","['OMIM:101600', 'OMIM:123500', 'OMIM:101400']",9585583.16,"1232,1280","[[""MESH:D000168""], [""OMIM:101200""], [""OMIM:101400""], [""MESH:C566325""], [""NONE""], [""NONE""], [""NONE""], [""NONE""], [""NONE""], [""NONE""], [""NONE""], [""NONE""], [""NONE""], [""NONE""], [""NONE""], [""NONE""], [""NONE""], [""NONE""], [""NONE""], [""NONE""], [""NONE""], [""NONE""], [""NONE""], [""NONE""], [""NONE""], [""NONE""], [""NONE""], [""NONE""], [""NONE""], [""NONE""], [""NONE""], [""NONE""], [""NONE""], [""NONE""], [""NONE""], [""NONE""], [""NONE""], [""NONE""], [""NONE""]]",2
9585605,"[[30, 47]]",Angelman syndrome,Angelman syndrome,['MESH:D017204'],9585605.1,"30,47","[[""MESH:D017204""], [""OMIM:105830""], [""MESH:C567484""], [""OMIM:300243""], [""MESH:C531619""], [""MESH:C536361""], [""NONE""], [""NONE""], [""NONE""], [""NONE""], [""NONE""], [""NONE""], [""NONE""], [""NONE""], [""NONE""], [""NONE""], [""NONE""], [""NONE""], [""NONE""], [""NONE""], [""NONE""], [""NONE""], [""NONE""], [""NONE""], [""NONE""], [""NONE""], [""NONE""], [""NONE""], [""NONE""], [""NONE""], [""NONE""], [""NONE""], [""NONE""], [""NONE""], [""NONE""], [""NONE""], [""NONE""], [""NONE""], [""NONE""]]",0
9585605,"[[58, 75]]",Angelman syndrome,Angelman syndrome,['MESH:D017204'],9585605.2,"58,75","[[""MESH:D017204""], [""OMIM:105830""], [""MESH:C567484""], [""OMIM:300243""], [""MESH:C531619""], [""MESH:C536361""], [""NONE""], [""NONE""], [""NONE""], [""NONE""], [""NONE""], [""NONE""], [""NONE""], [""NONE""], [""NONE""], [""NONE""], [""NONE""], [""NONE""], [""NONE""], [""NONE""], [""NONE""], [""NONE""], [""NONE""], [""NONE""], [""NONE""], [""NONE""], [""NONE""], [""NONE""], [""NONE""], [""NONE""], [""NONE""], [""NONE""], [""NONE""], [""NONE""], [""NONE""], [""NONE""], [""NONE""], [""NONE""], [""NONE""]]",0
9585605,"[[77, 79]]",AS,Angelman syndrome,['MESH:D017204'],9585605.3,"77,79","[[""MESH:D017204""], [""OMIM:105830""], [""MESH:C567484""], [""OMIM:300243""], [""MESH:C531619""], [""MESH:C536361""], [""NONE""], [""NONE""], [""NONE""], [""NONE""], [""NONE""], [""NONE""], [""NONE""], [""NONE""], [""NONE""], [""NONE""], [""NONE""], [""NONE""], [""NONE""], [""NONE""], [""NONE""], [""NONE""], [""NONE""], [""NONE""], [""NONE""], [""NONE""], [""NONE""], [""NONE""], [""NONE""], [""NONE""], [""NONE""], [""NONE""], [""NONE""], [""NONE""], [""NONE""], [""NONE""], [""NONE""], [""NONE""], [""NONE""]]",0
9585605,"[[157, 175]]",uniparental disomy,uniparental disomy,['MESH:D024182'],9585605.4,"157,175","[[""MESH:D024182""], [""MESH:D009006""], [""NONE""], [""NONE""], [""NONE""], [""NONE""], [""NONE""], [""NONE""], [""NONE""], [""NONE""], [""NONE""], [""NONE""], [""NONE""], [""NONE""], [""NONE""], [""NONE""], [""NONE""], [""NONE""], [""NONE""], [""NONE""], [""NONE""], [""NONE""], [""NONE""], [""NONE""], [""NONE""], [""NONE""], [""NONE""], [""NONE""], [""NONE""], [""NONE""], [""NONE""], [""NONE""], [""NONE""], [""NONE""], [""NONE""], [""NONE""], [""NONE""], [""NONE""], [""NONE""]]",0
9585605,"[[177, 180]]",UPD,uniparental disomy,['MESH:D024182'],9585605.5,"177,180","[[""MESH:D024182""], [""MESH:D009006""], [""NONE""], [""NONE""], [""NONE""], [""NONE""], [""NONE""], [""NONE""], [""NONE""], [""NONE""], [""NONE""], [""NONE""], [""NONE""], [""NONE""], [""NONE""], [""NONE""], [""NONE""], [""NONE""], [""NONE""], [""NONE""], [""NONE""], [""NONE""], [""NONE""], [""NONE""], [""NONE""], [""NONE""], [""NONE""], [""NONE""], [""NONE""], [""NONE""], [""NONE""], [""NONE""], [""NONE""], [""NONE""], [""NONE""], [""NONE""], [""NONE""], [""NONE""], [""NONE""]]",0
9585605,"[[402, 404]]",AS,Angelman syndrome,['MESH:D017204'],9585605.6,"402,404","[[""MESH:D017204""], [""OMIM:105830""], [""MESH:C567484""], [""OMIM:300243""], [""MESH:C531619""], [""MESH:C536361""], [""NONE""], [""NONE""], [""NONE""], [""NONE""], [""NONE""], [""NONE""], [""NONE""], [""NONE""], [""NONE""], [""NONE""], [""NONE""], [""NONE""], [""NONE""], [""NONE""], [""NONE""], [""NONE""], [""NONE""], [""NONE""], [""NONE""], [""NONE""], [""NONE""], [""NONE""], [""NONE""], [""NONE""], [""NONE""], [""NONE""], [""NONE""], [""NONE""], [""NONE""], [""NONE""], [""NONE""], [""NONE""], [""NONE""]]",0
9585605,"[[981, 983]]",AS,Angelman syndrome,['MESH:D017204'],9585605.7,"981,983","[[""MESH:D017204""], [""OMIM:105830""], [""MESH:C567484""], [""OMIM:300243""], [""MESH:C531619""], [""MESH:C536361""], [""NONE""], [""NONE""], [""NONE""], [""NONE""], [""NONE""], [""NONE""], [""NONE""], [""NONE""], [""NONE""], [""NONE""], [""NONE""], [""NONE""], [""NONE""], [""NONE""], [""NONE""], [""NONE""], [""NONE""], [""NONE""], [""NONE""], [""NONE""], [""NONE""], [""NONE""], [""NONE""], [""NONE""], [""NONE""], [""NONE""], [""NONE""], [""NONE""], [""NONE""], [""NONE""], [""NONE""], [""NONE""], [""NONE""]]",0
9585605,"[[1025, 1027]]",AS,Angelman syndrome,['MESH:D017204'],9585605.8,"1025,1027","[[""MESH:D017204""], [""OMIM:105830""], [""MESH:C567484""], [""OMIM:300243""], [""MESH:C531619""], [""MESH:C536361""], [""NONE""], [""NONE""], [""NONE""], [""NONE""], [""NONE""], [""NONE""], [""NONE""], [""NONE""], [""NONE""], [""NONE""], [""NONE""], [""NONE""], [""NONE""], [""NONE""], [""NONE""], [""NONE""], [""NONE""], [""NONE""], [""NONE""], [""NONE""], [""NONE""], [""NONE""], [""NONE""], [""NONE""], [""NONE""], [""NONE""], [""NONE""], [""NONE""], [""NONE""], [""NONE""], [""NONE""], [""NONE""], [""NONE""]]",0
9585605,"[[1067, 1069]]",AS,Angelman syndrome,['MESH:D017204'],9585605.9,"1067,1069","[[""MESH:D017204""], [""OMIM:105830""], [""MESH:C567484""], [""OMIM:300243""], [""MESH:C531619""], [""MESH:C536361""], [""NONE""], [""NONE""], [""NONE""], [""NONE""], [""NONE""], [""NONE""], [""NONE""], [""NONE""], [""NONE""], [""NONE""], [""NONE""], [""NONE""], [""NONE""], [""NONE""], [""NONE""], [""NONE""], [""NONE""], [""NONE""], [""NONE""], [""NONE""], [""NONE""], [""NONE""], [""NONE""], [""NONE""], [""NONE""], [""NONE""], [""NONE""], [""NONE""], [""NONE""], [""NONE""], [""NONE""], [""NONE""], [""NONE""]]",0
9585606,"[[4, 19]]",hemochromatosis,hemochromatosis,['MESH:D006432'],9585606.1,"4,19","[[""MESH:D006432""], [""OMIM:235200""], [""MESH:C579887""], [""NONE""], [""NONE""], [""NONE""], [""NONE""], [""NONE""], [""NONE""], [""NONE""], [""NONE""], [""NONE""], [""NONE""], [""NONE""], [""NONE""], [""NONE""], [""NONE""], [""NONE""], [""NONE""], [""NONE""], [""NONE""], [""NONE""], [""NONE""], [""NONE""], [""NONE""], [""NONE""], [""NONE""], [""NONE""], [""NONE""], [""NONE""], [""NONE""], [""NONE""], [""NONE""], [""NONE""], [""NONE""], [""NONE""], [""NONE""], [""NONE""], [""NONE""]]",0
9585606,"[[96, 111]]",Hemochromatosis,Hemochromatosis,['MESH:D006432'],9585606.2,"96,111","[[""MESH:D006432""], [""OMIM:235200""], [""MESH:C579887""], [""NONE""], [""NONE""], [""NONE""], [""NONE""], [""NONE""], [""NONE""], [""NONE""], [""NONE""], [""NONE""], [""NONE""], [""NONE""], [""NONE""], [""NONE""], [""NONE""], [""NONE""], [""NONE""], [""NONE""], [""NONE""], [""NONE""], [""NONE""], [""NONE""], [""NONE""], [""NONE""], [""NONE""], [""NONE""], [""NONE""], [""NONE""], [""NONE""], [""NONE""], [""NONE""], [""NONE""], [""NONE""], [""NONE""], [""NONE""], [""NONE""], [""NONE""]]",0
9585606,"[[117, 154]]",inherited disorder of iron metabolism,inherited disorder of iron metabolism,['MESH:D019189'],9585606.3,"117,154","[[""MESH:C562385""], [""OMIM:206200""], [""MESH:C537249""], [""OMIM:606069""], [""MESH:D019189""], [""OMIM:615517""], [""MESH:C565020""], [""NONE""], [""NONE""], [""NONE""], [""NONE""], [""NONE""], [""NONE""], [""NONE""], [""NONE""], [""NONE""], [""NONE""], [""NONE""], [""NONE""], [""NONE""], [""NONE""], [""NONE""], [""NONE""], [""NONE""], [""NONE""], [""NONE""], [""NONE""], [""NONE""], [""NONE""], [""NONE""], [""NONE""], [""NONE""], [""NONE""], [""NONE""], [""NONE""], [""NONE""], [""NONE""], [""NONE""], [""NONE""]]",4
9585606,"[[192, 205]]",iron overload,iron overload,['MESH:D019190'],9585606.4,"192,205","[[""MESH:D019190""], [""OMIM:615517""], [""MESH:C565020""], [""MESH:C537904""], [""MESH:D006432""], [""OMIM:235200""], [""NONE""], [""NONE""], [""NONE""], [""NONE""], [""NONE""], [""NONE""], [""NONE""], [""NONE""], [""NONE""], [""NONE""], [""NONE""], [""NONE""], [""NONE""], [""NONE""], [""NONE""], [""NONE""], [""NONE""], [""NONE""], [""NONE""], [""NONE""], [""NONE""], [""NONE""], [""NONE""], [""NONE""], [""NONE""], [""NONE""], [""NONE""], [""NONE""], [""NONE""], [""NONE""], [""NONE""], [""NONE""], [""NONE""]]",0
9585606,"[[231, 246]]",hemochromatosis,hemochromatosis,['MESH:D006432'],9585606.6,"231,246","[[""MESH:D006432""], [""OMIM:235200""], [""MESH:C579887""], [""NONE""], [""NONE""], [""NONE""], [""NONE""], [""NONE""], [""NONE""], [""NONE""], [""NONE""], [""NONE""], [""NONE""], [""NONE""], [""NONE""], [""NONE""], [""NONE""], [""NONE""], [""NONE""], [""NONE""], [""NONE""], [""NONE""], [""NONE""], [""NONE""], [""NONE""], [""NONE""], [""NONE""], [""NONE""], [""NONE""], [""NONE""], [""NONE""], [""NONE""], [""NONE""], [""NONE""], [""NONE""], [""NONE""], [""NONE""], [""NONE""], [""NONE""]]",0
9585606,"[[473, 488]]",hemochromatosis,hemochromatosis,['MESH:D006432'],9585606.7,"473,488","[[""MESH:D006432""], [""OMIM:235200""], [""MESH:C579887""], [""NONE""], [""NONE""], [""NONE""], [""NONE""], [""NONE""], [""NONE""], [""NONE""], [""NONE""], [""NONE""], [""NONE""], [""NONE""], [""NONE""], [""NONE""], [""NONE""], [""NONE""], [""NONE""], [""NONE""], [""NONE""], [""NONE""], [""NONE""], [""NONE""], [""NONE""], [""NONE""], [""NONE""], [""NONE""], [""NONE""], [""NONE""], [""NONE""], [""NONE""], [""NONE""], [""NONE""], [""NONE""], [""NONE""], [""NONE""], [""NONE""], [""NONE""]]",0
9585611,"[[35, 72]]",attenuated adenomatous polyposis coli,attenuated adenomatous polyposis coli,['MESH:C538265'],9585611.1,"35,72","[[""MESH:C566778""], [""MESH:C538265""], [""MESH:C563924""], [""OMIM:608456""], [""MESH:D011125""], [""OMIM:175100""], [""OMIM:616415""], [""OMIM:617100""], [""NONE""], [""NONE""], [""NONE""], [""NONE""], [""NONE""], [""NONE""], [""NONE""], [""NONE""], [""NONE""], [""NONE""], [""NONE""], [""NONE""], [""NONE""], [""NONE""], [""NONE""], [""NONE""], [""NONE""], [""NONE""], [""NONE""], [""NONE""], [""NONE""], [""NONE""], [""NONE""], [""NONE""], [""NONE""], [""NONE""], [""NONE""], [""NONE""], [""NONE""], [""NONE""], [""NONE""]]",1
9585611,"[[101, 106]]",tumor,tumor,['MESH:D009369'],9585611.2,"101,106","[[""MESH:D009369""], [""MESH:D009371""], [""NONE""], [""NONE""], [""NONE""], [""NONE""], [""NONE""], [""NONE""], [""NONE""], [""NONE""], [""NONE""], [""NONE""], [""NONE""], [""NONE""], [""NONE""], [""NONE""], [""NONE""], [""NONE""], [""NONE""], [""NONE""], [""NONE""], [""NONE""], [""NONE""], [""NONE""], [""NONE""], [""NONE""], [""NONE""], [""NONE""], [""NONE""], [""NONE""], [""NONE""], [""NONE""], [""NONE""], [""NONE""], [""NONE""], [""NONE""], [""NONE""], [""NONE""], [""NONE""]]",0
9585611,"[[140, 177]]",attenuated adenomatous polyposis coli,attenuated adenomatous polyposis coli,['MESH:C538265'],9585611.3,"140,177","[[""MESH:C566778""], [""MESH:C538265""], [""MESH:C563924""], [""OMIM:608456""], [""MESH:D011125""], [""OMIM:175100""], [""OMIM:616415""], [""OMIM:617100""], [""NONE""], [""NONE""], [""NONE""], [""NONE""], [""NONE""], [""NONE""], [""NONE""], [""NONE""], [""NONE""], [""NONE""], [""NONE""], [""NONE""], [""NONE""], [""NONE""], [""NONE""], [""NONE""], [""NONE""], [""NONE""], [""NONE""], [""NONE""], [""NONE""], [""NONE""], [""NONE""], [""NONE""], [""NONE""], [""NONE""], [""NONE""], [""NONE""], [""NONE""], [""NONE""], [""NONE""]]",1
9585611,"[[179, 183]]",AAPC,attenuated adenomatous polyposis coli,['MESH:C538265'],9585611.4,"179,183","[[""MESH:C566778""], [""MESH:C538265""], [""MESH:C563924""], [""OMIM:608456""], [""MESH:D011125""], [""OMIM:175100""], [""OMIM:616415""], [""OMIM:617100""], [""NONE""], [""NONE""], [""NONE""], [""NONE""], [""NONE""], [""NONE""], [""NONE""], [""NONE""], [""NONE""], [""NONE""], [""NONE""], [""NONE""], [""NONE""], [""NONE""], [""NONE""], [""NONE""], [""NONE""], [""NONE""], [""NONE""], [""NONE""], [""NONE""], [""NONE""], [""NONE""], [""NONE""], [""NONE""], [""NONE""], [""NONE""], [""NONE""], [""NONE""], [""NONE""], [""NONE""]]",1
9585611,"[[199, 229]]",familial adenomatous polyposis,familial adenomatous polyposis,['MESH:D011125'],9585611.5,"199,229","[[""MESH:D011125""], [""OMIM:175100""], [""OMIM:616415""], [""OMIM:617100""], [""NONE""], [""NONE""], [""NONE""], [""NONE""], [""NONE""], [""NONE""], [""NONE""], [""NONE""], [""NONE""], [""NONE""], [""NONE""], [""NONE""], [""NONE""], [""NONE""], [""NONE""], [""NONE""], [""NONE""], [""NONE""], [""NONE""], [""NONE""], [""NONE""], [""NONE""], [""NONE""], [""NONE""], [""NONE""], [""NONE""], [""NONE""], [""NONE""], [""NONE""], [""NONE""], [""NONE""], [""NONE""], [""NONE""], [""NONE""], [""NONE""]]",0
9585611,"[[231, 234]]",FAP,familial adenomatous polyposis,['MESH:D011125'],9585611.6,"231,234","[[""MESH:D011125""], [""OMIM:175100""], [""OMIM:616415""], [""OMIM:617100""], [""NONE""], [""NONE""], [""NONE""], [""NONE""], [""NONE""], [""NONE""], [""NONE""], [""NONE""], [""NONE""], [""NONE""], [""NONE""], [""NONE""], [""NONE""], [""NONE""], [""NONE""], [""NONE""], [""NONE""], [""NONE""], [""NONE""], [""NONE""], [""NONE""], [""NONE""], [""NONE""], [""NONE""], [""NONE""], [""NONE""], [""NONE""], [""NONE""], [""NONE""], [""NONE""], [""NONE""], [""NONE""], [""NONE""], [""NONE""], [""NONE""]]",0
9585611,"[[237, 241]]",AAPC,attenuated adenomatous polyposis coli,['MESH:C538265'],9585611.7,"237,241","[[""MESH:C566778""], [""MESH:C538265""], [""MESH:C563924""], [""OMIM:608456""], [""MESH:D011125""], [""OMIM:175100""], [""OMIM:616415""], [""OMIM:617100""], [""NONE""], [""NONE""], [""NONE""], [""NONE""], [""NONE""], [""NONE""], [""NONE""], [""NONE""], [""NONE""], [""NONE""], [""NONE""], [""NONE""], [""NONE""], [""NONE""], [""NONE""], [""NONE""], [""NONE""], [""NONE""], [""NONE""], [""NONE""], [""NONE""], [""NONE""], [""NONE""], [""NONE""], [""NONE""], [""NONE""], [""NONE""], [""NONE""], [""NONE""], [""NONE""], [""NONE""]]",1
9585611,"[[321, 338]]",colorectal cancer,colorectal cancer,['MESH:D015179'],9585611.9,"321,338","[[""MESH:D015179""], [""OMIM:114500""], [""OMIM:608812""], [""OMIM:611469""], [""OMIM:612229""], [""OMIM:612230""], [""OMIM:612231""], [""OMIM:612232""], [""OMIM:612589""], [""OMIM:612590""], [""OMIM:612591""], [""OMIM:612592""], [""OMIM:615083""], [""NONE""], [""NONE""], [""NONE""], [""NONE""], [""NONE""], [""NONE""], [""NONE""], [""NONE""], [""NONE""], [""NONE""], [""NONE""], [""NONE""], [""NONE""], [""NONE""], [""NONE""], [""NONE""], [""NONE""], [""NONE""], [""NONE""], [""NONE""], [""NONE""], [""NONE""], [""NONE""], [""NONE""], [""NONE""], [""NONE""]]",0
9585611,"[[428, 432]]",AAPC,attenuated adenomatous polyposis coli,['MESH:C538265'],9585611.10,"428,432","[[""MESH:C566778""], [""MESH:C538265""], [""MESH:C563924""], [""OMIM:608456""], [""MESH:D011125""], [""OMIM:175100""], [""OMIM:616415""], [""OMIM:617100""], [""NONE""], [""NONE""], [""NONE""], [""NONE""], [""NONE""], [""NONE""], [""NONE""], [""NONE""], [""NONE""], [""NONE""], [""NONE""], [""NONE""], [""NONE""], [""NONE""], [""NONE""], [""NONE""], [""NONE""], [""NONE""], [""NONE""], [""NONE""], [""NONE""], [""NONE""], [""NONE""], [""NONE""], [""NONE""], [""NONE""], [""NONE""], [""NONE""], [""NONE""], [""NONE""], [""NONE""]]",1
9585611,"[[515, 518]]",APC,APC,['MESH:D011125'],9585611.11,"515,518","[[""MESH:D011125""], [""OMIM:175100""], [""OMIM:616415""], [""OMIM:617100""], [""MESH:C535506""], [""OMIM:108500""], [""NONE""], [""NONE""], [""NONE""], [""NONE""], [""NONE""], [""NONE""], [""NONE""], [""NONE""], [""NONE""], [""NONE""], [""NONE""], [""NONE""], [""NONE""], [""NONE""], [""NONE""], [""NONE""], [""NONE""], [""NONE""], [""NONE""], [""NONE""], [""NONE""], [""NONE""], [""NONE""], [""NONE""], [""NONE""], [""NONE""], [""NONE""], [""NONE""], [""NONE""], [""NONE""], [""NONE""], [""NONE""], [""NONE""]]",0
9585611,"[[569, 573]]",AAPC,attenuated adenomatous polyposis coli,['MESH:C538265'],9585611.12,"569,573","[[""MESH:C566778""], [""MESH:C538265""], [""MESH:C563924""], [""OMIM:608456""], [""MESH:D011125""], [""OMIM:175100""], [""OMIM:616415""], [""OMIM:617100""], [""NONE""], [""NONE""], [""NONE""], [""NONE""], [""NONE""], [""NONE""], [""NONE""], [""NONE""], [""NONE""], [""NONE""], [""NONE""], [""NONE""], [""NONE""], [""NONE""], [""NONE""], [""NONE""], [""NONE""], [""NONE""], [""NONE""], [""NONE""], [""NONE""], [""NONE""], [""NONE""], [""NONE""], [""NONE""], [""NONE""], [""NONE""], [""NONE""], [""NONE""], [""NONE""], [""NONE""]]",1
9585611,"[[653, 656]]",APC,APC,['MESH:D011125'],9585611.13,"653,656","[[""MESH:D011125""], [""OMIM:175100""], [""OMIM:616415""], [""OMIM:617100""], [""MESH:C535506""], [""OMIM:108500""], [""NONE""], [""NONE""], [""NONE""], [""NONE""], [""NONE""], [""NONE""], [""NONE""], [""NONE""], [""NONE""], [""NONE""], [""NONE""], [""NONE""], [""NONE""], [""NONE""], [""NONE""], [""NONE""], [""NONE""], [""NONE""], [""NONE""], [""NONE""], [""NONE""], [""NONE""], [""NONE""], [""NONE""], [""NONE""], [""NONE""], [""NONE""], [""NONE""], [""NONE""], [""NONE""], [""NONE""], [""NONE""], [""NONE""]]",0
9585611,"[[759, 762]]",APC,APC,['MESH:D011125'],9585611.14,"759,762","[[""MESH:D011125""], [""OMIM:175100""], [""OMIM:616415""], [""OMIM:617100""], [""MESH:C535506""], [""OMIM:108500""], [""NONE""], [""NONE""], [""NONE""], [""NONE""], [""NONE""], [""NONE""], [""NONE""], [""NONE""], [""NONE""], [""NONE""], [""NONE""], [""NONE""], [""NONE""], [""NONE""], [""NONE""], [""NONE""], [""NONE""], [""NONE""], [""NONE""], [""NONE""], [""NONE""], [""NONE""], [""NONE""], [""NONE""], [""NONE""], [""NONE""], [""NONE""], [""NONE""], [""NONE""], [""NONE""], [""NONE""], [""NONE""], [""NONE""]]",0
9585611,"[[1132, 1140]]",adenomas,adenomas,['MESH:D000236'],9585611.16,"1132,1140","[[""MESH:D000236""], [""MESH:D018256""], [""NONE""], [""NONE""], [""NONE""], [""NONE""], [""NONE""], [""NONE""], [""NONE""], [""NONE""], [""NONE""], [""NONE""], [""NONE""], [""NONE""], [""NONE""], [""NONE""], [""NONE""], [""NONE""], [""NONE""], [""NONE""], [""NONE""], [""NONE""], [""NONE""], [""NONE""], [""NONE""], [""NONE""], [""NONE""], [""NONE""], [""NONE""], [""NONE""], [""NONE""], [""NONE""], [""NONE""], [""NONE""], [""NONE""], [""NONE""], [""NONE""], [""NONE""], [""NONE""]]",0
9585611,"[[1260, 1264]]",AAPC,attenuated adenomatous polyposis coli,['MESH:C538265'],9585611.17,"1260,1264","[[""MESH:C566778""], [""MESH:C538265""], [""MESH:C563924""], [""OMIM:608456""], [""MESH:D011125""], [""OMIM:175100""], [""OMIM:616415""], [""OMIM:617100""], [""NONE""], [""NONE""], [""NONE""], [""NONE""], [""NONE""], [""NONE""], [""NONE""], [""NONE""], [""NONE""], [""NONE""], [""NONE""], [""NONE""], [""NONE""], [""NONE""], [""NONE""], [""NONE""], [""NONE""], [""NONE""], [""NONE""], [""NONE""], [""NONE""], [""NONE""], [""NONE""], [""NONE""], [""NONE""], [""NONE""], [""NONE""], [""NONE""], [""NONE""], [""NONE""], [""NONE""]]",1
9585611,"[[1367, 1381]]",desmoid tumors,desmoid tumors,['MESH:D018222'],9585611.20,"1367,1381","[[""MESH:D018222""], [""MESH:D018220""], [""MESH:C535944""], [""OMIM:135290""], [""NONE""], [""NONE""], [""NONE""], [""NONE""], [""NONE""], [""NONE""], [""NONE""], [""NONE""], [""NONE""], [""NONE""], [""NONE""], [""NONE""], [""NONE""], [""NONE""], [""NONE""], [""NONE""], [""NONE""], [""NONE""], [""NONE""], [""NONE""], [""NONE""], [""NONE""], [""NONE""], [""NONE""], [""NONE""], [""NONE""], [""NONE""], [""NONE""], [""NONE""], [""NONE""], [""NONE""], [""NONE""], [""NONE""], [""NONE""], [""NONE""]]",0
9585611,"[[1438, 1442]]",AAPC,attenuated adenomatous polyposis coli,['MESH:C538265'],9585611.21,"1438,1442","[[""MESH:C566778""], [""MESH:C538265""], [""MESH:C563924""], [""OMIM:608456""], [""MESH:D011125""], [""OMIM:175100""], [""OMIM:616415""], [""OMIM:617100""], [""NONE""], [""NONE""], [""NONE""], [""NONE""], [""NONE""], [""NONE""], [""NONE""], [""NONE""], [""NONE""], [""NONE""], [""NONE""], [""NONE""], [""NONE""], [""NONE""], [""NONE""], [""NONE""], [""NONE""], [""NONE""], [""NONE""], [""NONE""], [""NONE""], [""NONE""], [""NONE""], [""NONE""], [""NONE""], [""NONE""], [""NONE""], [""NONE""], [""NONE""], [""NONE""], [""NONE""]]",1
9585611,"[[1473, 1476]]",APC,APC,['MESH:D011125'],9585611.22,"1473,1476","[[""MESH:D011125""], [""OMIM:175100""], [""OMIM:616415""], [""OMIM:617100""], [""MESH:C535506""], [""OMIM:108500""], [""NONE""], [""NONE""], [""NONE""], [""NONE""], [""NONE""], [""NONE""], [""NONE""], [""NONE""], [""NONE""], [""NONE""], [""NONE""], [""NONE""], [""NONE""], [""NONE""], [""NONE""], [""NONE""], [""NONE""], [""NONE""], [""NONE""], [""NONE""], [""NONE""], [""NONE""], [""NONE""], [""NONE""], [""NONE""], [""NONE""], [""NONE""], [""NONE""], [""NONE""], [""NONE""], [""NONE""], [""NONE""], [""NONE""]]",0
9585611,"[[1631, 1634]]",FAP,familial adenomatous polyposis,['MESH:D011125'],9585611.23,"1631,1634","[[""MESH:D011125""], [""OMIM:175100""], [""OMIM:616415""], [""OMIM:617100""], [""NONE""], [""NONE""], [""NONE""], [""NONE""], [""NONE""], [""NONE""], [""NONE""], [""NONE""], [""NONE""], [""NONE""], [""NONE""], [""NONE""], [""NONE""], [""NONE""], [""NONE""], [""NONE""], [""NONE""], [""NONE""], [""NONE""], [""NONE""], [""NONE""], [""NONE""], [""NONE""], [""NONE""], [""NONE""], [""NONE""], [""NONE""], [""NONE""], [""NONE""], [""NONE""], [""NONE""], [""NONE""], [""NONE""], [""NONE""], [""NONE""]]",0
9590178,"[[0, 12]]",Wilms' tumor,Wilms' tumor,['MESH:D009396'],9590178.1,"0,12","[[""MESH:D009396""], [""OMIM:194070""], [""OMIM:601583""], [""MESH:C563336""], [""OMIM:601363""], [""MESH:C536853""], [""OMIM:194071""], [""NONE""], [""NONE""], [""NONE""], [""NONE""], [""NONE""], [""NONE""], [""NONE""], [""NONE""], [""NONE""], [""NONE""], [""NONE""], [""NONE""], [""NONE""], [""NONE""], [""NONE""], [""NONE""], [""NONE""], [""NONE""], [""NONE""], [""NONE""], [""NONE""], [""NONE""], [""NONE""], [""NONE""], [""NONE""], [""NONE""], [""NONE""], [""NONE""], [""NONE""], [""NONE""], [""NONE""], [""NONE""]]",0
9590178,"[[146, 157]]",Wilms tumor,Wilms tumor,['MESH:D009396'],9590178.2,"146,157","[[""MESH:D009396""], [""OMIM:194070""], [""OMIM:601583""], [""MESH:C563336""], [""OMIM:601363""], [""MESH:C536853""], [""OMIM:194071""], [""NONE""], [""NONE""], [""NONE""], [""NONE""], [""NONE""], [""NONE""], [""NONE""], [""NONE""], [""NONE""], [""NONE""], [""NONE""], [""NONE""], [""NONE""], [""NONE""], [""NONE""], [""NONE""], [""NONE""], [""NONE""], [""NONE""], [""NONE""], [""NONE""], [""NONE""], [""NONE""], [""NONE""], [""NONE""], [""NONE""], [""NONE""], [""NONE""], [""NONE""], [""NONE""], [""NONE""], [""NONE""]]",0
9590178,"[[538, 564]]",male pseudohermaphroditism,male pseudohermaphroditism,['MESH:D058490'],9590178.3,"538,564","[[""MESH:D058490""], [""OMIM:612965""], [""MESH:D013734""], [""OMIM:300068""], [""OMIM:312300""], [""MESH:C537805""], [""OMIM:264300""], [""MESH:C537286""], [""OMIM:233400""], [""MESH:D050090""], [""NONE""], [""NONE""], [""NONE""], [""NONE""], [""NONE""], [""NONE""], [""NONE""], [""NONE""], [""NONE""], [""NONE""], [""NONE""], [""NONE""], [""NONE""], [""NONE""], [""NONE""], [""NONE""], [""NONE""], [""NONE""], [""NONE""], [""NONE""], [""NONE""], [""NONE""], [""NONE""], [""NONE""], [""NONE""], [""NONE""], [""NONE""], [""NONE""], [""NONE""]]",0
9590178,"[[568, 588]]",Denys-Drash syndrome,Denys-Drash syndrome,['MESH:D030321'],9590178.4,"568,588","[[""MESH:D030321""], [""OMIM:194080""], [""MESH:C536401""], [""MESH:C536152""], [""OMIM:148350""], [""NONE""], [""NONE""], [""NONE""], [""NONE""], [""NONE""], [""NONE""], [""NONE""], [""NONE""], [""NONE""], [""NONE""], [""NONE""], [""NONE""], [""NONE""], [""NONE""], [""NONE""], [""NONE""], [""NONE""], [""NONE""], [""NONE""], [""NONE""], [""NONE""], [""NONE""], [""NONE""], [""NONE""], [""NONE""], [""NONE""], [""NONE""], [""NONE""], [""NONE""], [""NONE""], [""NONE""], [""NONE""], [""NONE""], [""NONE""]]",0
9590284,"[[18, 39]]",Prader-Willi syndrome,Prader-Willi syndrome,['MESH:D011218'],9590284.1,"18,39","[[""MESH:D011218""], [""OMIM:176270""], [""MESH:C566764""], [""NONE""], [""NONE""], [""NONE""], [""NONE""], [""NONE""], [""NONE""], [""NONE""], [""NONE""], [""NONE""], [""NONE""], [""NONE""], [""NONE""], [""NONE""], [""NONE""], [""NONE""], [""NONE""], [""NONE""], [""NONE""], [""NONE""], [""NONE""], [""NONE""], [""NONE""], [""NONE""], [""NONE""], [""NONE""], [""NONE""], [""NONE""], [""NONE""], [""NONE""], [""NONE""], [""NONE""], [""NONE""], [""NONE""], [""NONE""], [""NONE""], [""NONE""]]",0
9590284,"[[283, 304]]",Prader-Willi syndrome,Prader-Willi syndrome,['MESH:D011218'],9590284.2,"283,304","[[""MESH:D011218""], [""OMIM:176270""], [""MESH:C566764""], [""NONE""], [""NONE""], [""NONE""], [""NONE""], [""NONE""], [""NONE""], [""NONE""], [""NONE""], [""NONE""], [""NONE""], [""NONE""], [""NONE""], [""NONE""], [""NONE""], [""NONE""], [""NONE""], [""NONE""], [""NONE""], [""NONE""], [""NONE""], [""NONE""], [""NONE""], [""NONE""], [""NONE""], [""NONE""], [""NONE""], [""NONE""], [""NONE""], [""NONE""], [""NONE""], [""NONE""], [""NONE""], [""NONE""], [""NONE""], [""NONE""], [""NONE""]]",0
9590284,"[[306, 309]]",PWS,Prader-Willi syndrome,['MESH:D011218'],9590284.3,"306,309","[[""MESH:D011218""], [""OMIM:176270""], [""MESH:C566764""], [""NONE""], [""NONE""], [""NONE""], [""NONE""], [""NONE""], [""NONE""], [""NONE""], [""NONE""], [""NONE""], [""NONE""], [""NONE""], [""NONE""], [""NONE""], [""NONE""], [""NONE""], [""NONE""], [""NONE""], [""NONE""], [""NONE""], [""NONE""], [""NONE""], [""NONE""], [""NONE""], [""NONE""], [""NONE""], [""NONE""], [""NONE""], [""NONE""], [""NONE""], [""NONE""], [""NONE""], [""NONE""], [""NONE""], [""NONE""], [""NONE""], [""NONE""]]",0
9590284,"[[373, 376]]",PWS,Prader-Willi syndrome,['MESH:D011218'],9590284.4,"373,376","[[""MESH:D011218""], [""OMIM:176270""], [""MESH:C566764""], [""NONE""], [""NONE""], [""NONE""], [""NONE""], [""NONE""], [""NONE""], [""NONE""], [""NONE""], [""NONE""], [""NONE""], [""NONE""], [""NONE""], [""NONE""], [""NONE""], [""NONE""], [""NONE""], [""NONE""], [""NONE""], [""NONE""], [""NONE""], [""NONE""], [""NONE""], [""NONE""], [""NONE""], [""NONE""], [""NONE""], [""NONE""], [""NONE""], [""NONE""], [""NONE""], [""NONE""], [""NONE""], [""NONE""], [""NONE""], [""NONE""], [""NONE""]]",0
9590284,"[[546, 549]]",PWS,Prader-Willi syndrome,['MESH:D011218'],9590284.5,"546,549","[[""MESH:D011218""], [""OMIM:176270""], [""MESH:C566764""], [""NONE""], [""NONE""], [""NONE""], [""NONE""], [""NONE""], [""NONE""], [""NONE""], [""NONE""], [""NONE""], [""NONE""], [""NONE""], [""NONE""], [""NONE""], [""NONE""], [""NONE""], [""NONE""], [""NONE""], [""NONE""], [""NONE""], [""NONE""], [""NONE""], [""NONE""], [""NONE""], [""NONE""], [""NONE""], [""NONE""], [""NONE""], [""NONE""], [""NONE""], [""NONE""], [""NONE""], [""NONE""], [""NONE""], [""NONE""], [""NONE""], [""NONE""]]",0
9590284,"[[754, 757]]",PWS,Prader-Willi syndrome,['MESH:D011218'],9590284.6,"754,757","[[""MESH:D011218""], [""OMIM:176270""], [""MESH:C566764""], [""NONE""], [""NONE""], [""NONE""], [""NONE""], [""NONE""], [""NONE""], [""NONE""], [""NONE""], [""NONE""], [""NONE""], [""NONE""], [""NONE""], [""NONE""], [""NONE""], [""NONE""], [""NONE""], [""NONE""], [""NONE""], [""NONE""], [""NONE""], [""NONE""], [""NONE""], [""NONE""], [""NONE""], [""NONE""], [""NONE""], [""NONE""], [""NONE""], [""NONE""], [""NONE""], [""NONE""], [""NONE""], [""NONE""], [""NONE""], [""NONE""], [""NONE""]]",0
9600235,"[[47, 68]]",ataxia-telangiectasia,ataxia-telangiectasia,['MESH:D001260'],9600235.1,"47,68","[[""MESH:D001260""], [""OMIM:208900""], [""MESH:C565779""], [""OMIM:604391""], [""OMIM:615919""], [""MESH:C538013""], [""OMIM:208920""], [""MESH:D049932""], [""OMIM:251260""], [""NONE""], [""NONE""], [""NONE""], [""NONE""], [""NONE""], [""NONE""], [""NONE""], [""NONE""], [""NONE""], [""NONE""], [""NONE""], [""NONE""], [""NONE""], [""NONE""], [""NONE""], [""NONE""], [""NONE""], [""NONE""], [""NONE""], [""NONE""], [""NONE""], [""NONE""], [""NONE""], [""NONE""], [""NONE""], [""NONE""], [""NONE""], [""NONE""], [""NONE""], [""NONE""]]",0
9600235,"[[280, 297]]",recessive disease,recessive disease,['MESH:D030342'],9600235.2,"280,297","[[""MESH:C566739""], [""OMIM:178110""], [""MESH:D030342""], [""MESH:D035583""], [""NONE""], [""NONE""], [""NONE""], [""NONE""], [""NONE""], [""NONE""], [""NONE""], [""NONE""], [""NONE""], [""NONE""], [""NONE""], [""NONE""], [""NONE""], [""NONE""], [""NONE""], [""NONE""], [""NONE""], [""NONE""], [""NONE""], [""NONE""], [""NONE""], [""NONE""], [""NONE""], [""NONE""], [""NONE""], [""NONE""], [""NONE""], [""NONE""], [""NONE""], [""NONE""], [""NONE""], [""NONE""], [""NONE""], [""NONE""], [""NONE""]]",2
9600235,"[[298, 319]]",ataxia-telangiectasia,ataxia-telangiectasia,['MESH:D001260'],9600235.3,"298,319","[[""MESH:D001260""], [""OMIM:208900""], [""MESH:C565779""], [""OMIM:604391""], [""OMIM:615919""], [""MESH:C538013""], [""OMIM:208920""], [""MESH:D049932""], [""OMIM:251260""], [""NONE""], [""NONE""], [""NONE""], [""NONE""], [""NONE""], [""NONE""], [""NONE""], [""NONE""], [""NONE""], [""NONE""], [""NONE""], [""NONE""], [""NONE""], [""NONE""], [""NONE""], [""NONE""], [""NONE""], [""NONE""], [""NONE""], [""NONE""], [""NONE""], [""NONE""], [""NONE""], [""NONE""], [""NONE""], [""NONE""], [""NONE""], [""NONE""], [""NONE""], [""NONE""]]",0
9600235,"[[321, 324]]",A-T,ataxia-telangiectasia,['MESH:D001260'],9600235.4,"321,324","[[""MESH:D001260""], [""OMIM:208900""], [""MESH:C565779""], [""OMIM:604391""], [""OMIM:615919""], [""MESH:C538013""], [""OMIM:208920""], [""MESH:D049932""], [""OMIM:251260""], [""NONE""], [""NONE""], [""NONE""], [""NONE""], [""NONE""], [""NONE""], [""NONE""], [""NONE""], [""NONE""], [""NONE""], [""NONE""], [""NONE""], [""NONE""], [""NONE""], [""NONE""], [""NONE""], [""NONE""], [""NONE""], [""NONE""], [""NONE""], [""NONE""], [""NONE""], [""NONE""], [""NONE""], [""NONE""], [""NONE""], [""NONE""], [""NONE""], [""NONE""], [""NONE""]]",0
9600235,"[[401, 404]]",A-T,ataxia-telangiectasia,['MESH:D001260'],9600235.5,"401,404","[[""MESH:D001260""], [""OMIM:208900""], [""MESH:C565779""], [""OMIM:604391""], [""OMIM:615919""], [""MESH:C538013""], [""OMIM:208920""], [""MESH:D049932""], [""OMIM:251260""], [""NONE""], [""NONE""], [""NONE""], [""NONE""], [""NONE""], [""NONE""], [""NONE""], [""NONE""], [""NONE""], [""NONE""], [""NONE""], [""NONE""], [""NONE""], [""NONE""], [""NONE""], [""NONE""], [""NONE""], [""NONE""], [""NONE""], [""NONE""], [""NONE""], [""NONE""], [""NONE""], [""NONE""], [""NONE""], [""NONE""], [""NONE""], [""NONE""], [""NONE""], [""NONE""]]",0
9600235,"[[555, 558]]",A-T,ataxia-telangiectasia,['MESH:D001260'],9600235.6,"555,558","[[""MESH:D001260""], [""OMIM:208900""], [""MESH:C565779""], [""OMIM:604391""], [""OMIM:615919""], [""MESH:C538013""], [""OMIM:208920""], [""MESH:D049932""], [""OMIM:251260""], [""NONE""], [""NONE""], [""NONE""], [""NONE""], [""NONE""], [""NONE""], [""NONE""], [""NONE""], [""NONE""], [""NONE""], [""NONE""], [""NONE""], [""NONE""], [""NONE""], [""NONE""], [""NONE""], [""NONE""], [""NONE""], [""NONE""], [""NONE""], [""NONE""], [""NONE""], [""NONE""], [""NONE""], [""NONE""], [""NONE""], [""NONE""], [""NONE""], [""NONE""], [""NONE""]]",0
9603435,"[[133, 153]]",G(M2) gangliosidosis,G(M2) gangliosidosis,['MESH:D020143'],9603435.1,"133,153","[[""MESH:D020143""], [""MESH:D012497""], [""OMIM:268800""], [""NONE""], [""NONE""], [""NONE""], [""NONE""], [""NONE""], [""NONE""], [""NONE""], [""NONE""], [""NONE""], [""NONE""], [""NONE""], [""NONE""], [""NONE""], [""NONE""], [""NONE""], [""NONE""], [""NONE""], [""NONE""], [""NONE""], [""NONE""], [""NONE""], [""NONE""], [""NONE""], [""NONE""], [""NONE""], [""NONE""], [""NONE""], [""NONE""], [""NONE""], [""NONE""], [""NONE""], [""NONE""], [""NONE""], [""NONE""], [""NONE""], [""NONE""]]",0
9603435,"[[285, 302]]",Tay-Sachs disease,Tay-Sachs disease,['MESH:D013661'],9603435.2,"285,302","[[""MESH:D013661""], [""OMIM:272800""], [""MESH:C564782""], [""MESH:D049290""], [""OMIM:272750""], [""NONE""], [""NONE""], [""NONE""], [""NONE""], [""NONE""], [""NONE""], [""NONE""], [""NONE""], [""NONE""], [""NONE""], [""NONE""], [""NONE""], [""NONE""], [""NONE""], [""NONE""], [""NONE""], [""NONE""], [""NONE""], [""NONE""], [""NONE""], [""NONE""], [""NONE""], [""NONE""], [""NONE""], [""NONE""], [""NONE""], [""NONE""], [""NONE""], [""NONE""], [""NONE""], [""NONE""], [""NONE""], [""NONE""], [""NONE""]]",0
9603435,"[[304, 307]]",TSD,Tay-Sachs disease,['MESH:D013661'],9603435.3,"304,307","[[""MESH:D013661""], [""OMIM:272800""], [""MESH:C564782""], [""MESH:D049290""], [""OMIM:272750""], [""NONE""], [""NONE""], [""NONE""], [""NONE""], [""NONE""], [""NONE""], [""NONE""], [""NONE""], [""NONE""], [""NONE""], [""NONE""], [""NONE""], [""NONE""], [""NONE""], [""NONE""], [""NONE""], [""NONE""], [""NONE""], [""NONE""], [""NONE""], [""NONE""], [""NONE""], [""NONE""], [""NONE""], [""NONE""], [""NONE""], [""NONE""], [""NONE""], [""NONE""], [""NONE""], [""NONE""], [""NONE""], [""NONE""], [""NONE""]]",0
9603435,"[[737, 758]]",G (M2) gangliosidosis,G (M2) gangliosidosis,['MESH:D020143'],9603435.5,"737,758","[[""MESH:D020143""], [""MESH:D012497""], [""OMIM:268800""], [""NONE""], [""NONE""], [""NONE""], [""NONE""], [""NONE""], [""NONE""], [""NONE""], [""NONE""], [""NONE""], [""NONE""], [""NONE""], [""NONE""], [""NONE""], [""NONE""], [""NONE""], [""NONE""], [""NONE""], [""NONE""], [""NONE""], [""NONE""], [""NONE""], [""NONE""], [""NONE""], [""NONE""], [""NONE""], [""NONE""], [""NONE""], [""NONE""], [""NONE""], [""NONE""], [""NONE""], [""NONE""], [""NONE""], [""NONE""], [""NONE""], [""NONE""]]",0
9603435,"[[1470, 1473]]",TSD,Tay-Sachs disease,['MESH:D013661'],9603435.6,"1470,1473","[[""MESH:D013661""], [""OMIM:272800""], [""MESH:C564782""], [""MESH:D049290""], [""OMIM:272750""], [""NONE""], [""NONE""], [""NONE""], [""NONE""], [""NONE""], [""NONE""], [""NONE""], [""NONE""], [""NONE""], [""NONE""], [""NONE""], [""NONE""], [""NONE""], [""NONE""], [""NONE""], [""NONE""], [""NONE""], [""NONE""], [""NONE""], [""NONE""], [""NONE""], [""NONE""], [""NONE""], [""NONE""], [""NONE""], [""NONE""], [""NONE""], [""NONE""], [""NONE""], [""NONE""], [""NONE""], [""NONE""], [""NONE""], [""NONE""]]",0
9603435,"[[1678, 1701]]",Hex A enzyme deficiency,Hex A enzyme deficiency,['MESH:D013661'],9603435.7,"1678,1701","[[""MESH:D013661""], [""OMIM:272800""], [""OMIM:235700""], [""MESH:D049290""], [""OMIM:272750""], [""NONE""], [""NONE""], [""NONE""], [""NONE""], [""NONE""], [""NONE""], [""NONE""], [""NONE""], [""NONE""], [""NONE""], [""NONE""], [""NONE""], [""NONE""], [""NONE""], [""NONE""], [""NONE""], [""NONE""], [""NONE""], [""NONE""], [""NONE""], [""NONE""], [""NONE""], [""NONE""], [""NONE""], [""NONE""], [""NONE""], [""NONE""], [""NONE""], [""NONE""], [""NONE""], [""NONE""], [""NONE""], [""NONE""], [""NONE""]]",0
9603435,"[[1916, 1932]]",Hex A deficiency,Hex A deficiency,['MESH:D013661'],9603435.8,"1916,1932","[[""MESH:D013661""], [""OMIM:272800""], [""MESH:C564783""], [""OMIM:235700""], [""NONE""], [""NONE""], [""NONE""], [""NONE""], [""NONE""], [""NONE""], [""NONE""], [""NONE""], [""NONE""], [""NONE""], [""NONE""], [""NONE""], [""NONE""], [""NONE""], [""NONE""], [""NONE""], [""NONE""], [""NONE""], [""NONE""], [""NONE""], [""NONE""], [""NONE""], [""NONE""], [""NONE""], [""NONE""], [""NONE""], [""NONE""], [""NONE""], [""NONE""], [""NONE""], [""NONE""], [""NONE""], [""NONE""], [""NONE""], [""NONE""]]",0
9618166,"[[35, 51]]",Pendred syndrome,Pendred syndrome,['MESH:C536648'],9618166.1,"35,51","[[""MESH:C536648""], [""OMIM:274600""], [""MESH:C563273""], [""OMIM:145001""], [""OMIM:614325""], [""MESH:C536401""], [""MESH:C537403""], [""OMIM:610954""], [""MESH:C567657""], [""OMIM:610042""], [""NONE""], [""NONE""], [""NONE""], [""NONE""], [""NONE""], [""NONE""], [""NONE""], [""NONE""], [""NONE""], [""NONE""], [""NONE""], [""NONE""], [""NONE""], [""NONE""], [""NONE""], [""NONE""], [""NONE""], [""NONE""], [""NONE""], [""NONE""], [""NONE""], [""NONE""], [""NONE""], [""NONE""], [""NONE""], [""NONE""], [""NONE""], [""NONE""], [""NONE""]]",0
9618166,"[[53, 69]]",Pendred syndrome,Pendred syndrome,['MESH:C536648'],9618166.2,"53,69","[[""MESH:C536648""], [""OMIM:274600""], [""MESH:C563273""], [""OMIM:145001""], [""OMIM:614325""], [""MESH:C536401""], [""MESH:C537403""], [""OMIM:610954""], [""MESH:C567657""], [""OMIM:610042""], [""NONE""], [""NONE""], [""NONE""], [""NONE""], [""NONE""], [""NONE""], [""NONE""], [""NONE""], [""NONE""], [""NONE""], [""NONE""], [""NONE""], [""NONE""], [""NONE""], [""NONE""], [""NONE""], [""NONE""], [""NONE""], [""NONE""], [""NONE""], [""NONE""], [""NONE""], [""NONE""], [""NONE""], [""NONE""], [""NONE""], [""NONE""], [""NONE""], [""NONE""]]",0
9618166,"[[76, 104]]",autosomal recessive disorder,autosomal recessive disorder,['MESH:D030342'],9618166.3,"76,104","[[""MESH:C566739""], [""OMIM:178110""], [""MESH:D035583""], [""MESH:D030342""], [""MESH:D000073296""], [""NONE""], [""NONE""], [""NONE""], [""NONE""], [""NONE""], [""NONE""], [""NONE""], [""NONE""], [""NONE""], [""NONE""], [""NONE""], [""NONE""], [""NONE""], [""NONE""], [""NONE""], [""NONE""], [""NONE""], [""NONE""], [""NONE""], [""NONE""], [""NONE""], [""NONE""], [""NONE""], [""NONE""], [""NONE""], [""NONE""], [""NONE""], [""NONE""], [""NONE""], [""NONE""], [""NONE""], [""NONE""], [""NONE""], [""NONE""]]",3
9618166,"[[138, 146]]",deafness,deafness,['MESH:D003638'],9618166.4,"138,146","[[""MESH:D003638""], [""MESH:D006319""], [""MESH:C580334""], [""NONE""], [""NONE""], [""NONE""], [""NONE""], [""NONE""], [""NONE""], [""NONE""], [""NONE""], [""NONE""], [""NONE""], [""NONE""], [""NONE""], [""NONE""], [""NONE""], [""NONE""], [""NONE""], [""NONE""], [""NONE""], [""NONE""], [""NONE""], [""NONE""], [""NONE""], [""NONE""], [""NONE""], [""NONE""], [""NONE""], [""NONE""], [""NONE""], [""NONE""], [""NONE""], [""NONE""], [""NONE""], [""NONE""], [""NONE""], [""NONE""], [""NONE""]]",0
9618166,"[[151, 157]]",goiter,goiter,['MESH:D006042'],9618166.5,"151,157","[[""MESH:D006042""], [""MESH:C562732""], [""OMIM:138800""], [""MESH:D006044""], [""MESH:D047268""], [""NONE""], [""NONE""], [""NONE""], [""NONE""], [""NONE""], [""NONE""], [""NONE""], [""NONE""], [""NONE""], [""NONE""], [""NONE""], [""NONE""], [""NONE""], [""NONE""], [""NONE""], [""NONE""], [""NONE""], [""NONE""], [""NONE""], [""NONE""], [""NONE""], [""NONE""], [""NONE""], [""NONE""], [""NONE""], [""NONE""], [""NONE""], [""NONE""], [""NONE""], [""NONE""], [""NONE""], [""NONE""], [""NONE""], [""NONE""]]",0
9618166,"[[386, 389]]",PDS,PDS,['MESH:C536648'],9618166.6,"386,389","[[""MESH:C563184""], [""OMIM:600510""], [""MESH:C536648""], [""OMIM:274600""], [""MESH:C536201""], [""OMIM:130070""], [""OMIM:615349""], [""MESH:C536560""], [""OMIM:275630""], [""MESH:D054877""], [""OMIM:194190""], [""MESH:D010004""], [""OMIM:119900""], [""OMIM:259100""], [""OMIM:614441""], [""OMIM:168600""], [""NONE""], [""NONE""], [""NONE""], [""NONE""], [""NONE""], [""NONE""], [""NONE""], [""NONE""], [""NONE""], [""NONE""], [""NONE""], [""NONE""], [""NONE""], [""NONE""], [""NONE""], [""NONE""], [""NONE""], [""NONE""], [""NONE""], [""NONE""], [""NONE""], [""NONE""], [""NONE""]]",2
9618166,"[[415, 422]]",Pendred,Pendred,['MESH:C536648'],9618166.7,"415,422","[[""MESH:C536648""], [""OMIM:274600""], [""MESH:C564165""], [""MESH:C535564""], [""OMIM:188740""], [""MESH:C563273""], [""OMIM:145001""], [""MESH:C537403""], [""OMIM:610954""], [""MESH:C536916""], [""OMIM:614325""], [""NONE""], [""NONE""], [""NONE""], [""NONE""], [""NONE""], [""NONE""], [""NONE""], [""NONE""], [""NONE""], [""NONE""], [""NONE""], [""NONE""], [""NONE""], [""NONE""], [""NONE""], [""NONE""], [""NONE""], [""NONE""], [""NONE""], [""NONE""], [""NONE""], [""NONE""], [""NONE""], [""NONE""], [""NONE""], [""NONE""], [""NONE""], [""NONE""]]",0
9618166,"[[893, 900]]",Pendred,Pendred,['MESH:C536648'],9618166.8,"893,900","[[""MESH:C536648""], [""OMIM:274600""], [""MESH:C564165""], [""MESH:C535564""], [""OMIM:188740""], [""MESH:C563273""], [""OMIM:145001""], [""MESH:C537403""], [""OMIM:610954""], [""MESH:C536916""], [""OMIM:614325""], [""NONE""], [""NONE""], [""NONE""], [""NONE""], [""NONE""], [""NONE""], [""NONE""], [""NONE""], [""NONE""], [""NONE""], [""NONE""], [""NONE""], [""NONE""], [""NONE""], [""NONE""], [""NONE""], [""NONE""], [""NONE""], [""NONE""], [""NONE""], [""NONE""], [""NONE""], [""NONE""], [""NONE""], [""NONE""], [""NONE""], [""NONE""], [""NONE""]]",0
9618166,"[[1132, 1135]]",PDS,PDS,['MESH:C536648'],9618166.9,"1132,1135","[[""MESH:C563184""], [""OMIM:600510""], [""MESH:C536648""], [""OMIM:274600""], [""MESH:C536201""], [""OMIM:130070""], [""OMIM:615349""], [""MESH:C536560""], [""OMIM:275630""], [""MESH:D054877""], [""OMIM:194190""], [""MESH:D010004""], [""OMIM:119900""], [""OMIM:259100""], [""OMIM:614441""], [""OMIM:168600""], [""NONE""], [""NONE""], [""NONE""], [""NONE""], [""NONE""], [""NONE""], [""NONE""], [""NONE""], [""NONE""], [""NONE""], [""NONE""], [""NONE""], [""NONE""], [""NONE""], [""NONE""], [""NONE""], [""NONE""], [""NONE""], [""NONE""], [""NONE""], [""NONE""], [""NONE""], [""NONE""]]",2
9618166,"[[1189, 1205]]",Pendred syndrome,Pendred syndrome,['MESH:C536648'],9618166.10,"1189,1205","[[""MESH:C536648""], [""OMIM:274600""], [""MESH:C563273""], [""OMIM:145001""], [""OMIM:614325""], [""MESH:C536401""], [""MESH:C537403""], [""OMIM:610954""], [""MESH:C567657""], [""OMIM:610042""], [""NONE""], [""NONE""], [""NONE""], [""NONE""], [""NONE""], [""NONE""], [""NONE""], [""NONE""], [""NONE""], [""NONE""], [""NONE""], [""NONE""], [""NONE""], [""NONE""], [""NONE""], [""NONE""], [""NONE""], [""NONE""], [""NONE""], [""NONE""], [""NONE""], [""NONE""], [""NONE""], [""NONE""], [""NONE""], [""NONE""], [""NONE""], [""NONE""], [""NONE""]]",0
9618170,"[[57, 60]]",DMD,DMD,['MESH:D020388'],9618170.1,"57,60","[[""MESH:D020388""], [""OMIM:300376""], [""OMIM:310200""], [""MESH:C535900""], [""OMIM:253700""], [""MESH:D058088""], [""OMIM:608099""], [""NONE""], [""NONE""], [""NONE""], [""NONE""], [""NONE""], [""NONE""], [""NONE""], [""NONE""], [""NONE""], [""NONE""], [""NONE""], [""NONE""], [""NONE""], [""NONE""], [""NONE""], [""NONE""], [""NONE""], [""NONE""], [""NONE""], [""NONE""], [""NONE""], [""NONE""], [""NONE""], [""NONE""], [""NONE""], [""NONE""], [""NONE""], [""NONE""], [""NONE""], [""NONE""], [""NONE""], [""NONE""]]",0
9618170,"[[77, 108]]",X-linked dilated cardiomyopathy,X-linked dilated cardiomyopathy,['MESH:D002311'],9618170.2,"77,108","[[""MESH:C580047""], [""OMIM:302045""], [""MESH:D020388""], [""OMIM:300376""], [""OMIM:310200""], [""MESH:C564721""], [""MESH:C536231""], [""OMIM:600884""], [""MESH:C567444""], [""MESH:C566907""], [""OMIM:611615""], [""MESH:D002311""], [""OMIM:115200""], [""OMIM:613424""], [""OMIM:613642""], [""MESH:C567505""], [""OMIM:611880""], [""NONE""], [""NONE""], [""NONE""], [""NONE""], [""NONE""], [""NONE""], [""NONE""], [""NONE""], [""NONE""], [""NONE""], [""NONE""], [""NONE""], [""NONE""], [""NONE""], [""NONE""], [""NONE""], [""NONE""], [""NONE""], [""NONE""], [""NONE""], [""NONE""], [""NONE""]]",11
9618170,"[[110, 141]]",X-linked dilated cardiomyopathy,X-linked dilated cardiomyopathy,['MESH:D002311'],9618170.3,"110,141","[[""MESH:C580047""], [""OMIM:302045""], [""MESH:D020388""], [""OMIM:300376""], [""OMIM:310200""], [""MESH:C564721""], [""MESH:C536231""], [""OMIM:600884""], [""MESH:C567444""], [""MESH:C566907""], [""OMIM:611615""], [""MESH:D002311""], [""OMIM:115200""], [""OMIM:613424""], [""OMIM:613642""], [""MESH:C567505""], [""OMIM:611880""], [""NONE""], [""NONE""], [""NONE""], [""NONE""], [""NONE""], [""NONE""], [""NONE""], [""NONE""], [""NONE""], [""NONE""], [""NONE""], [""NONE""], [""NONE""], [""NONE""], [""NONE""], [""NONE""], [""NONE""], [""NONE""], [""NONE""], [""NONE""], [""NONE""], [""NONE""]]",11
9618170,"[[143, 148]]",XLDCM,X-linked dilated cardiomyopathy,['MESH:D002311'],9618170.4,"143,148","[[""MESH:C580047""], [""OMIM:302045""], [""MESH:D020388""], [""OMIM:300376""], [""OMIM:310200""], [""MESH:C564721""], [""MESH:C536231""], [""OMIM:600884""], [""MESH:C567444""], [""MESH:C566907""], [""OMIM:611615""], [""MESH:D002311""], [""OMIM:115200""], [""OMIM:613424""], [""OMIM:613642""], [""MESH:C567505""], [""OMIM:611880""], [""NONE""], [""NONE""], [""NONE""], [""NONE""], [""NONE""], [""NONE""], [""NONE""], [""NONE""], [""NONE""], [""NONE""], [""NONE""], [""NONE""], [""NONE""], [""NONE""], [""NONE""], [""NONE""], [""NONE""], [""NONE""], [""NONE""], [""NONE""], [""NONE""], [""NONE""]]",11
9618170,"[[233, 255]]",myocardial involvement,myocardial involvement,['MESH:D009202'],9618170.6,"233,255","[[""MESH:D009202""], [""MESH:D006331""], [""MESH:D009205""], [""NONE""], [""NONE""], [""NONE""], [""NONE""], [""NONE""], [""NONE""], [""NONE""], [""NONE""], [""NONE""], [""NONE""], [""NONE""], [""NONE""], [""NONE""], [""NONE""], [""NONE""], [""NONE""], [""NONE""], [""NONE""], [""NONE""], [""NONE""], [""NONE""], [""NONE""], [""NONE""], [""NONE""], [""NONE""], [""NONE""], [""NONE""], [""NONE""], [""NONE""], [""NONE""], [""NONE""], [""NONE""], [""NONE""], [""NONE""], [""NONE""], [""NONE""]]",0
9618170,"[[292, 309]]",skeletal myopathy,skeletal myopathy,['MESH:D009135'],9618170.7,"292,309","[[""MESH:D009135""], [""MESH:D009136""], [""MESH:C580316""], [""OMIM:601419""], [""OMIM:609452""], [""OMIM:612954""], [""OMIM:617114""], [""OMIM:617258""], [""MESH:D020914""], [""OMIM:160150""], [""OMIM:160565""], [""OMIM:255310""], [""OMIM:310400""], [""OMIM:614807""], [""OMIM:615883""], [""MESH:C000598744""], [""MESH:C537480""], [""OMIM:254130""], [""NONE""], [""NONE""], [""NONE""], [""NONE""], [""NONE""], [""NONE""], [""NONE""], [""NONE""], [""NONE""], [""NONE""], [""NONE""], [""NONE""], [""NONE""], [""NONE""], [""NONE""], [""NONE""], [""NONE""], [""NONE""], [""NONE""], [""NONE""], [""NONE""]]",0
9618170,"[[345, 372]]",Duchenne muscular dystrophy,Duchenne muscular dystrophy,['MESH:D020388'],9618170.8,"345,372","[[""MESH:D020388""], [""OMIM:300376""], [""OMIM:310200""], [""MESH:C535900""], [""OMIM:253700""], [""NONE""], [""NONE""], [""NONE""], [""NONE""], [""NONE""], [""NONE""], [""NONE""], [""NONE""], [""NONE""], [""NONE""], [""NONE""], [""NONE""], [""NONE""], [""NONE""], [""NONE""], [""NONE""], [""NONE""], [""NONE""], [""NONE""], [""NONE""], [""NONE""], [""NONE""], [""NONE""], [""NONE""], [""NONE""], [""NONE""], [""NONE""], [""NONE""], [""NONE""], [""NONE""], [""NONE""], [""NONE""], [""NONE""], [""NONE""]]",0
9618170,"[[422, 427]]",XLDCM,X-linked dilated cardiomyopathy,['MESH:D002311'],9618170.9,"422,427","[[""MESH:C580047""], [""OMIM:302045""], [""MESH:D020388""], [""OMIM:300376""], [""OMIM:310200""], [""MESH:C564721""], [""MESH:C536231""], [""OMIM:600884""], [""MESH:C567444""], [""MESH:C566907""], [""OMIM:611615""], [""MESH:D002311""], [""OMIM:115200""], [""OMIM:613424""], [""OMIM:613642""], [""MESH:C567505""], [""OMIM:611880""], [""NONE""], [""NONE""], [""NONE""], [""NONE""], [""NONE""], [""NONE""], [""NONE""], [""NONE""], [""NONE""], [""NONE""], [""NONE""], [""NONE""], [""NONE""], [""NONE""], [""NONE""], [""NONE""], [""NONE""], [""NONE""], [""NONE""], [""NONE""], [""NONE""], [""NONE""]]",11
9618170,"[[508, 513]]",XLDCM,X-linked dilated cardiomyopathy,['MESH:D002311'],9618170.10,"508,513","[[""MESH:C580047""], [""OMIM:302045""], [""MESH:D020388""], [""OMIM:300376""], [""OMIM:310200""], [""MESH:C564721""], [""MESH:C536231""], [""OMIM:600884""], [""MESH:C567444""], [""MESH:C566907""], [""OMIM:611615""], [""MESH:D002311""], [""OMIM:115200""], [""OMIM:613424""], [""OMIM:613642""], [""MESH:C567505""], [""OMIM:611880""], [""NONE""], [""NONE""], [""NONE""], [""NONE""], [""NONE""], [""NONE""], [""NONE""], [""NONE""], [""NONE""], [""NONE""], [""NONE""], [""NONE""], [""NONE""], [""NONE""], [""NONE""], [""NONE""], [""NONE""], [""NONE""], [""NONE""], [""NONE""], [""NONE""], [""NONE""]]",11
9618170,"[[659, 664]]",XLDCM,X-linked dilated cardiomyopathy,['MESH:D002311'],9618170.11,"659,664","[[""MESH:C580047""], [""OMIM:302045""], [""MESH:D020388""], [""OMIM:300376""], [""OMIM:310200""], [""MESH:C564721""], [""MESH:C536231""], [""OMIM:600884""], [""MESH:C567444""], [""MESH:C566907""], [""OMIM:611615""], [""MESH:D002311""], [""OMIM:115200""], [""OMIM:613424""], [""OMIM:613642""], [""MESH:C567505""], [""OMIM:611880""], [""NONE""], [""NONE""], [""NONE""], [""NONE""], [""NONE""], [""NONE""], [""NONE""], [""NONE""], [""NONE""], [""NONE""], [""NONE""], [""NONE""], [""NONE""], [""NONE""], [""NONE""], [""NONE""], [""NONE""], [""NONE""], [""NONE""], [""NONE""], [""NONE""], [""NONE""]]",11
9618170,"[[1151, 1156]]",XLDCM,X-linked dilated cardiomyopathy,['MESH:D002311'],9618170.12,"1151,1156","[[""MESH:C580047""], [""OMIM:302045""], [""MESH:D020388""], [""OMIM:300376""], [""OMIM:310200""], [""MESH:C564721""], [""MESH:C536231""], [""OMIM:600884""], [""MESH:C567444""], [""MESH:C566907""], [""OMIM:611615""], [""MESH:D002311""], [""OMIM:115200""], [""OMIM:613424""], [""OMIM:613642""], [""MESH:C567505""], [""OMIM:611880""], [""NONE""], [""NONE""], [""NONE""], [""NONE""], [""NONE""], [""NONE""], [""NONE""], [""NONE""], [""NONE""], [""NONE""], [""NONE""], [""NONE""], [""NONE""], [""NONE""], [""NONE""], [""NONE""], [""NONE""], [""NONE""], [""NONE""], [""NONE""], [""NONE""], [""NONE""]]",11
9620771,"[[19, 26]]",obesity,obesity,['MESH:D009765'],9620771.1,"19,26","[[""MESH:D009765""], [""OMIM:601665""], [""OMIM:607514""], [""OMIM:300306""], [""OMIM:612362""], [""OMIM:612460""], [""OMIM:615457""], [""OMIM:607447""], [""OMIM:608410""], [""OMIM:603188""], [""OMIM:602025""], [""MESH:D050177""], [""OMIM:614962""], [""OMIM:614963""], [""MESH:D009767""], [""MESH:D056128""], [""NONE""], [""NONE""], [""NONE""], [""NONE""], [""NONE""], [""NONE""], [""NONE""], [""NONE""], [""NONE""], [""NONE""], [""NONE""], [""NONE""], [""NONE""], [""NONE""], [""NONE""], [""NONE""], [""NONE""], [""NONE""], [""NONE""], [""NONE""], [""NONE""], [""NONE""], [""NONE""]]",0
9620771,"[[28, 49]]",adrenal insufficiency,adrenal insufficiency,['MESH:D000309'],9620771.2,"28,49","[[""MESH:D000309""], [""MESH:D000224""], [""NONE""], [""NONE""], [""NONE""], [""NONE""], [""NONE""], [""NONE""], [""NONE""], [""NONE""], [""NONE""], [""NONE""], [""NONE""], [""NONE""], [""NONE""], [""NONE""], [""NONE""], [""NONE""], [""NONE""], [""NONE""], [""NONE""], [""NONE""], [""NONE""], [""NONE""], [""NONE""], [""NONE""], [""NONE""], [""NONE""], [""NONE""], [""NONE""], [""NONE""], [""NONE""], [""NONE""], [""NONE""], [""NONE""], [""NONE""], [""NONE""], [""NONE""], [""NONE""]]",0
9620771,"[[398, 413]]",ACTH deficiency,ACTH deficiency,"['MESH:C535668', 'OMIM:201400']",9620771.3,"398,413","[[""MESH:C562707""], [""OMIM:201400""], [""MESH:C535668""], [""MESH:C565974""], [""OMIM:202200""], [""MESH:D000182""], [""MESH:D000075262""], [""OMIM:300200""], [""NONE""], [""NONE""], [""NONE""], [""NONE""], [""NONE""], [""NONE""], [""NONE""], [""NONE""], [""NONE""], [""NONE""], [""NONE""], [""NONE""], [""NONE""], [""NONE""], [""NONE""], [""NONE""], [""NONE""], [""NONE""], [""NONE""], [""NONE""], [""NONE""], [""NONE""], [""NONE""], [""NONE""], [""NONE""], [""NONE""], [""NONE""], [""NONE""], [""NONE""], [""NONE""], [""NONE""]]",1
9620771,"[[702, 709]]",obesity,obesity,['MESH:D009765'],9620771.4,"702,709","[[""MESH:D009765""], [""OMIM:601665""], [""OMIM:607514""], [""OMIM:300306""], [""OMIM:612362""], [""OMIM:612460""], [""OMIM:615457""], [""OMIM:607447""], [""OMIM:608410""], [""OMIM:603188""], [""OMIM:602025""], [""MESH:D050177""], [""OMIM:614962""], [""OMIM:614963""], [""MESH:D009767""], [""MESH:D056128""], [""NONE""], [""NONE""], [""NONE""], [""NONE""], [""NONE""], [""NONE""], [""NONE""], [""NONE""], [""NONE""], [""NONE""], [""NONE""], [""NONE""], [""NONE""], [""NONE""], [""NONE""], [""NONE""], [""NONE""], [""NONE""], [""NONE""], [""NONE""], [""NONE""], [""NONE""], [""NONE""]]",0
9620771,"[[821, 828]]",obesity,obesity,['MESH:D009765'],9620771.5,"821,828","[[""MESH:D009765""], [""OMIM:601665""], [""OMIM:607514""], [""OMIM:300306""], [""OMIM:612362""], [""OMIM:612460""], [""OMIM:615457""], [""OMIM:607447""], [""OMIM:608410""], [""OMIM:603188""], [""OMIM:602025""], [""MESH:D050177""], [""OMIM:614962""], [""OMIM:614963""], [""MESH:D009767""], [""MESH:D056128""], [""NONE""], [""NONE""], [""NONE""], [""NONE""], [""NONE""], [""NONE""], [""NONE""], [""NONE""], [""NONE""], [""NONE""], [""NONE""], [""NONE""], [""NONE""], [""NONE""], [""NONE""], [""NONE""], [""NONE""], [""NONE""], [""NONE""], [""NONE""], [""NONE""], [""NONE""], [""NONE""]]",0
9620771,"[[1001, 1008]]",obesity,obesity,['MESH:D009765'],9620771.6,"1001,1008","[[""MESH:D009765""], [""OMIM:601665""], [""OMIM:607514""], [""OMIM:300306""], [""OMIM:612362""], [""OMIM:612460""], [""OMIM:615457""], [""OMIM:607447""], [""OMIM:608410""], [""OMIM:603188""], [""OMIM:602025""], [""MESH:D050177""], [""OMIM:614962""], [""OMIM:614963""], [""MESH:D009767""], [""MESH:D056128""], [""NONE""], [""NONE""], [""NONE""], [""NONE""], [""NONE""], [""NONE""], [""NONE""], [""NONE""], [""NONE""], [""NONE""], [""NONE""], [""NONE""], [""NONE""], [""NONE""], [""NONE""], [""NONE""], [""NONE""], [""NONE""], [""NONE""], [""NONE""], [""NONE""], [""NONE""], [""NONE""]]",0
9620771,"[[1041, 1056]]",ACTH deficiency,ACTH deficiency,"['MESH:C535668', 'OMIM:201400']",9620771.7,"1041,1056","[[""MESH:C562707""], [""OMIM:201400""], [""MESH:C535668""], [""MESH:C565974""], [""OMIM:202200""], [""MESH:D000182""], [""MESH:D000075262""], [""OMIM:300200""], [""NONE""], [""NONE""], [""NONE""], [""NONE""], [""NONE""], [""NONE""], [""NONE""], [""NONE""], [""NONE""], [""NONE""], [""NONE""], [""NONE""], [""NONE""], [""NONE""], [""NONE""], [""NONE""], [""NONE""], [""NONE""], [""NONE""], [""NONE""], [""NONE""], [""NONE""], [""NONE""], [""NONE""], [""NONE""], [""NONE""], [""NONE""], [""NONE""], [""NONE""], [""NONE""], [""NONE""]]",1
9620771,"[[1476, 1490]]",genetic defect,genetic defect,['MESH:D030342'],9620771.8,"1476,1490","[[""MESH:D030342""], [""NONE""], [""NONE""], [""NONE""], [""NONE""], [""NONE""], [""NONE""], [""NONE""], [""NONE""], [""NONE""], [""NONE""], [""NONE""], [""NONE""], [""NONE""], [""NONE""], [""NONE""], [""NONE""], [""NONE""], [""NONE""], [""NONE""], [""NONE""], [""NONE""], [""NONE""], [""NONE""], [""NONE""], [""NONE""], [""NONE""], [""NONE""], [""NONE""], [""NONE""], [""NONE""], [""NONE""], [""NONE""], [""NONE""], [""NONE""], [""NONE""], [""NONE""], [""NONE""], [""NONE""]]",0
9620771,"[[1529, 1557]]",monogenic endocrine disorder,monogenic endocrine disorder,['MESH:D004700'],9620771.9,"1529,1557","[[""MESH:D004700""], [""NONE""], [""NONE""], [""NONE""], [""NONE""], [""NONE""], [""NONE""], [""NONE""], [""NONE""], [""NONE""], [""NONE""], [""NONE""], [""NONE""], [""NONE""], [""NONE""], [""NONE""], [""NONE""], [""NONE""], [""NONE""], [""NONE""], [""NONE""], [""NONE""], [""NONE""], [""NONE""], [""NONE""], [""NONE""], [""NONE""], [""NONE""], [""NONE""], [""NONE""], [""NONE""], [""NONE""], [""NONE""], [""NONE""], [""NONE""], [""NONE""], [""NONE""], [""NONE""], [""NONE""]]",0
9620771,"[[1583, 1590]]",obesity,obesity,['MESH:D009765'],9620771.10,"1583,1590","[[""MESH:D009765""], [""OMIM:601665""], [""OMIM:607514""], [""OMIM:300306""], [""OMIM:612362""], [""OMIM:612460""], [""OMIM:615457""], [""OMIM:607447""], [""OMIM:608410""], [""OMIM:603188""], [""OMIM:602025""], [""MESH:D050177""], [""OMIM:614962""], [""OMIM:614963""], [""MESH:D009767""], [""MESH:D056128""], [""NONE""], [""NONE""], [""NONE""], [""NONE""], [""NONE""], [""NONE""], [""NONE""], [""NONE""], [""NONE""], [""NONE""], [""NONE""], [""NONE""], [""NONE""], [""NONE""], [""NONE""], [""NONE""], [""NONE""], [""NONE""], [""NONE""], [""NONE""], [""NONE""], [""NONE""], [""NONE""]]",0
9620771,"[[1592, 1613]]",adrenal insufficiency,adrenal insufficiency,['MESH:D000309'],9620771.11,"1592,1613","[[""MESH:D000309""], [""MESH:D000224""], [""NONE""], [""NONE""], [""NONE""], [""NONE""], [""NONE""], [""NONE""], [""NONE""], [""NONE""], [""NONE""], [""NONE""], [""NONE""], [""NONE""], [""NONE""], [""NONE""], [""NONE""], [""NONE""], [""NONE""], [""NONE""], [""NONE""], [""NONE""], [""NONE""], [""NONE""], [""NONE""], [""NONE""], [""NONE""], [""NONE""], [""NONE""], [""NONE""], [""NONE""], [""NONE""], [""NONE""], [""NONE""], [""NONE""], [""NONE""], [""NONE""], [""NONE""], [""NONE""]]",0
9634518,"[[32, 68]]",phenylalanine hydroxylase deficiency,phenylalanine hydroxylase deficiency,['OMIM:261600'],9634518.1,"32,68","[[""MESH:D010661""], [""OMIM:261600""], [""NONE""], [""NONE""], [""NONE""], [""NONE""], [""NONE""], [""NONE""], [""NONE""], [""NONE""], [""NONE""], [""NONE""], [""NONE""], [""NONE""], [""NONE""], [""NONE""], [""NONE""], [""NONE""], [""NONE""], [""NONE""], [""NONE""], [""NONE""], [""NONE""], [""NONE""], [""NONE""], [""NONE""], [""NONE""], [""NONE""], [""NONE""], [""NONE""], [""NONE""], [""NONE""], [""NONE""], [""NONE""], [""NONE""], [""NONE""], [""NONE""], [""NONE""], [""NONE""]]",1
9634518,"[[177, 192]]",Phenylketonuria,Phenylketonuria,['MESH:D010661'],9634518.2,"177,192","[[""MESH:D010661""], [""OMIM:261600""], [""NONE""], [""NONE""], [""NONE""], [""NONE""], [""NONE""], [""NONE""], [""NONE""], [""NONE""], [""NONE""], [""NONE""], [""NONE""], [""NONE""], [""NONE""], [""NONE""], [""NONE""], [""NONE""], [""NONE""], [""NONE""], [""NONE""], [""NONE""], [""NONE""], [""NONE""], [""NONE""], [""NONE""], [""NONE""], [""NONE""], [""NONE""], [""NONE""], [""NONE""], [""NONE""], [""NONE""], [""NONE""], [""NONE""], [""NONE""], [""NONE""], [""NONE""], [""NONE""]]",0
9634518,"[[194, 197]]",PKU,Phenylketonuria,['MESH:D010661'],9634518.3,"194,197","[[""MESH:D010661""], [""OMIM:261600""], [""NONE""], [""NONE""], [""NONE""], [""NONE""], [""NONE""], [""NONE""], [""NONE""], [""NONE""], [""NONE""], [""NONE""], [""NONE""], [""NONE""], [""NONE""], [""NONE""], [""NONE""], [""NONE""], [""NONE""], [""NONE""], [""NONE""], [""NONE""], [""NONE""], [""NONE""], [""NONE""], [""NONE""], [""NONE""], [""NONE""], [""NONE""], [""NONE""], [""NONE""], [""NONE""], [""NONE""], [""NONE""], [""NONE""], [""NONE""], [""NONE""], [""NONE""], [""NONE""]]",0
9634518,"[[203, 229]]",mild hyperphenylalaninemia,mild hyperphenylalaninemia,['MESH:D010661'],9634518.4,"203,229","[[""OMIM:617384""], [""MESH:D010661""], [""OMIM:261600""], [""MESH:C567494""], [""MESH:C535325""], [""OMIM:261640""], [""OMIM:264070""], [""MESH:C538382""], [""NONE""], [""NONE""], [""NONE""], [""NONE""], [""NONE""], [""NONE""], [""NONE""], [""NONE""], [""NONE""], [""NONE""], [""NONE""], [""NONE""], [""NONE""], [""NONE""], [""NONE""], [""NONE""], [""NONE""], [""NONE""], [""NONE""], [""NONE""], [""NONE""], [""NONE""], [""NONE""], [""NONE""], [""NONE""], [""NONE""], [""NONE""], [""NONE""], [""NONE""], [""NONE""], [""NONE""]]",1
9634518,"[[231, 234]]",MHP,mild hyperphenylalaninemia,['MESH:D010661'],9634518.5,"231,234","[[""OMIM:617384""], [""MESH:D010661""], [""OMIM:261600""], [""MESH:C567494""], [""MESH:C535325""], [""OMIM:261640""], [""OMIM:264070""], [""MESH:C538382""], [""NONE""], [""NONE""], [""NONE""], [""NONE""], [""NONE""], [""NONE""], [""NONE""], [""NONE""], [""NONE""], [""NONE""], [""NONE""], [""NONE""], [""NONE""], [""NONE""], [""NONE""], [""NONE""], [""NONE""], [""NONE""], [""NONE""], [""NONE""], [""NONE""], [""NONE""], [""NONE""], [""NONE""], [""NONE""], [""NONE""], [""NONE""], [""NONE""], [""NONE""], [""NONE""], [""NONE""]]",1
9634518,"[[240, 257]]",allelic disorders,allelic disorders,['MESH:D030342'],9634518.6,"240,257","[[""MESH:D030342""], [""NONE""], [""NONE""], [""NONE""], [""NONE""], [""NONE""], [""NONE""], [""NONE""], [""NONE""], [""NONE""], [""NONE""], [""NONE""], [""NONE""], [""NONE""], [""NONE""], [""NONE""], [""NONE""], [""NONE""], [""NONE""], [""NONE""], [""NONE""], [""NONE""], [""NONE""], [""NONE""], [""NONE""], [""NONE""], [""NONE""], [""NONE""], [""NONE""], [""NONE""], [""NONE""], [""NONE""], [""NONE""], [""NONE""], [""NONE""], [""NONE""], [""NONE""], [""NONE""], [""NONE""]]",0
9634518,"[[413, 427]]",PAH deficiency,PAH deficiency,['OMIM:261600'],9634518.7,"413,427","[[""MESH:D010661""], [""OMIM:261600""], [""NONE""], [""NONE""], [""NONE""], [""NONE""], [""NONE""], [""NONE""], [""NONE""], [""NONE""], [""NONE""], [""NONE""], [""NONE""], [""NONE""], [""NONE""], [""NONE""], [""NONE""], [""NONE""], [""NONE""], [""NONE""], [""NONE""], [""NONE""], [""NONE""], [""NONE""], [""NONE""], [""NONE""], [""NONE""], [""NONE""], [""NONE""], [""NONE""], [""NONE""], [""NONE""], [""NONE""], [""NONE""], [""NONE""], [""NONE""], [""NONE""], [""NONE""], [""NONE""]]",1
9634518,"[[1442, 1456]]",PAH deficiency,PAH deficiency,['OMIM:261600'],9634518.8,"1442,1456","[[""MESH:D010661""], [""OMIM:261600""], [""NONE""], [""NONE""], [""NONE""], [""NONE""], [""NONE""], [""NONE""], [""NONE""], [""NONE""], [""NONE""], [""NONE""], [""NONE""], [""NONE""], [""NONE""], [""NONE""], [""NONE""], [""NONE""], [""NONE""], [""NONE""], [""NONE""], [""NONE""], [""NONE""], [""NONE""], [""NONE""], [""NONE""], [""NONE""], [""NONE""], [""NONE""], [""NONE""], [""NONE""], [""NONE""], [""NONE""], [""NONE""], [""NONE""], [""NONE""], [""NONE""], [""NONE""], [""NONE""]]",1
9634518,"[[1640, 1661]]",hyperphenylalaninemia,hyperphenylalaninemia,['MESH:D010661'],9634518.9,"1640,1661","[[""MESH:D010661""], [""OMIM:261600""], [""MESH:C535325""], [""OMIM:261640""], [""OMIM:264070""], [""MESH:C538382""], [""OMIM:617384""], [""NONE""], [""NONE""], [""NONE""], [""NONE""], [""NONE""], [""NONE""], [""NONE""], [""NONE""], [""NONE""], [""NONE""], [""NONE""], [""NONE""], [""NONE""], [""NONE""], [""NONE""], [""NONE""], [""NONE""], [""NONE""], [""NONE""], [""NONE""], [""NONE""], [""NONE""], [""NONE""], [""NONE""], [""NONE""], [""NONE""], [""NONE""], [""NONE""], [""NONE""], [""NONE""], [""NONE""], [""NONE""]]",0
9668171,"[[65, 83]]",myotonic dystrophy,myotonic dystrophy,['MESH:D009223'],9668171.1,"65,83","[[""MESH:D009223""], [""OMIM:160900""], [""OMIM:602668""], [""NONE""], [""NONE""], [""NONE""], [""NONE""], [""NONE""], [""NONE""], [""NONE""], [""NONE""], [""NONE""], [""NONE""], [""NONE""], [""NONE""], [""NONE""], [""NONE""], [""NONE""], [""NONE""], [""NONE""], [""NONE""], [""NONE""], [""NONE""], [""NONE""], [""NONE""], [""NONE""], [""NONE""], [""NONE""], [""NONE""], [""NONE""], [""NONE""], [""NONE""], [""NONE""], [""NONE""], [""NONE""], [""NONE""], [""NONE""], [""NONE""], [""NONE""]]",0
9668171,"[[324, 342]]",myotonic dystrophy,myotonic dystrophy,['MESH:D009223'],9668171.2,"324,342","[[""MESH:D009223""], [""OMIM:160900""], [""OMIM:602668""], [""NONE""], [""NONE""], [""NONE""], [""NONE""], [""NONE""], [""NONE""], [""NONE""], [""NONE""], [""NONE""], [""NONE""], [""NONE""], [""NONE""], [""NONE""], [""NONE""], [""NONE""], [""NONE""], [""NONE""], [""NONE""], [""NONE""], [""NONE""], [""NONE""], [""NONE""], [""NONE""], [""NONE""], [""NONE""], [""NONE""], [""NONE""], [""NONE""], [""NONE""], [""NONE""], [""NONE""], [""NONE""], [""NONE""], [""NONE""], [""NONE""], [""NONE""]]",0
9668171,"[[344, 346]]",DM,DM,['MESH:D009223'],9668171.3,"344,346","[[""MESH:D009223""], [""OMIM:160900""], [""OMIM:602668""], [""MESH:D003920""], [""MESH:C535726""], [""OMIM:223800""], [""MESH:C563322""], [""OMIM:601410""], [""MESH:D003924""], [""OMIM:125853""], [""NONE""], [""NONE""], [""NONE""], [""NONE""], [""NONE""], [""NONE""], [""NONE""], [""NONE""], [""NONE""], [""NONE""], [""NONE""], [""NONE""], [""NONE""], [""NONE""], [""NONE""], [""NONE""], [""NONE""], [""NONE""], [""NONE""], [""NONE""], [""NONE""], [""NONE""], [""NONE""], [""NONE""], [""NONE""], [""NONE""], [""NONE""], [""NONE""], [""NONE""]]",0
9668171,"[[648, 650]]",DM,DM,['MESH:D009223'],9668171.4,"648,650","[[""MESH:D009223""], [""OMIM:160900""], [""OMIM:602668""], [""MESH:D003920""], [""MESH:C535726""], [""OMIM:223800""], [""MESH:C563322""], [""OMIM:601410""], [""MESH:D003924""], [""OMIM:125853""], [""NONE""], [""NONE""], [""NONE""], [""NONE""], [""NONE""], [""NONE""], [""NONE""], [""NONE""], [""NONE""], [""NONE""], [""NONE""], [""NONE""], [""NONE""], [""NONE""], [""NONE""], [""NONE""], [""NONE""], [""NONE""], [""NONE""], [""NONE""], [""NONE""], [""NONE""], [""NONE""], [""NONE""], [""NONE""], [""NONE""], [""NONE""], [""NONE""], [""NONE""]]",0
9668171,"[[667, 683]]",genetic diseases,genetic diseases,['MESH:D030342'],9668171.5,"667,683","[[""MESH:D030342""], [""NONE""], [""NONE""], [""NONE""], [""NONE""], [""NONE""], [""NONE""], [""NONE""], [""NONE""], [""NONE""], [""NONE""], [""NONE""], [""NONE""], [""NONE""], [""NONE""], [""NONE""], [""NONE""], [""NONE""], [""NONE""], [""NONE""], [""NONE""], [""NONE""], [""NONE""], [""NONE""], [""NONE""], [""NONE""], [""NONE""], [""NONE""], [""NONE""], [""NONE""], [""NONE""], [""NONE""], [""NONE""], [""NONE""], [""NONE""], [""NONE""], [""NONE""], [""NONE""], [""NONE""]]",0
9668171,"[[879, 881]]",DM,DM,['MESH:D009223'],9668171.6,"879,881","[[""MESH:D009223""], [""OMIM:160900""], [""OMIM:602668""], [""MESH:D003920""], [""MESH:C535726""], [""OMIM:223800""], [""MESH:C563322""], [""OMIM:601410""], [""MESH:D003924""], [""OMIM:125853""], [""NONE""], [""NONE""], [""NONE""], [""NONE""], [""NONE""], [""NONE""], [""NONE""], [""NONE""], [""NONE""], [""NONE""], [""NONE""], [""NONE""], [""NONE""], [""NONE""], [""NONE""], [""NONE""], [""NONE""], [""NONE""], [""NONE""], [""NONE""], [""NONE""], [""NONE""], [""NONE""], [""NONE""], [""NONE""], [""NONE""], [""NONE""], [""NONE""], [""NONE""]]",0
9668171,"[[1165, 1167]]",DM,DM,['MESH:D009223'],9668171.7,"1165,1167","[[""MESH:D009223""], [""OMIM:160900""], [""OMIM:602668""], [""MESH:D003920""], [""MESH:C535726""], [""OMIM:223800""], [""MESH:C563322""], [""OMIM:601410""], [""MESH:D003924""], [""OMIM:125853""], [""NONE""], [""NONE""], [""NONE""], [""NONE""], [""NONE""], [""NONE""], [""NONE""], [""NONE""], [""NONE""], [""NONE""], [""NONE""], [""NONE""], [""NONE""], [""NONE""], [""NONE""], [""NONE""], [""NONE""], [""NONE""], [""NONE""], [""NONE""], [""NONE""], [""NONE""], [""NONE""], [""NONE""], [""NONE""], [""NONE""], [""NONE""], [""NONE""], [""NONE""]]",0
9671401,"[[45, 59]]",retinoblastoma,retinoblastoma,['MESH:D012175'],9671401.1,"45,59","[[""MESH:D012175""], [""OMIM:180200""], [""NONE""], [""NONE""], [""NONE""], [""NONE""], [""NONE""], [""NONE""], [""NONE""], [""NONE""], [""NONE""], [""NONE""], [""NONE""], [""NONE""], [""NONE""], [""NONE""], [""NONE""], [""NONE""], [""NONE""], [""NONE""], [""NONE""], [""NONE""], [""NONE""], [""NONE""], [""NONE""], [""NONE""], [""NONE""], [""NONE""], [""NONE""], [""NONE""], [""NONE""], [""NONE""], [""NONE""], [""NONE""], [""NONE""], [""NONE""], [""NONE""], [""NONE""], [""NONE""]]",0
9671401,"[[105, 110]]",tumor,tumor,['MESH:D009369'],9671401.2,"105,110","[[""MESH:D009369""], [""MESH:D009371""], [""NONE""], [""NONE""], [""NONE""], [""NONE""], [""NONE""], [""NONE""], [""NONE""], [""NONE""], [""NONE""], [""NONE""], [""NONE""], [""NONE""], [""NONE""], [""NONE""], [""NONE""], [""NONE""], [""NONE""], [""NONE""], [""NONE""], [""NONE""], [""NONE""], [""NONE""], [""NONE""], [""NONE""], [""NONE""], [""NONE""], [""NONE""], [""NONE""], [""NONE""], [""NONE""], [""NONE""], [""NONE""], [""NONE""], [""NONE""], [""NONE""], [""NONE""], [""NONE""]]",0
9671401,"[[282, 296]]",retinoblastoma,retinoblastoma,['MESH:D012175'],9671401.3,"282,296","[[""MESH:D012175""], [""OMIM:180200""], [""NONE""], [""NONE""], [""NONE""], [""NONE""], [""NONE""], [""NONE""], [""NONE""], [""NONE""], [""NONE""], [""NONE""], [""NONE""], [""NONE""], [""NONE""], [""NONE""], [""NONE""], [""NONE""], [""NONE""], [""NONE""], [""NONE""], [""NONE""], [""NONE""], [""NONE""], [""NONE""], [""NONE""], [""NONE""], [""NONE""], [""NONE""], [""NONE""], [""NONE""], [""NONE""], [""NONE""], [""NONE""], [""NONE""], [""NONE""], [""NONE""], [""NONE""], [""NONE""]]",0
9671401,"[[800, 806]]",tumors,tumors,['MESH:D009369'],9671401.5,"800,806","[[""MESH:D009369""], [""MESH:D009371""], [""NONE""], [""NONE""], [""NONE""], [""NONE""], [""NONE""], [""NONE""], [""NONE""], [""NONE""], [""NONE""], [""NONE""], [""NONE""], [""NONE""], [""NONE""], [""NONE""], [""NONE""], [""NONE""], [""NONE""], [""NONE""], [""NONE""], [""NONE""], [""NONE""], [""NONE""], [""NONE""], [""NONE""], [""NONE""], [""NONE""], [""NONE""], [""NONE""], [""NONE""], [""NONE""], [""NONE""], [""NONE""], [""NONE""], [""NONE""], [""NONE""], [""NONE""], [""NONE""]]",0
9674903,"[[0, 15]]",Maternal disomy,Maternal disomy,['MESH:D024182'],9674903.1,"0,15","[[""MESH:D024182""], [""MESH:D009006""], [""MESH:D000652""], [""MESH:D063130""], [""NONE""], [""NONE""], [""NONE""], [""NONE""], [""NONE""], [""NONE""], [""NONE""], [""NONE""], [""NONE""], [""NONE""], [""NONE""], [""NONE""], [""NONE""], [""NONE""], [""NONE""], [""NONE""], [""NONE""], [""NONE""], [""NONE""], [""NONE""], [""NONE""], [""NONE""], [""NONE""], [""NONE""], [""NONE""], [""NONE""], [""NONE""], [""NONE""], [""NONE""], [""NONE""], [""NONE""], [""NONE""], [""NONE""], [""NONE""], [""NONE""]]",0
9674903,"[[20, 41]]",Prader-Willi syndrome,Prader-Willi syndrome,['MESH:D011218'],9674903.2,"20,41","[[""MESH:D011218""], [""OMIM:176270""], [""MESH:C566764""], [""NONE""], [""NONE""], [""NONE""], [""NONE""], [""NONE""], [""NONE""], [""NONE""], [""NONE""], [""NONE""], [""NONE""], [""NONE""], [""NONE""], [""NONE""], [""NONE""], [""NONE""], [""NONE""], [""NONE""], [""NONE""], [""NONE""], [""NONE""], [""NONE""], [""NONE""], [""NONE""], [""NONE""], [""NONE""], [""NONE""], [""NONE""], [""NONE""], [""NONE""], [""NONE""], [""NONE""], [""NONE""], [""NONE""], [""NONE""], [""NONE""], [""NONE""]]",0
9674903,"[[137, 188]]",Maternal uniparental disomy (UPD) for chromosome 15,Maternal uniparental disomy (UPD) for chromosome 15,['MESH:C538037'],9674903.3,"137,188","[[""MESH:C538037""], [""MESH:C580205""], [""MESH:C538038""], [""MESH:C538036""], [""MESH:C538039""], [""NONE""], [""NONE""], [""NONE""], [""NONE""], [""NONE""], [""NONE""], [""NONE""], [""NONE""], [""NONE""], [""NONE""], [""NONE""], [""NONE""], [""NONE""], [""NONE""], [""NONE""], [""NONE""], [""NONE""], [""NONE""], [""NONE""], [""NONE""], [""NONE""], [""NONE""], [""NONE""], [""NONE""], [""NONE""], [""NONE""], [""NONE""], [""NONE""], [""NONE""], [""NONE""], [""NONE""], [""NONE""], [""NONE""], [""NONE""]]",0
9674903,"[[237, 258]]",Prader-Willi syndrome,Prader-Willi syndrome,['MESH:D011218'],9674903.4,"237,258","[[""MESH:D011218""], [""OMIM:176270""], [""MESH:C566764""], [""NONE""], [""NONE""], [""NONE""], [""NONE""], [""NONE""], [""NONE""], [""NONE""], [""NONE""], [""NONE""], [""NONE""], [""NONE""], [""NONE""], [""NONE""], [""NONE""], [""NONE""], [""NONE""], [""NONE""], [""NONE""], [""NONE""], [""NONE""], [""NONE""], [""NONE""], [""NONE""], [""NONE""], [""NONE""], [""NONE""], [""NONE""], [""NONE""], [""NONE""], [""NONE""], [""NONE""], [""NONE""], [""NONE""], [""NONE""], [""NONE""], [""NONE""]]",0
9674903,"[[260, 263]]",PWS,Prader-Willi syndrome,['MESH:D011218'],9674903.5,"260,263","[[""MESH:D011218""], [""OMIM:176270""], [""MESH:C566764""], [""NONE""], [""NONE""], [""NONE""], [""NONE""], [""NONE""], [""NONE""], [""NONE""], [""NONE""], [""NONE""], [""NONE""], [""NONE""], [""NONE""], [""NONE""], [""NONE""], [""NONE""], [""NONE""], [""NONE""], [""NONE""], [""NONE""], [""NONE""], [""NONE""], [""NONE""], [""NONE""], [""NONE""], [""NONE""], [""NONE""], [""NONE""], [""NONE""], [""NONE""], [""NONE""], [""NONE""], [""NONE""], [""NONE""], [""NONE""], [""NONE""], [""NONE""]]",0
9674903,"[[298, 316]]",maternal disomy 15,maternal disomy 15,['MESH:C538037'],9674903.6,"298,316","[[""MESH:C538037""], [""MESH:C580205""], [""MESH:C538039""], [""MESH:C538036""], [""NONE""], [""NONE""], [""NONE""], [""NONE""], [""NONE""], [""NONE""], [""NONE""], [""NONE""], [""NONE""], [""NONE""], [""NONE""], [""NONE""], [""NONE""], [""NONE""], [""NONE""], [""NONE""], [""NONE""], [""NONE""], [""NONE""], [""NONE""], [""NONE""], [""NONE""], [""NONE""], [""NONE""], [""NONE""], [""NONE""], [""NONE""], [""NONE""], [""NONE""], [""NONE""], [""NONE""], [""NONE""], [""NONE""], [""NONE""], [""NONE""]]",0
9674903,"[[320, 323]]",PWS,Prader-Willi syndrome,['MESH:D011218'],9674903.7,"320,323","[[""MESH:D011218""], [""OMIM:176270""], [""MESH:C566764""], [""NONE""], [""NONE""], [""NONE""], [""NONE""], [""NONE""], [""NONE""], [""NONE""], [""NONE""], [""NONE""], [""NONE""], [""NONE""], [""NONE""], [""NONE""], [""NONE""], [""NONE""], [""NONE""], [""NONE""], [""NONE""], [""NONE""], [""NONE""], [""NONE""], [""NONE""], [""NONE""], [""NONE""], [""NONE""], [""NONE""], [""NONE""], [""NONE""], [""NONE""], [""NONE""], [""NONE""], [""NONE""], [""NONE""], [""NONE""], [""NONE""], [""NONE""]]",0
9674903,"[[534, 537]]",PWS,Prader-Willi syndrome,['MESH:D011218'],9674903.8,"534,537","[[""MESH:D011218""], [""OMIM:176270""], [""MESH:C566764""], [""NONE""], [""NONE""], [""NONE""], [""NONE""], [""NONE""], [""NONE""], [""NONE""], [""NONE""], [""NONE""], [""NONE""], [""NONE""], [""NONE""], [""NONE""], [""NONE""], [""NONE""], [""NONE""], [""NONE""], [""NONE""], [""NONE""], [""NONE""], [""NONE""], [""NONE""], [""NONE""], [""NONE""], [""NONE""], [""NONE""], [""NONE""], [""NONE""], [""NONE""], [""NONE""], [""NONE""], [""NONE""], [""NONE""], [""NONE""], [""NONE""], [""NONE""]]",0
9674903,"[[864, 867]]",PWS,Prader-Willi syndrome,['MESH:D011218'],9674903.9,"864,867","[[""MESH:D011218""], [""OMIM:176270""], [""MESH:C566764""], [""NONE""], [""NONE""], [""NONE""], [""NONE""], [""NONE""], [""NONE""], [""NONE""], [""NONE""], [""NONE""], [""NONE""], [""NONE""], [""NONE""], [""NONE""], [""NONE""], [""NONE""], [""NONE""], [""NONE""], [""NONE""], [""NONE""], [""NONE""], [""NONE""], [""NONE""], [""NONE""], [""NONE""], [""NONE""], [""NONE""], [""NONE""], [""NONE""], [""NONE""], [""NONE""], [""NONE""], [""NONE""], [""NONE""], [""NONE""], [""NONE""], [""NONE""]]",0
9674903,"[[961, 964]]",PWS,Prader-Willi syndrome,['MESH:D011218'],9674903.10,"961,964","[[""MESH:D011218""], [""OMIM:176270""], [""MESH:C566764""], [""NONE""], [""NONE""], [""NONE""], [""NONE""], [""NONE""], [""NONE""], [""NONE""], [""NONE""], [""NONE""], [""NONE""], [""NONE""], [""NONE""], [""NONE""], [""NONE""], [""NONE""], [""NONE""], [""NONE""], [""NONE""], [""NONE""], [""NONE""], [""NONE""], [""NONE""], [""NONE""], [""NONE""], [""NONE""], [""NONE""], [""NONE""], [""NONE""], [""NONE""], [""NONE""], [""NONE""], [""NONE""], [""NONE""], [""NONE""], [""NONE""], [""NONE""]]",0
9674903,"[[1203, 1218]]",Maternal disomy,Maternal disomy,['MESH:D024182'],9674903.11,"1203,1218","[[""MESH:D024182""], [""MESH:D009006""], [""MESH:D000652""], [""MESH:D063130""], [""NONE""], [""NONE""], [""NONE""], [""NONE""], [""NONE""], [""NONE""], [""NONE""], [""NONE""], [""NONE""], [""NONE""], [""NONE""], [""NONE""], [""NONE""], [""NONE""], [""NONE""], [""NONE""], [""NONE""], [""NONE""], [""NONE""], [""NONE""], [""NONE""], [""NONE""], [""NONE""], [""NONE""], [""NONE""], [""NONE""], [""NONE""], [""NONE""], [""NONE""], [""NONE""], [""NONE""], [""NONE""], [""NONE""], [""NONE""], [""NONE""]]",0
9674903,"[[1542, 1560]]",Uniparental disomy,Uniparental disomy,['MESH:D024182'],9674903.12,"1542,1560","[[""MESH:D024182""], [""MESH:D009006""], [""NONE""], [""NONE""], [""NONE""], [""NONE""], [""NONE""], [""NONE""], [""NONE""], [""NONE""], [""NONE""], [""NONE""], [""NONE""], [""NONE""], [""NONE""], [""NONE""], [""NONE""], [""NONE""], [""NONE""], [""NONE""], [""NONE""], [""NONE""], [""NONE""], [""NONE""], [""NONE""], [""NONE""], [""NONE""], [""NONE""], [""NONE""], [""NONE""], [""NONE""], [""NONE""], [""NONE""], [""NONE""], [""NONE""], [""NONE""], [""NONE""], [""NONE""], [""NONE""]]",0
9674903,"[[1722, 1725]]",PWS,Prader-Willi syndrome,['MESH:D011218'],9674903.13,"1722,1725","[[""MESH:D011218""], [""OMIM:176270""], [""MESH:C566764""], [""NONE""], [""NONE""], [""NONE""], [""NONE""], [""NONE""], [""NONE""], [""NONE""], [""NONE""], [""NONE""], [""NONE""], [""NONE""], [""NONE""], [""NONE""], [""NONE""], [""NONE""], [""NONE""], [""NONE""], [""NONE""], [""NONE""], [""NONE""], [""NONE""], [""NONE""], [""NONE""], [""NONE""], [""NONE""], [""NONE""], [""NONE""], [""NONE""], [""NONE""], [""NONE""], [""NONE""], [""NONE""], [""NONE""], [""NONE""], [""NONE""], [""NONE""]]",0
9674903,"[[1818, 1833]]",maternal UPD 15,maternal UPD 15,['MESH:C538037'],9674903.14,"1818,1833","[[""MESH:C538037""], [""MESH:C580205""], [""MESH:C538104""], [""OMIM:260300""], [""MESH:C536436""], [""OMIM:135900""], [""OMIM:614607""], [""OMIM:614608""], [""OMIM:614609""], [""OMIM:615866""], [""OMIM:616938""], [""MESH:C566764""], [""MESH:C538038""], [""NONE""], [""NONE""], [""NONE""], [""NONE""], [""NONE""], [""NONE""], [""NONE""], [""NONE""], [""NONE""], [""NONE""], [""NONE""], [""NONE""], [""NONE""], [""NONE""], [""NONE""], [""NONE""], [""NONE""], [""NONE""], [""NONE""], [""NONE""], [""NONE""], [""NONE""], [""NONE""], [""NONE""], [""NONE""], [""NONE""]]",0
9674903,"[[1838, 1841]]",PWS,Prader-Willi syndrome,['MESH:D011218'],9674903.15,"1838,1841","[[""MESH:D011218""], [""OMIM:176270""], [""MESH:C566764""], [""NONE""], [""NONE""], [""NONE""], [""NONE""], [""NONE""], [""NONE""], [""NONE""], [""NONE""], [""NONE""], [""NONE""], [""NONE""], [""NONE""], [""NONE""], [""NONE""], [""NONE""], [""NONE""], [""NONE""], [""NONE""], [""NONE""], [""NONE""], [""NONE""], [""NONE""], [""NONE""], [""NONE""], [""NONE""], [""NONE""], [""NONE""], [""NONE""], [""NONE""], [""NONE""], [""NONE""], [""NONE""], [""NONE""], [""NONE""], [""NONE""], [""NONE""]]",0
9674906,"[[0, 31]]",Schwartz-Jampel syndrome type 2,Schwartz-Jampel syndrome type 2,['MESH:C537502'],9674906.1,"0,31","[[""MESH:C537502""], [""OMIM:601559""], [""MESH:D010009""], [""OMIM:239100""], [""OMIM:255800""], [""OMIM:309350""], [""OMIM:313400""], [""NONE""], [""NONE""], [""NONE""], [""NONE""], [""NONE""], [""NONE""], [""NONE""], [""NONE""], [""NONE""], [""NONE""], [""NONE""], [""NONE""], [""NONE""], [""NONE""], [""NONE""], [""NONE""], [""NONE""], [""NONE""], [""NONE""], [""NONE""], [""NONE""], [""NONE""], [""NONE""], [""NONE""], [""NONE""], [""NONE""], [""NONE""], [""NONE""], [""NONE""], [""NONE""], [""NONE""], [""NONE""]]",0
9674906,"[[36, 60]]",Stuve-Wiedemann syndrome,Stuve-Wiedemann syndrome,['MESH:C537502'],9674906.2,"36,60","[[""MESH:C537502""], [""OMIM:601559""], [""OMIM:193520""], [""MESH:C537685""], [""MESH:D058494""], [""OMIM:236670""], [""OMIM:253280""], [""OMIM:253800""], [""OMIM:613150""], [""OMIM:613153""], [""OMIM:613154""], [""OMIM:614643""], [""OMIM:614830""], [""OMIM:615041""], [""OMIM:615181""], [""OMIM:615249""], [""OMIM:615287""], [""OMIM:615350""], [""OMIM:616538""], [""MESH:D006527""], [""OMIM:277900""], [""NONE""], [""NONE""], [""NONE""], [""NONE""], [""NONE""], [""NONE""], [""NONE""], [""NONE""], [""NONE""], [""NONE""], [""NONE""], [""NONE""], [""NONE""], [""NONE""], [""NONE""], [""NONE""], [""NONE""], [""NONE""]]",0
9674906,"[[180, 204]]",Schwartz-Jampel syndrome,Schwartz-Jampel syndrome,['MESH:D010009'],9674906.3,"180,204","[[""MESH:D010009""], [""OMIM:239100""], [""OMIM:255800""], [""OMIM:309350""], [""OMIM:313400""], [""MESH:C537502""], [""OMIM:601559""], [""NONE""], [""NONE""], [""NONE""], [""NONE""], [""NONE""], [""NONE""], [""NONE""], [""NONE""], [""NONE""], [""NONE""], [""NONE""], [""NONE""], [""NONE""], [""NONE""], [""NONE""], [""NONE""], [""NONE""], [""NONE""], [""NONE""], [""NONE""], [""NONE""], [""NONE""], [""NONE""], [""NONE""], [""NONE""], [""NONE""], [""NONE""], [""NONE""], [""NONE""], [""NONE""], [""NONE""], [""NONE""]]",0
9674906,"[[206, 209]]",SJS,Schwartz-Jampel syndrome,['MESH:D010009'],9674906.4,"206,209","[[""MESH:D010009""], [""OMIM:239100""], [""OMIM:255800""], [""OMIM:309350""], [""OMIM:313400""], [""MESH:C537502""], [""OMIM:601559""], [""NONE""], [""NONE""], [""NONE""], [""NONE""], [""NONE""], [""NONE""], [""NONE""], [""NONE""], [""NONE""], [""NONE""], [""NONE""], [""NONE""], [""NONE""], [""NONE""], [""NONE""], [""NONE""], [""NONE""], [""NONE""], [""NONE""], [""NONE""], [""NONE""], [""NONE""], [""NONE""], [""NONE""], [""NONE""], [""NONE""], [""NONE""], [""NONE""], [""NONE""], [""NONE""], [""NONE""], [""NONE""]]",0
9674906,"[[214, 222]]",myotonia,myotonia,['MESH:D009222'],9674906.5,"214,222","[[""MESH:D009222""], [""MESH:D009224""], [""OMIM:255300""], [""OMIM:255700""], [""MESH:C536245""], [""MESH:D009223""], [""OMIM:160900""], [""OMIM:602668""], [""NONE""], [""NONE""], [""NONE""], [""NONE""], [""NONE""], [""NONE""], [""NONE""], [""NONE""], [""NONE""], [""NONE""], [""NONE""], [""NONE""], [""NONE""], [""NONE""], [""NONE""], [""NONE""], [""NONE""], [""NONE""], [""NONE""], [""NONE""], [""NONE""], [""NONE""], [""NONE""], [""NONE""], [""NONE""], [""NONE""], [""NONE""], [""NONE""], [""NONE""], [""NONE""], [""NONE""]]",0
9674906,"[[263, 273]]",SJS type 2,SJS type 2,['MESH:C537502'],9674906.7,"263,273","[[""MESH:C537502""], [""OMIM:601559""], [""MESH:D010009""], [""OMIM:239100""], [""OMIM:255800""], [""OMIM:309350""], [""OMIM:313400""], [""MESH:D012859""], [""OMIM:270150""], [""MESH:C536669""], [""NONE""], [""NONE""], [""NONE""], [""NONE""], [""NONE""], [""NONE""], [""NONE""], [""NONE""], [""NONE""], [""NONE""], [""NONE""], [""NONE""], [""NONE""], [""NONE""], [""NONE""], [""NONE""], [""NONE""], [""NONE""], [""NONE""], [""NONE""], [""NONE""], [""NONE""], [""NONE""], [""NONE""], [""NONE""], [""NONE""], [""NONE""], [""NONE""], [""NONE""]]",0
9674906,"[[335, 359]]",Stuve-Wiedemann syndrome,Stuve-Wiedemann syndrome,['MESH:C537502'],9674906.8,"335,359","[[""MESH:C537502""], [""OMIM:601559""], [""OMIM:193520""], [""MESH:C537685""], [""MESH:D058494""], [""OMIM:236670""], [""OMIM:253280""], [""OMIM:253800""], [""OMIM:613150""], [""OMIM:613153""], [""OMIM:613154""], [""OMIM:614643""], [""OMIM:614830""], [""OMIM:615041""], [""OMIM:615181""], [""OMIM:615249""], [""OMIM:615287""], [""OMIM:615350""], [""OMIM:616538""], [""MESH:D006527""], [""OMIM:277900""], [""NONE""], [""NONE""], [""NONE""], [""NONE""], [""NONE""], [""NONE""], [""NONE""], [""NONE""], [""NONE""], [""NONE""], [""NONE""], [""NONE""], [""NONE""], [""NONE""], [""NONE""], [""NONE""], [""NONE""], [""NONE""]]",0
9674906,"[[361, 364]]",SWS,Stuve-Wiedemann syndrome,['MESH:C537502'],9674906.9,"361,364","[[""MESH:C537502""], [""OMIM:601559""], [""OMIM:193520""], [""MESH:C537685""], [""MESH:D058494""], [""OMIM:236670""], [""OMIM:253280""], [""OMIM:253800""], [""OMIM:613150""], [""OMIM:613153""], [""OMIM:613154""], [""OMIM:614643""], [""OMIM:614830""], [""OMIM:615041""], [""OMIM:615181""], [""OMIM:615249""], [""OMIM:615287""], [""OMIM:615350""], [""OMIM:616538""], [""MESH:D006527""], [""OMIM:277900""], [""NONE""], [""NONE""], [""NONE""], [""NONE""], [""NONE""], [""NONE""], [""NONE""], [""NONE""], [""NONE""], [""NONE""], [""NONE""], [""NONE""], [""NONE""], [""NONE""], [""NONE""], [""NONE""], [""NONE""], [""NONE""]]",0
9674906,"[[383, 393]]",campomelia,campomelia,['MESH:C537966'],9674906.10,"383,393","[[""MESH:C537966""], [""MESH:C537968""], [""MESH:D055036""], [""OMIM:114290""], [""NONE""], [""NONE""], [""NONE""], [""NONE""], [""NONE""], [""NONE""], [""NONE""], [""NONE""], [""NONE""], [""NONE""], [""NONE""], [""NONE""], [""NONE""], [""NONE""], [""NONE""], [""NONE""], [""NONE""], [""NONE""], [""NONE""], [""NONE""], [""NONE""], [""NONE""], [""NONE""], [""NONE""], [""NONE""], [""NONE""], [""NONE""], [""NONE""], [""NONE""], [""NONE""], [""NONE""], [""NONE""], [""NONE""], [""NONE""], [""NONE""]]",0
9674906,"[[428, 440]]",contractures,contractures,['MESH:D003286'],9674906.12,"428,440","[[""MESH:D003286""], [""MESH:D054061""], [""MESH:C535379""], [""NONE""], [""NONE""], [""NONE""], [""NONE""], [""NONE""], [""NONE""], [""NONE""], [""NONE""], [""NONE""], [""NONE""], [""NONE""], [""NONE""], [""NONE""], [""NONE""], [""NONE""], [""NONE""], [""NONE""], [""NONE""], [""NONE""], [""NONE""], [""NONE""], [""NONE""], [""NONE""], [""NONE""], [""NONE""], [""NONE""], [""NONE""], [""NONE""], [""NONE""], [""NONE""], [""NONE""], [""NONE""], [""NONE""], [""NONE""], [""NONE""], [""NONE""]]",0
9674906,"[[621, 631]]",SJS type 2,SJS type 2,['MESH:C537502'],9674906.14,"621,631","[[""MESH:C537502""], [""OMIM:601559""], [""MESH:D010009""], [""OMIM:239100""], [""OMIM:255800""], [""OMIM:309350""], [""OMIM:313400""], [""MESH:D012859""], [""OMIM:270150""], [""MESH:C536669""], [""NONE""], [""NONE""], [""NONE""], [""NONE""], [""NONE""], [""NONE""], [""NONE""], [""NONE""], [""NONE""], [""NONE""], [""NONE""], [""NONE""], [""NONE""], [""NONE""], [""NONE""], [""NONE""], [""NONE""], [""NONE""], [""NONE""], [""NONE""], [""NONE""], [""NONE""], [""NONE""], [""NONE""], [""NONE""], [""NONE""], [""NONE""], [""NONE""], [""NONE""]]",0
9674906,"[[665, 668]]",SWS,Stuve-Wiedemann syndrome,['MESH:C537502'],9674906.15,"665,668","[[""MESH:C537502""], [""OMIM:601559""], [""OMIM:193520""], [""MESH:C537685""], [""MESH:D058494""], [""OMIM:236670""], [""OMIM:253280""], [""OMIM:253800""], [""OMIM:613150""], [""OMIM:613153""], [""OMIM:613154""], [""OMIM:614643""], [""OMIM:614830""], [""OMIM:615041""], [""OMIM:615181""], [""OMIM:615249""], [""OMIM:615287""], [""OMIM:615350""], [""OMIM:616538""], [""MESH:D006527""], [""OMIM:277900""], [""NONE""], [""NONE""], [""NONE""], [""NONE""], [""NONE""], [""NONE""], [""NONE""], [""NONE""], [""NONE""], [""NONE""], [""NONE""], [""NONE""], [""NONE""], [""NONE""], [""NONE""], [""NONE""], [""NONE""], [""NONE""]]",0
9674906,"[[729, 732]]",SJS,Schwartz-Jampel syndrome,['MESH:D010009'],9674906.16,"729,732","[[""MESH:D010009""], [""OMIM:239100""], [""OMIM:255800""], [""OMIM:309350""], [""OMIM:313400""], [""MESH:C537502""], [""OMIM:601559""], [""NONE""], [""NONE""], [""NONE""], [""NONE""], [""NONE""], [""NONE""], [""NONE""], [""NONE""], [""NONE""], [""NONE""], [""NONE""], [""NONE""], [""NONE""], [""NONE""], [""NONE""], [""NONE""], [""NONE""], [""NONE""], [""NONE""], [""NONE""], [""NONE""], [""NONE""], [""NONE""], [""NONE""], [""NONE""], [""NONE""], [""NONE""], [""NONE""], [""NONE""], [""NONE""], [""NONE""], [""NONE""]]",0
9674906,"[[736, 739]]",SWS,Stuve-Wiedemann syndrome,['MESH:C537502'],9674906.17,"736,739","[[""MESH:C537502""], [""OMIM:601559""], [""OMIM:193520""], [""MESH:C537685""], [""MESH:D058494""], [""OMIM:236670""], [""OMIM:253280""], [""OMIM:253800""], [""OMIM:613150""], [""OMIM:613153""], [""OMIM:613154""], [""OMIM:614643""], [""OMIM:614830""], [""OMIM:615041""], [""OMIM:615181""], [""OMIM:615249""], [""OMIM:615287""], [""OMIM:615350""], [""OMIM:616538""], [""MESH:D006527""], [""OMIM:277900""], [""NONE""], [""NONE""], [""NONE""], [""NONE""], [""NONE""], [""NONE""], [""NONE""], [""NONE""], [""NONE""], [""NONE""], [""NONE""], [""NONE""], [""NONE""], [""NONE""], [""NONE""], [""NONE""], [""NONE""], [""NONE""]]",0
9674906,"[[792, 814]]",neuromuscular disorder,neuromuscular disorder,['MESH:D009468'],9674906.18,"792,814","[[""MESH:D009468""], [""MESH:D020511""], [""MESH:D009135""], [""NONE""], [""NONE""], [""NONE""], [""NONE""], [""NONE""], [""NONE""], [""NONE""], [""NONE""], [""NONE""], [""NONE""], [""NONE""], [""NONE""], [""NONE""], [""NONE""], [""NONE""], [""NONE""], [""NONE""], [""NONE""], [""NONE""], [""NONE""], [""NONE""], [""NONE""], [""NONE""], [""NONE""], [""NONE""], [""NONE""], [""NONE""], [""NONE""], [""NONE""], [""NONE""], [""NONE""], [""NONE""], [""NONE""], [""NONE""], [""NONE""], [""NONE""]]",0
9674906,"[[963, 1004]]",campomelic-metaphyseal skeletal dysplasia,campomelic-metaphyseal skeletal dysplasia,['MESH:D055036'],9674906.21,"963,1004","[[""MESH:D055036""], [""OMIM:114290""], [""NONE""], [""NONE""], [""NONE""], [""NONE""], [""NONE""], [""NONE""], [""NONE""], [""NONE""], [""NONE""], [""NONE""], [""NONE""], [""NONE""], [""NONE""], [""NONE""], [""NONE""], [""NONE""], [""NONE""], [""NONE""], [""NONE""], [""NONE""], [""NONE""], [""NONE""], [""NONE""], [""NONE""], [""NONE""], [""NONE""], [""NONE""], [""NONE""], [""NONE""], [""NONE""], [""NONE""], [""NONE""], [""NONE""], [""NONE""], [""NONE""], [""NONE""], [""NONE""]]",0
9674906,"[[1206, 1220]]",bone dysplasia,bone dysplasia,['MESH:D001848'],9674906.22,"1206,1220","[[""MESH:D001848""], [""MESH:D004413""], [""NONE""], [""NONE""], [""NONE""], [""NONE""], [""NONE""], [""NONE""], [""NONE""], [""NONE""], [""NONE""], [""NONE""], [""NONE""], [""NONE""], [""NONE""], [""NONE""], [""NONE""], [""NONE""], [""NONE""], [""NONE""], [""NONE""], [""NONE""], [""NONE""], [""NONE""], [""NONE""], [""NONE""], [""NONE""], [""NONE""], [""NONE""], [""NONE""], [""NONE""], [""NONE""], [""NONE""], [""NONE""], [""NONE""], [""NONE""], [""NONE""], [""NONE""], [""NONE""]]",0
9674906,"[[1251, 1261]]",SJS type 2,SJS type 2,['MESH:C537502'],9674906.23,"1251,1261","[[""MESH:C537502""], [""OMIM:601559""], [""MESH:D010009""], [""OMIM:239100""], [""OMIM:255800""], [""OMIM:309350""], [""OMIM:313400""], [""MESH:D012859""], [""OMIM:270150""], [""MESH:C536669""], [""NONE""], [""NONE""], [""NONE""], [""NONE""], [""NONE""], [""NONE""], [""NONE""], [""NONE""], [""NONE""], [""NONE""], [""NONE""], [""NONE""], [""NONE""], [""NONE""], [""NONE""], [""NONE""], [""NONE""], [""NONE""], [""NONE""], [""NONE""], [""NONE""], [""NONE""], [""NONE""], [""NONE""], [""NONE""], [""NONE""], [""NONE""], [""NONE""], [""NONE""]]",0
9674906,"[[1272, 1275]]",SWS,Stuve-Wiedemann syndrome,['MESH:C537502'],9674906.24,"1272,1275","[[""MESH:C537502""], [""OMIM:601559""], [""OMIM:193520""], [""MESH:C537685""], [""MESH:D058494""], [""OMIM:236670""], [""OMIM:253280""], [""OMIM:253800""], [""OMIM:613150""], [""OMIM:613153""], [""OMIM:613154""], [""OMIM:614643""], [""OMIM:614830""], [""OMIM:615041""], [""OMIM:615181""], [""OMIM:615249""], [""OMIM:615287""], [""OMIM:615350""], [""OMIM:616538""], [""MESH:D006527""], [""OMIM:277900""], [""NONE""], [""NONE""], [""NONE""], [""NONE""], [""NONE""], [""NONE""], [""NONE""], [""NONE""], [""NONE""], [""NONE""], [""NONE""], [""NONE""], [""NONE""], [""NONE""], [""NONE""], [""NONE""], [""NONE""], [""NONE""]]",0
9674906,"[[1365, 1368]]",SWS,Stuve-Wiedemann syndrome,['MESH:C537502'],9674906.25,"1365,1368","[[""MESH:C537502""], [""OMIM:601559""], [""OMIM:193520""], [""MESH:C537685""], [""MESH:D058494""], [""OMIM:236670""], [""OMIM:253280""], [""OMIM:253800""], [""OMIM:613150""], [""OMIM:613153""], [""OMIM:613154""], [""OMIM:614643""], [""OMIM:614830""], [""OMIM:615041""], [""OMIM:615181""], [""OMIM:615249""], [""OMIM:615287""], [""OMIM:615350""], [""OMIM:616538""], [""MESH:D006527""], [""OMIM:277900""], [""NONE""], [""NONE""], [""NONE""], [""NONE""], [""NONE""], [""NONE""], [""NONE""], [""NONE""], [""NONE""], [""NONE""], [""NONE""], [""NONE""], [""NONE""], [""NONE""], [""NONE""], [""NONE""], [""NONE""], [""NONE""]]",0
9674906,"[[1373, 1383]]",SJS type 2,SJS type 2,['MESH:C537502'],9674906.26,"1373,1383","[[""MESH:C537502""], [""OMIM:601559""], [""MESH:D010009""], [""OMIM:239100""], [""OMIM:255800""], [""OMIM:309350""], [""OMIM:313400""], [""MESH:D012859""], [""OMIM:270150""], [""MESH:C536669""], [""NONE""], [""NONE""], [""NONE""], [""NONE""], [""NONE""], [""NONE""], [""NONE""], [""NONE""], [""NONE""], [""NONE""], [""NONE""], [""NONE""], [""NONE""], [""NONE""], [""NONE""], [""NONE""], [""NONE""], [""NONE""], [""NONE""], [""NONE""], [""NONE""], [""NONE""], [""NONE""], [""NONE""], [""NONE""], [""NONE""], [""NONE""], [""NONE""], [""NONE""]]",0
9689113,"[[24, 46]]",von Willebrand disease,von Willebrand disease,['MESH:D014842'],9689113.1,"24,46","[[""MESH:D014842""], [""MESH:D056725""], [""OMIM:193400""], [""MESH:C536458""], [""OMIM:177820""], [""NONE""], [""NONE""], [""NONE""], [""NONE""], [""NONE""], [""NONE""], [""NONE""], [""NONE""], [""NONE""], [""NONE""], [""NONE""], [""NONE""], [""NONE""], [""NONE""], [""NONE""], [""NONE""], [""NONE""], [""NONE""], [""NONE""], [""NONE""], [""NONE""], [""NONE""], [""NONE""], [""NONE""], [""NONE""], [""NONE""], [""NONE""], [""NONE""], [""NONE""], [""NONE""], [""NONE""], [""NONE""], [""NONE""], [""NONE""]]",0
9689113,"[[74, 84]]",thrombosis,thrombosis,['MESH:D013927'],9689113.2,"74,84","[[""MESH:D013927""], [""MESH:D013923""], [""MESH:D020246""], [""MESH:D016769""], [""MESH:D019851""], [""OMIM:188050""], [""NONE""], [""NONE""], [""NONE""], [""NONE""], [""NONE""], [""NONE""], [""NONE""], [""NONE""], [""NONE""], [""NONE""], [""NONE""], [""NONE""], [""NONE""], [""NONE""], [""NONE""], [""NONE""], [""NONE""], [""NONE""], [""NONE""], [""NONE""], [""NONE""], [""NONE""], [""NONE""], [""NONE""], [""NONE""], [""NONE""], [""NONE""], [""NONE""], [""NONE""], [""NONE""], [""NONE""], [""NONE""], [""NONE""]]",0
9689113,"[[86, 124]]",von Willebrand factor (vWf) deficiency,von Willebrand factor (vWf) deficiency,['MESH:C531844'],9689113.3,"86,124","[[""MESH:D014842""], [""MESH:D056725""], [""OMIM:193400""], [""MESH:C531844""], [""MESH:C536458""], [""OMIM:177820""], [""NONE""], [""NONE""], [""NONE""], [""NONE""], [""NONE""], [""NONE""], [""NONE""], [""NONE""], [""NONE""], [""NONE""], [""NONE""], [""NONE""], [""NONE""], [""NONE""], [""NONE""], [""NONE""], [""NONE""], [""NONE""], [""NONE""], [""NONE""], [""NONE""], [""NONE""], [""NONE""], [""NONE""], [""NONE""], [""NONE""], [""NONE""], [""NONE""], [""NONE""], [""NONE""], [""NONE""], [""NONE""], [""NONE""]]",3
9689113,"[[139, 161]]",von Willebrand disease,von Willebrand disease,['MESH:D014842'],9689113.4,"139,161","[[""MESH:D014842""], [""MESH:D056725""], [""OMIM:193400""], [""MESH:C536458""], [""OMIM:177820""], [""NONE""], [""NONE""], [""NONE""], [""NONE""], [""NONE""], [""NONE""], [""NONE""], [""NONE""], [""NONE""], [""NONE""], [""NONE""], [""NONE""], [""NONE""], [""NONE""], [""NONE""], [""NONE""], [""NONE""], [""NONE""], [""NONE""], [""NONE""], [""NONE""], [""NONE""], [""NONE""], [""NONE""], [""NONE""], [""NONE""], [""NONE""], [""NONE""], [""NONE""], [""NONE""], [""NONE""], [""NONE""], [""NONE""], [""NONE""]]",0
9689113,"[[242, 255]]",vWf-deficient,vWf-deficient,['MESH:C531844'],9689113.5,"242,255","[[""MESH:D014842""], [""MESH:D056725""], [""OMIM:193400""], [""MESH:C531844""], [""MESH:C536458""], [""OMIM:177820""], [""NONE""], [""NONE""], [""NONE""], [""NONE""], [""NONE""], [""NONE""], [""NONE""], [""NONE""], [""NONE""], [""NONE""], [""NONE""], [""NONE""], [""NONE""], [""NONE""], [""NONE""], [""NONE""], [""NONE""], [""NONE""], [""NONE""], [""NONE""], [""NONE""], [""NONE""], [""NONE""], [""NONE""], [""NONE""], [""NONE""], [""NONE""], [""NONE""], [""NONE""], [""NONE""], [""NONE""], [""NONE""], [""NONE""]]",3
9689113,"[[353, 367]]",von Willebrand,von Willebrand,['MESH:D014842'],9689113.6,"353,367","[[""MESH:D014842""], [""MESH:C536458""], [""OMIM:177820""], [""MESH:D056725""], [""OMIM:193400""], [""NONE""], [""NONE""], [""NONE""], [""NONE""], [""NONE""], [""NONE""], [""NONE""], [""NONE""], [""NONE""], [""NONE""], [""NONE""], [""NONE""], [""NONE""], [""NONE""], [""NONE""], [""NONE""], [""NONE""], [""NONE""], [""NONE""], [""NONE""], [""NONE""], [""NONE""], [""NONE""], [""NONE""], [""NONE""], [""NONE""], [""NONE""], [""NONE""], [""NONE""], [""NONE""], [""NONE""], [""NONE""], [""NONE""], [""NONE""]]",0
9689113,"[[769, 779]]",thrombosis,thrombosis,['MESH:D013927'],9689113.7,"769,779","[[""MESH:D013927""], [""MESH:D013923""], [""MESH:D020246""], [""MESH:D016769""], [""MESH:D019851""], [""OMIM:188050""], [""NONE""], [""NONE""], [""NONE""], [""NONE""], [""NONE""], [""NONE""], [""NONE""], [""NONE""], [""NONE""], [""NONE""], [""NONE""], [""NONE""], [""NONE""], [""NONE""], [""NONE""], [""NONE""], [""NONE""], [""NONE""], [""NONE""], [""NONE""], [""NONE""], [""NONE""], [""NONE""], [""NONE""], [""NONE""], [""NONE""], [""NONE""], [""NONE""], [""NONE""], [""NONE""], [""NONE""], [""NONE""], [""NONE""]]",0
9689113,"[[835, 850]]",vascular injury,vascular injury,['MESH:D057772'],9689113.8,"835,850","[[""MESH:D057772""], [""NONE""], [""NONE""], [""NONE""], [""NONE""], [""NONE""], [""NONE""], [""NONE""], [""NONE""], [""NONE""], [""NONE""], [""NONE""], [""NONE""], [""NONE""], [""NONE""], [""NONE""], [""NONE""], [""NONE""], [""NONE""], [""NONE""], [""NONE""], [""NONE""], [""NONE""], [""NONE""], [""NONE""], [""NONE""], [""NONE""], [""NONE""], [""NONE""], [""NONE""], [""NONE""], [""NONE""], [""NONE""], [""NONE""], [""NONE""], [""NONE""], [""NONE""], [""NONE""], [""NONE""]]",0
9689113,"[[1085, 1107]]",von Willebrand disease,von Willebrand disease,['MESH:D014842'],9689113.9,"1085,1107","[[""MESH:D014842""], [""MESH:D056725""], [""OMIM:193400""], [""MESH:C536458""], [""OMIM:177820""], [""NONE""], [""NONE""], [""NONE""], [""NONE""], [""NONE""], [""NONE""], [""NONE""], [""NONE""], [""NONE""], [""NONE""], [""NONE""], [""NONE""], [""NONE""], [""NONE""], [""NONE""], [""NONE""], [""NONE""], [""NONE""], [""NONE""], [""NONE""], [""NONE""], [""NONE""], [""NONE""], [""NONE""], [""NONE""], [""NONE""], [""NONE""], [""NONE""], [""NONE""], [""NONE""], [""NONE""], [""NONE""], [""NONE""], [""NONE""]]",0
9700175,"[[36, 61]]",hereditary ovarian cancer,hereditary ovarian cancer,['MESH:D061325'],9700175.1,"36,61","[[""MESH:D010051""], [""OMIM:167000""], [""OMIM:607893""], [""OMIM:604370""], [""MESH:D061325""], [""OMIM:612555""], [""OMIM:613399""], [""NONE""], [""NONE""], [""NONE""], [""NONE""], [""NONE""], [""NONE""], [""NONE""], [""NONE""], [""NONE""], [""NONE""], [""NONE""], [""NONE""], [""NONE""], [""NONE""], [""NONE""], [""NONE""], [""NONE""], [""NONE""], [""NONE""], [""NONE""], [""NONE""], [""NONE""], [""NONE""], [""NONE""], [""NONE""], [""NONE""], [""NONE""], [""NONE""], [""NONE""], [""NONE""], [""NONE""], [""NONE""]]",4
9700175,"[[63, 88]]",Hereditary Ovarian Cancer,Hereditary Ovarian Cancer,['MESH:D061325'],9700175.2,"63,88","[[""MESH:D010051""], [""OMIM:167000""], [""OMIM:607893""], [""OMIM:604370""], [""MESH:D061325""], [""OMIM:612555""], [""OMIM:613399""], [""NONE""], [""NONE""], [""NONE""], [""NONE""], [""NONE""], [""NONE""], [""NONE""], [""NONE""], [""NONE""], [""NONE""], [""NONE""], [""NONE""], [""NONE""], [""NONE""], [""NONE""], [""NONE""], [""NONE""], [""NONE""], [""NONE""], [""NONE""], [""NONE""], [""NONE""], [""NONE""], [""NONE""], [""NONE""], [""NONE""], [""NONE""], [""NONE""], [""NONE""], [""NONE""], [""NONE""], [""NONE""]]",4
9700175,"[[211, 225]]",ovarian cancer,ovarian cancer,['MESH:D010051'],9700175.3,"211,225","[[""MESH:D010051""], [""OMIM:167000""], [""OMIM:607893""], [""NONE""], [""NONE""], [""NONE""], [""NONE""], [""NONE""], [""NONE""], [""NONE""], [""NONE""], [""NONE""], [""NONE""], [""NONE""], [""NONE""], [""NONE""], [""NONE""], [""NONE""], [""NONE""], [""NONE""], [""NONE""], [""NONE""], [""NONE""], [""NONE""], [""NONE""], [""NONE""], [""NONE""], [""NONE""], [""NONE""], [""NONE""], [""NONE""], [""NONE""], [""NONE""], [""NONE""], [""NONE""], [""NONE""], [""NONE""], [""NONE""], [""NONE""]]",0
9700175,"[[263, 277]]",ovarian cancer,ovarian cancer,['MESH:D010051'],9700175.4,"263,277","[[""MESH:D010051""], [""OMIM:167000""], [""OMIM:607893""], [""NONE""], [""NONE""], [""NONE""], [""NONE""], [""NONE""], [""NONE""], [""NONE""], [""NONE""], [""NONE""], [""NONE""], [""NONE""], [""NONE""], [""NONE""], [""NONE""], [""NONE""], [""NONE""], [""NONE""], [""NONE""], [""NONE""], [""NONE""], [""NONE""], [""NONE""], [""NONE""], [""NONE""], [""NONE""], [""NONE""], [""NONE""], [""NONE""], [""NONE""], [""NONE""], [""NONE""], [""NONE""], [""NONE""], [""NONE""], [""NONE""], [""NONE""]]",0
9700175,"[[344, 378]]",hereditary forms of ovarian cancer,hereditary forms of ovarian cancer,['MESH:D061325'],9700175.5,"344,378","[[""MESH:D010051""], [""OMIM:167000""], [""OMIM:607893""], [""OMIM:604370""], [""MESH:D061325""], [""OMIM:612555""], [""OMIM:613399""], [""NONE""], [""NONE""], [""NONE""], [""NONE""], [""NONE""], [""NONE""], [""NONE""], [""NONE""], [""NONE""], [""NONE""], [""NONE""], [""NONE""], [""NONE""], [""NONE""], [""NONE""], [""NONE""], [""NONE""], [""NONE""], [""NONE""], [""NONE""], [""NONE""], [""NONE""], [""NONE""], [""NONE""], [""NONE""], [""NONE""], [""NONE""], [""NONE""], [""NONE""], [""NONE""], [""NONE""], [""NONE""]]",4
9700175,"[[416, 441]]",hereditary ovarian cancer,hereditary ovarian cancer,['MESH:D061325'],9700175.6,"416,441","[[""MESH:D010051""], [""OMIM:167000""], [""OMIM:607893""], [""OMIM:604370""], [""MESH:D061325""], [""OMIM:612555""], [""OMIM:613399""], [""NONE""], [""NONE""], [""NONE""], [""NONE""], [""NONE""], [""NONE""], [""NONE""], [""NONE""], [""NONE""], [""NONE""], [""NONE""], [""NONE""], [""NONE""], [""NONE""], [""NONE""], [""NONE""], [""NONE""], [""NONE""], [""NONE""], [""NONE""], [""NONE""], [""NONE""], [""NONE""], [""NONE""], [""NONE""], [""NONE""], [""NONE""], [""NONE""], [""NONE""], [""NONE""], [""NONE""], [""NONE""]]",4
9700175,"[[925, 939]]",ovarian cancer,ovarian cancer,['MESH:D010051'],9700175.7,"925,939","[[""MESH:D010051""], [""OMIM:167000""], [""OMIM:607893""], [""NONE""], [""NONE""], [""NONE""], [""NONE""], [""NONE""], [""NONE""], [""NONE""], [""NONE""], [""NONE""], [""NONE""], [""NONE""], [""NONE""], [""NONE""], [""NONE""], [""NONE""], [""NONE""], [""NONE""], [""NONE""], [""NONE""], [""NONE""], [""NONE""], [""NONE""], [""NONE""], [""NONE""], [""NONE""], [""NONE""], [""NONE""], [""NONE""], [""NONE""], [""NONE""], [""NONE""], [""NONE""], [""NONE""], [""NONE""], [""NONE""], [""NONE""]]",0
9700175,"[[1244, 1258]]",ovarian cancer,ovarian cancer,['MESH:D010051'],9700175.8,"1244,1258","[[""MESH:D010051""], [""OMIM:167000""], [""OMIM:607893""], [""NONE""], [""NONE""], [""NONE""], [""NONE""], [""NONE""], [""NONE""], [""NONE""], [""NONE""], [""NONE""], [""NONE""], [""NONE""], [""NONE""], [""NONE""], [""NONE""], [""NONE""], [""NONE""], [""NONE""], [""NONE""], [""NONE""], [""NONE""], [""NONE""], [""NONE""], [""NONE""], [""NONE""], [""NONE""], [""NONE""], [""NONE""], [""NONE""], [""NONE""], [""NONE""], [""NONE""], [""NONE""], [""NONE""], [""NONE""], [""NONE""], [""NONE""]]",0
9700175,"[[1528, 1542]]",ovarian cancer,ovarian cancer,['MESH:D010051'],9700175.9,"1528,1542","[[""MESH:D010051""], [""OMIM:167000""], [""OMIM:607893""], [""NONE""], [""NONE""], [""NONE""], [""NONE""], [""NONE""], [""NONE""], [""NONE""], [""NONE""], [""NONE""], [""NONE""], [""NONE""], [""NONE""], [""NONE""], [""NONE""], [""NONE""], [""NONE""], [""NONE""], [""NONE""], [""NONE""], [""NONE""], [""NONE""], [""NONE""], [""NONE""], [""NONE""], [""NONE""], [""NONE""], [""NONE""], [""NONE""], [""NONE""], [""NONE""], [""NONE""], [""NONE""], [""NONE""], [""NONE""], [""NONE""], [""NONE""]]",0
9702690,"[[23, 43]]",adrenoleukodystrophy,adrenoleukodystrophy,['MESH:D000326'],9702690.1,"23,43","[[""MESH:D000326""], [""OMIM:300100""], [""MESH:D052919""], [""OMIM:601539""], [""MESH:D018901""], [""NONE""], [""NONE""], [""NONE""], [""NONE""], [""NONE""], [""NONE""], [""NONE""], [""NONE""], [""NONE""], [""NONE""], [""NONE""], [""NONE""], [""NONE""], [""NONE""], [""NONE""], [""NONE""], [""NONE""], [""NONE""], [""NONE""], [""NONE""], [""NONE""], [""NONE""], [""NONE""], [""NONE""], [""NONE""], [""NONE""], [""NONE""], [""NONE""], [""NONE""], [""NONE""], [""NONE""], [""NONE""], [""NONE""], [""NONE""]]",0
9702690,"[[163, 183]]",adrenoleukodystrophy,adrenoleukodystrophy,['MESH:D000326'],9702690.2,"163,183","[[""MESH:D000326""], [""OMIM:300100""], [""MESH:D052919""], [""OMIM:601539""], [""MESH:D018901""], [""NONE""], [""NONE""], [""NONE""], [""NONE""], [""NONE""], [""NONE""], [""NONE""], [""NONE""], [""NONE""], [""NONE""], [""NONE""], [""NONE""], [""NONE""], [""NONE""], [""NONE""], [""NONE""], [""NONE""], [""NONE""], [""NONE""], [""NONE""], [""NONE""], [""NONE""], [""NONE""], [""NONE""], [""NONE""], [""NONE""], [""NONE""], [""NONE""], [""NONE""], [""NONE""], [""NONE""], [""NONE""], [""NONE""], [""NONE""]]",0
9702690,"[[185, 188]]",ALD,adrenoleukodystrophy,['MESH:D000326'],9702690.3,"185,188","[[""MESH:D000326""], [""OMIM:300100""], [""MESH:D052919""], [""OMIM:601539""], [""MESH:D018901""], [""NONE""], [""NONE""], [""NONE""], [""NONE""], [""NONE""], [""NONE""], [""NONE""], [""NONE""], [""NONE""], [""NONE""], [""NONE""], [""NONE""], [""NONE""], [""NONE""], [""NONE""], [""NONE""], [""NONE""], [""NONE""], [""NONE""], [""NONE""], [""NONE""], [""NONE""], [""NONE""], [""NONE""], [""NONE""], [""NONE""], [""NONE""], [""NONE""], [""NONE""], [""NONE""], [""NONE""], [""NONE""], [""NONE""], [""NONE""]]",0
9702690,"[[242, 245]]",ALD,adrenoleukodystrophy,['MESH:D000326'],9702690.4,"242,245","[[""MESH:D000326""], [""OMIM:300100""], [""MESH:D052919""], [""OMIM:601539""], [""MESH:D018901""], [""NONE""], [""NONE""], [""NONE""], [""NONE""], [""NONE""], [""NONE""], [""NONE""], [""NONE""], [""NONE""], [""NONE""], [""NONE""], [""NONE""], [""NONE""], [""NONE""], [""NONE""], [""NONE""], [""NONE""], [""NONE""], [""NONE""], [""NONE""], [""NONE""], [""NONE""], [""NONE""], [""NONE""], [""NONE""], [""NONE""], [""NONE""], [""NONE""], [""NONE""], [""NONE""], [""NONE""], [""NONE""], [""NONE""], [""NONE""]]",0
9702690,"[[511, 514]]",ALD,adrenoleukodystrophy,['MESH:D000326'],9702690.5,"511,514","[[""MESH:D000326""], [""OMIM:300100""], [""MESH:D052919""], [""OMIM:601539""], [""MESH:D018901""], [""NONE""], [""NONE""], [""NONE""], [""NONE""], [""NONE""], [""NONE""], [""NONE""], [""NONE""], [""NONE""], [""NONE""], [""NONE""], [""NONE""], [""NONE""], [""NONE""], [""NONE""], [""NONE""], [""NONE""], [""NONE""], [""NONE""], [""NONE""], [""NONE""], [""NONE""], [""NONE""], [""NONE""], [""NONE""], [""NONE""], [""NONE""], [""NONE""], [""NONE""], [""NONE""], [""NONE""], [""NONE""], [""NONE""], [""NONE""]]",0
9702690,"[[703, 721]]",Alzheimers disease,Alzheimers disease,['MESH:D000544'],9702690.6,"703,721","[[""MESH:D000544""], [""OMIM:104300""], [""MESH:C536594""], [""NONE""], [""NONE""], [""NONE""], [""NONE""], [""NONE""], [""NONE""], [""NONE""], [""NONE""], [""NONE""], [""NONE""], [""NONE""], [""NONE""], [""NONE""], [""NONE""], [""NONE""], [""NONE""], [""NONE""], [""NONE""], [""NONE""], [""NONE""], [""NONE""], [""NONE""], [""NONE""], [""NONE""], [""NONE""], [""NONE""], [""NONE""], [""NONE""], [""NONE""], [""NONE""], [""NONE""], [""NONE""], [""NONE""], [""NONE""], [""NONE""], [""NONE""]]",0
9702690,"[[723, 725]]",AD,Alzheimers disease,['MESH:D000544'],9702690.7,"723,725","[[""MESH:D000544""], [""OMIM:104300""], [""MESH:C536594""], [""NONE""], [""NONE""], [""NONE""], [""NONE""], [""NONE""], [""NONE""], [""NONE""], [""NONE""], [""NONE""], [""NONE""], [""NONE""], [""NONE""], [""NONE""], [""NONE""], [""NONE""], [""NONE""], [""NONE""], [""NONE""], [""NONE""], [""NONE""], [""NONE""], [""NONE""], [""NONE""], [""NONE""], [""NONE""], [""NONE""], [""NONE""], [""NONE""], [""NONE""], [""NONE""], [""NONE""], [""NONE""], [""NONE""], [""NONE""], [""NONE""], [""NONE""]]",0
9702690,"[[1194, 1197]]",ALD,adrenoleukodystrophy,['MESH:D000326'],9702690.10,"1194,1197","[[""MESH:D000326""], [""OMIM:300100""], [""MESH:D052919""], [""OMIM:601539""], [""MESH:D018901""], [""NONE""], [""NONE""], [""NONE""], [""NONE""], [""NONE""], [""NONE""], [""NONE""], [""NONE""], [""NONE""], [""NONE""], [""NONE""], [""NONE""], [""NONE""], [""NONE""], [""NONE""], [""NONE""], [""NONE""], [""NONE""], [""NONE""], [""NONE""], [""NONE""], [""NONE""], [""NONE""], [""NONE""], [""NONE""], [""NONE""], [""NONE""], [""NONE""], [""NONE""], [""NONE""], [""NONE""], [""NONE""], [""NONE""], [""NONE""]]",0
9702690,"[[1407, 1410]]",ALD,adrenoleukodystrophy,['MESH:D000326'],9702690.11,"1407,1410","[[""MESH:D000326""], [""OMIM:300100""], [""MESH:D052919""], [""OMIM:601539""], [""MESH:D018901""], [""NONE""], [""NONE""], [""NONE""], [""NONE""], [""NONE""], [""NONE""], [""NONE""], [""NONE""], [""NONE""], [""NONE""], [""NONE""], [""NONE""], [""NONE""], [""NONE""], [""NONE""], [""NONE""], [""NONE""], [""NONE""], [""NONE""], [""NONE""], [""NONE""], [""NONE""], [""NONE""], [""NONE""], [""NONE""], [""NONE""], [""NONE""], [""NONE""], [""NONE""], [""NONE""], [""NONE""], [""NONE""], [""NONE""], [""NONE""]]",0
9702690,"[[1678, 1699]]",neuronal degeneration,neuronal degeneration,['MESH:D009410'],9702690.13,"1678,1699","[[""MESH:D009410""], [""MESH:D014855""], [""NONE""], [""NONE""], [""NONE""], [""NONE""], [""NONE""], [""NONE""], [""NONE""], [""NONE""], [""NONE""], [""NONE""], [""NONE""], [""NONE""], [""NONE""], [""NONE""], [""NONE""], [""NONE""], [""NONE""], [""NONE""], [""NONE""], [""NONE""], [""NONE""], [""NONE""], [""NONE""], [""NONE""], [""NONE""], [""NONE""], [""NONE""], [""NONE""], [""NONE""], [""NONE""], [""NONE""], [""NONE""], [""NONE""], [""NONE""], [""NONE""], [""NONE""], [""NONE""]]",0
9702690,"[[1703, 1706]]",ALD,adrenoleukodystrophy,['MESH:D000326'],9702690.14,"1703,1706","[[""MESH:D000326""], [""OMIM:300100""], [""MESH:D052919""], [""OMIM:601539""], [""MESH:D018901""], [""NONE""], [""NONE""], [""NONE""], [""NONE""], [""NONE""], [""NONE""], [""NONE""], [""NONE""], [""NONE""], [""NONE""], [""NONE""], [""NONE""], [""NONE""], [""NONE""], [""NONE""], [""NONE""], [""NONE""], [""NONE""], [""NONE""], [""NONE""], [""NONE""], [""NONE""], [""NONE""], [""NONE""], [""NONE""], [""NONE""], [""NONE""], [""NONE""], [""NONE""], [""NONE""], [""NONE""], [""NONE""], [""NONE""], [""NONE""]]",0
9703418,"[[87, 111]]",complement C9 deficiency,complement C9 deficiency,['OMIM:613825'],9703418.1,"87,111","[[""MESH:C565165""], [""OMIM:613825""], [""OMIM:613790""], [""MESH:C565166""], [""OMIM:613789""], [""NONE""], [""NONE""], [""NONE""], [""NONE""], [""NONE""], [""NONE""], [""NONE""], [""NONE""], [""NONE""], [""NONE""], [""NONE""], [""NONE""], [""NONE""], [""NONE""], [""NONE""], [""NONE""], [""NONE""], [""NONE""], [""NONE""], [""NONE""], [""NONE""], [""NONE""], [""NONE""], [""NONE""], [""NONE""], [""NONE""], [""NONE""], [""NONE""], [""NONE""], [""NONE""], [""NONE""], [""NONE""], [""NONE""], [""NONE""]]",1
9703418,"[[113, 166]]",Deficiency of the ninth component of human complement,Deficiency of the ninth component of human complement,['OMIM:613825'],9703418.2,"113,166","[[""MESH:C565165""], [""OMIM:613825""], [""OMIM:615573""], [""MESH:C567355""], [""OMIM:612300""], [""MESH:C565169""], [""OMIM:613779""], [""MESH:C572568""], [""OMIM:610984""], [""OMIM:613790""], [""MESH:C565166""], [""NONE""], [""NONE""], [""NONE""], [""NONE""], [""NONE""], [""NONE""], [""NONE""], [""NONE""], [""NONE""], [""NONE""], [""NONE""], [""NONE""], [""NONE""], [""NONE""], [""NONE""], [""NONE""], [""NONE""], [""NONE""], [""NONE""], [""NONE""], [""NONE""], [""NONE""], [""NONE""], [""NONE""], [""NONE""], [""NONE""], [""NONE""], [""NONE""]]",1
9703418,"[[191, 212]]",complement deficiency,complement deficiency,['MESH:D007153'],9703418.3,"191,212","[[""MESH:D000081208""], [""MESH:C537005""], [""OMIM:609536""], [""MESH:D003677""], [""MESH:C572568""], [""OMIM:610984""], [""MESH:D007153""], [""NONE""], [""NONE""], [""NONE""], [""NONE""], [""NONE""], [""NONE""], [""NONE""], [""NONE""], [""NONE""], [""NONE""], [""NONE""], [""NONE""], [""NONE""], [""NONE""], [""NONE""], [""NONE""], [""NONE""], [""NONE""], [""NONE""], [""NONE""], [""NONE""], [""NONE""], [""NONE""], [""NONE""], [""NONE""], [""NONE""], [""NONE""], [""NONE""], [""NONE""], [""NONE""], [""NONE""], [""NONE""]]",6
9703418,"[[288, 301]]",C9 deficiency,C9 deficiency,['OMIM:613825'],9703418.4,"288,301","[[""MESH:C565165""], [""OMIM:613825""], [""MESH:C565166""], [""OMIM:613790""], [""OMIM:613789""], [""NONE""], [""NONE""], [""NONE""], [""NONE""], [""NONE""], [""NONE""], [""NONE""], [""NONE""], [""NONE""], [""NONE""], [""NONE""], [""NONE""], [""NONE""], [""NONE""], [""NONE""], [""NONE""], [""NONE""], [""NONE""], [""NONE""], [""NONE""], [""NONE""], [""NONE""], [""NONE""], [""NONE""], [""NONE""], [""NONE""], [""NONE""], [""NONE""], [""NONE""], [""NONE""], [""NONE""], [""NONE""], [""NONE""], [""NONE""]]",1
9703418,"[[319, 331]]",C9-deficient,C9-deficient,['OMIM:613825'],9703418.5,"319,331","[[""MESH:C565165""], [""OMIM:613825""], [""MESH:C565166""], [""OMIM:613790""], [""OMIM:613789""], [""NONE""], [""NONE""], [""NONE""], [""NONE""], [""NONE""], [""NONE""], [""NONE""], [""NONE""], [""NONE""], [""NONE""], [""NONE""], [""NONE""], [""NONE""], [""NONE""], [""NONE""], [""NONE""], [""NONE""], [""NONE""], [""NONE""], [""NONE""], [""NONE""], [""NONE""], [""NONE""], [""NONE""], [""NONE""], [""NONE""], [""NONE""], [""NONE""], [""NONE""], [""NONE""], [""NONE""], [""NONE""], [""NONE""], [""NONE""]]",1
9703418,"[[363, 387]]",meningococcal meningitis,meningococcal meningitis,['MESH:D008585'],9703418.6,"363,387","[[""MESH:D008585""], [""MESH:D008589""], [""NONE""], [""NONE""], [""NONE""], [""NONE""], [""NONE""], [""NONE""], [""NONE""], [""NONE""], [""NONE""], [""NONE""], [""NONE""], [""NONE""], [""NONE""], [""NONE""], [""NONE""], [""NONE""], [""NONE""], [""NONE""], [""NONE""], [""NONE""], [""NONE""], [""NONE""], [""NONE""], [""NONE""], [""NONE""], [""NONE""], [""NONE""], [""NONE""], [""NONE""], [""NONE""], [""NONE""], [""NONE""], [""NONE""], [""NONE""], [""NONE""], [""NONE""], [""NONE""]]",0
9703418,"[[517, 529]]",C9-deficient,C9-deficient,['OMIM:613825'],9703418.7,"517,529","[[""MESH:C565165""], [""OMIM:613825""], [""MESH:C565166""], [""OMIM:613790""], [""OMIM:613789""], [""NONE""], [""NONE""], [""NONE""], [""NONE""], [""NONE""], [""NONE""], [""NONE""], [""NONE""], [""NONE""], [""NONE""], [""NONE""], [""NONE""], [""NONE""], [""NONE""], [""NONE""], [""NONE""], [""NONE""], [""NONE""], [""NONE""], [""NONE""], [""NONE""], [""NONE""], [""NONE""], [""NONE""], [""NONE""], [""NONE""], [""NONE""], [""NONE""], [""NONE""], [""NONE""], [""NONE""], [""NONE""], [""NONE""], [""NONE""]]",1
9703418,"[[882, 895]]",C9 deficiency,C9 deficiency,['OMIM:613825'],9703418.8,"882,895","[[""MESH:C565165""], [""OMIM:613825""], [""MESH:C565166""], [""OMIM:613790""], [""OMIM:613789""], [""NONE""], [""NONE""], [""NONE""], [""NONE""], [""NONE""], [""NONE""], [""NONE""], [""NONE""], [""NONE""], [""NONE""], [""NONE""], [""NONE""], [""NONE""], [""NONE""], [""NONE""], [""NONE""], [""NONE""], [""NONE""], [""NONE""], [""NONE""], [""NONE""], [""NONE""], [""NONE""], [""NONE""], [""NONE""], [""NONE""], [""NONE""], [""NONE""], [""NONE""], [""NONE""], [""NONE""], [""NONE""], [""NONE""], [""NONE""]]",1
9703501,"[[77, 102]]",breast and ovarian cancer,breast and ovarian cancer,['MESH:D061325'],9703501.1,"77,102","[[""MESH:D061325""], [""MESH:D001943""], [""OMIM:114480""], [""OMIM:604370""], [""OMIM:613399""], [""OMIM:612555""], [""MESH:C562840""], [""MESH:D010051""], [""OMIM:167000""], [""OMIM:607893""], [""NONE""], [""NONE""], [""NONE""], [""NONE""], [""NONE""], [""NONE""], [""NONE""], [""NONE""], [""NONE""], [""NONE""], [""NONE""], [""NONE""], [""NONE""], [""NONE""], [""NONE""], [""NONE""], [""NONE""], [""NONE""], [""NONE""], [""NONE""], [""NONE""], [""NONE""], [""NONE""], [""NONE""], [""NONE""], [""NONE""], [""NONE""], [""NONE""], [""NONE""]]",0
9703501,"[[463, 481]]",deficient in BRCA1,deficient in BRCA1,['OMIM:604370'],9703501.2,"463,481","[[""OMIM:604370""], [""MESH:C562840""], [""MESH:C566178""], [""MESH:C565336""], [""OMIM:613399""], [""OMIM:612555""], [""MESH:D061325""], [""MESH:C536192""], [""OMIM:229200""], [""NONE""], [""NONE""], [""NONE""], [""NONE""], [""NONE""], [""NONE""], [""NONE""], [""NONE""], [""NONE""], [""NONE""], [""NONE""], [""NONE""], [""NONE""], [""NONE""], [""NONE""], [""NONE""], [""NONE""], [""NONE""], [""NONE""], [""NONE""], [""NONE""], [""NONE""], [""NONE""], [""NONE""], [""NONE""], [""NONE""], [""NONE""], [""NONE""], [""NONE""], [""NONE""]]",0
9705283,"[[425, 433]]",aniridia,aniridia,['MESH:D015783'],9705283.1,"425,433","[[""MESH:D015783""], [""OMIM:106210""], [""OMIM:617141""], [""OMIM:617142""], [""MESH:C536372""], [""MESH:C566280""], [""NONE""], [""NONE""], [""NONE""], [""NONE""], [""NONE""], [""NONE""], [""NONE""], [""NONE""], [""NONE""], [""NONE""], [""NONE""], [""NONE""], [""NONE""], [""NONE""], [""NONE""], [""NONE""], [""NONE""], [""NONE""], [""NONE""], [""NONE""], [""NONE""], [""NONE""], [""NONE""], [""NONE""], [""NONE""], [""NONE""], [""NONE""], [""NONE""], [""NONE""], [""NONE""], [""NONE""], [""NONE""], [""NONE""]]",0
9705283,"[[435, 449]]",Peters anomaly,Peters anomaly,['MESH:C537884'],9705283.2,"435,449","[[""MESH:C537884""], [""OMIM:604229""], [""MESH:C537617""], [""OMIM:261540""], [""MESH:C537885""], [""MESH:C537775""], [""OMIM:107250""], [""OMIM:269400""], [""OMIM:617315""], [""OMIM:617319""], [""NONE""], [""NONE""], [""NONE""], [""NONE""], [""NONE""], [""NONE""], [""NONE""], [""NONE""], [""NONE""], [""NONE""], [""NONE""], [""NONE""], [""NONE""], [""NONE""], [""NONE""], [""NONE""], [""NONE""], [""NONE""], [""NONE""], [""NONE""], [""NONE""], [""NONE""], [""NONE""], [""NONE""], [""NONE""], [""NONE""], [""NONE""], [""NONE""], [""NONE""]]",0
9705283,"[[451, 479]]",autosomal dominant keratitis,autosomal dominant keratitis,['MESH:C537022'],9705283.3,"451,479","[[""MESH:C537022""], [""OMIM:148190""], [""MESH:C563650""], [""MESH:C563649""], [""OMIM:148300""], [""MESH:C531719""], [""MESH:D015823""], [""MESH:D003320""], [""MESH:D007635""], [""MESH:C563827""], [""OMIM:608932""], [""MESH:C536156""], [""NONE""], [""NONE""], [""NONE""], [""NONE""], [""NONE""], [""NONE""], [""NONE""], [""NONE""], [""NONE""], [""NONE""], [""NONE""], [""NONE""], [""NONE""], [""NONE""], [""NONE""], [""NONE""], [""NONE""], [""NONE""], [""NONE""], [""NONE""], [""NONE""], [""NONE""], [""NONE""], [""NONE""], [""NONE""], [""NONE""], [""NONE""]]",0
9705283,"[[485, 510]]",familial foveal dysplasia,familial foveal dysplasia,['OMIM:136520'],9705283.4,"485,510","[[""MESH:C537858""], [""OMIM:136520""], [""MESH:C563774""], [""OMIM:609218""], [""MESH:C537835""], [""OMIM:136550""], [""MESH:C565005""], [""MESH:C565006""], [""MESH:C538369""], [""NONE""], [""NONE""], [""NONE""], [""NONE""], [""NONE""], [""NONE""], [""NONE""], [""NONE""], [""NONE""], [""NONE""], [""NONE""], [""NONE""], [""NONE""], [""NONE""], [""NONE""], [""NONE""], [""NONE""], [""NONE""], [""NONE""], [""NONE""], [""NONE""], [""NONE""], [""NONE""], [""NONE""], [""NONE""], [""NONE""], [""NONE""], [""NONE""], [""NONE""], [""NONE""]]",1
9705283,"[[592, 600]]",aniridia,aniridia,['MESH:D015783'],9705283.5,"592,600","[[""MESH:D015783""], [""OMIM:106210""], [""OMIM:617141""], [""OMIM:617142""], [""MESH:C536372""], [""MESH:C566280""], [""NONE""], [""NONE""], [""NONE""], [""NONE""], [""NONE""], [""NONE""], [""NONE""], [""NONE""], [""NONE""], [""NONE""], [""NONE""], [""NONE""], [""NONE""], [""NONE""], [""NONE""], [""NONE""], [""NONE""], [""NONE""], [""NONE""], [""NONE""], [""NONE""], [""NONE""], [""NONE""], [""NONE""], [""NONE""], [""NONE""], [""NONE""], [""NONE""], [""NONE""], [""NONE""], [""NONE""], [""NONE""], [""NONE""]]",0
9705283,"[[757, 765]]",Aniridia,Aniridia,['MESH:D015783'],9705283.6,"757,765","[[""MESH:D015783""], [""OMIM:106210""], [""OMIM:617141""], [""OMIM:617142""], [""MESH:C536372""], [""MESH:C566280""], [""NONE""], [""NONE""], [""NONE""], [""NONE""], [""NONE""], [""NONE""], [""NONE""], [""NONE""], [""NONE""], [""NONE""], [""NONE""], [""NONE""], [""NONE""], [""NONE""], [""NONE""], [""NONE""], [""NONE""], [""NONE""], [""NONE""], [""NONE""], [""NONE""], [""NONE""], [""NONE""], [""NONE""], [""NONE""], [""NONE""], [""NONE""], [""NONE""], [""NONE""], [""NONE""], [""NONE""], [""NONE""], [""NONE""]]",0
9705283,"[[1524, 1532]]",aniridia,aniridia,['MESH:D015783'],9705283.7,"1524,1532","[[""MESH:D015783""], [""OMIM:106210""], [""OMIM:617141""], [""OMIM:617142""], [""MESH:C536372""], [""MESH:C566280""], [""NONE""], [""NONE""], [""NONE""], [""NONE""], [""NONE""], [""NONE""], [""NONE""], [""NONE""], [""NONE""], [""NONE""], [""NONE""], [""NONE""], [""NONE""], [""NONE""], [""NONE""], [""NONE""], [""NONE""], [""NONE""], [""NONE""], [""NONE""], [""NONE""], [""NONE""], [""NONE""], [""NONE""], [""NONE""], [""NONE""], [""NONE""], [""NONE""], [""NONE""], [""NONE""], [""NONE""], [""NONE""], [""NONE""]]",0
9709714,"[[19, 46]]",hypertrophic cardiomyopathy,hypertrophic cardiomyopathy,['MESH:D002312'],9709714.1,"19,46","[[""MESH:D002312""], [""MESH:D024741""], [""NONE""], [""NONE""], [""NONE""], [""NONE""], [""NONE""], [""NONE""], [""NONE""], [""NONE""], [""NONE""], [""NONE""], [""NONE""], [""NONE""], [""NONE""], [""NONE""], [""NONE""], [""NONE""], [""NONE""], [""NONE""], [""NONE""], [""NONE""], [""NONE""], [""NONE""], [""NONE""], [""NONE""], [""NONE""], [""NONE""], [""NONE""], [""NONE""], [""NONE""], [""NONE""], [""NONE""], [""NONE""], [""NONE""], [""NONE""], [""NONE""], [""NONE""], [""NONE""]]",0
9709714,"[[89, 145]]",very-long-chain acyl-coenzyme A dehydrogenase deficiency,very-long-chain acyl-coenzyme A dehydrogenase deficiency,['MESH:C536353'],9709714.2,"89,145","[[""MESH:C536353""], [""OMIM:201475""], [""NONE""], [""NONE""], [""NONE""], [""NONE""], [""NONE""], [""NONE""], [""NONE""], [""NONE""], [""NONE""], [""NONE""], [""NONE""], [""NONE""], [""NONE""], [""NONE""], [""NONE""], [""NONE""], [""NONE""], [""NONE""], [""NONE""], [""NONE""], [""NONE""], [""NONE""], [""NONE""], [""NONE""], [""NONE""], [""NONE""], [""NONE""], [""NONE""], [""NONE""], [""NONE""], [""NONE""], [""NONE""], [""NONE""], [""NONE""], [""NONE""], [""NONE""], [""NONE""]]",0
9709714,"[[147, 211]]",Very-long-chain acyl-coenzyme A dehydrogenase (VLCAD) deficiency,Very-long-chain acyl-coenzyme A dehydrogenase (VLCAD) deficiency,['MESH:C536353'],9709714.3,"147,211","[[""MESH:C536353""], [""OMIM:201475""], [""NONE""], [""NONE""], [""NONE""], [""NONE""], [""NONE""], [""NONE""], [""NONE""], [""NONE""], [""NONE""], [""NONE""], [""NONE""], [""NONE""], [""NONE""], [""NONE""], [""NONE""], [""NONE""], [""NONE""], [""NONE""], [""NONE""], [""NONE""], [""NONE""], [""NONE""], [""NONE""], [""NONE""], [""NONE""], [""NONE""], [""NONE""], [""NONE""], [""NONE""], [""NONE""], [""NONE""], [""NONE""], [""NONE""], [""NONE""], [""NONE""], [""NONE""], [""NONE""]]",0
9709714,"[[364, 380]]",VLCAD deficiency,VLCAD deficiency,['MESH:C536353'],9709714.4,"364,380","[[""MESH:C536353""], [""OMIM:201475""], [""NONE""], [""NONE""], [""NONE""], [""NONE""], [""NONE""], [""NONE""], [""NONE""], [""NONE""], [""NONE""], [""NONE""], [""NONE""], [""NONE""], [""NONE""], [""NONE""], [""NONE""], [""NONE""], [""NONE""], [""NONE""], [""NONE""], [""NONE""], [""NONE""], [""NONE""], [""NONE""], [""NONE""], [""NONE""], [""NONE""], [""NONE""], [""NONE""], [""NONE""], [""NONE""], [""NONE""], [""NONE""], [""NONE""], [""NONE""], [""NONE""], [""NONE""], [""NONE""]]",0
9709714,"[[431, 458]]",hypertrophic cardiomyopathy,hypertrophic cardiomyopathy,['MESH:D002312'],9709714.5,"431,458","[[""MESH:D002312""], [""MESH:D024741""], [""NONE""], [""NONE""], [""NONE""], [""NONE""], [""NONE""], [""NONE""], [""NONE""], [""NONE""], [""NONE""], [""NONE""], [""NONE""], [""NONE""], [""NONE""], [""NONE""], [""NONE""], [""NONE""], [""NONE""], [""NONE""], [""NONE""], [""NONE""], [""NONE""], [""NONE""], [""NONE""], [""NONE""], [""NONE""], [""NONE""], [""NONE""], [""NONE""], [""NONE""], [""NONE""], [""NONE""], [""NONE""], [""NONE""], [""NONE""], [""NONE""], [""NONE""], [""NONE""]]",0
9709714,"[[460, 472]]",hepatomegaly,hepatomegaly,['MESH:D006529'],9709714.6,"460,472","[[""MESH:D006529""], [""MESH:D013163""], [""MESH:D006332""], [""MESH:D010382""], [""NONE""], [""NONE""], [""NONE""], [""NONE""], [""NONE""], [""NONE""], [""NONE""], [""NONE""], [""NONE""], [""NONE""], [""NONE""], [""NONE""], [""NONE""], [""NONE""], [""NONE""], [""NONE""], [""NONE""], [""NONE""], [""NONE""], [""NONE""], [""NONE""], [""NONE""], [""NONE""], [""NONE""], [""NONE""], [""NONE""], [""NONE""], [""NONE""], [""NONE""], [""NONE""], [""NONE""], [""NONE""], [""NONE""], [""NONE""], [""NONE""]]",0
9709714,"[[474, 488]]",encephalopathy,encephalopathy,['MESH:D001927'],9709714.7,"474,488","[[""MESH:D001927""], [""MESH:D004660""], [""MESH:D001928""], [""NONE""], [""NONE""], [""NONE""], [""NONE""], [""NONE""], [""NONE""], [""NONE""], [""NONE""], [""NONE""], [""NONE""], [""NONE""], [""NONE""], [""NONE""], [""NONE""], [""NONE""], [""NONE""], [""NONE""], [""NONE""], [""NONE""], [""NONE""], [""NONE""], [""NONE""], [""NONE""], [""NONE""], [""NONE""], [""NONE""], [""NONE""], [""NONE""], [""NONE""], [""NONE""], [""NONE""], [""NONE""], [""NONE""], [""NONE""], [""NONE""], [""NONE""]]",0
9709714,"[[494, 503]]",hypotonia,hypotonia,['MESH:D009123'],9709714.8,"494,503","[[""MESH:D009123""], [""NONE""], [""NONE""], [""NONE""], [""NONE""], [""NONE""], [""NONE""], [""NONE""], [""NONE""], [""NONE""], [""NONE""], [""NONE""], [""NONE""], [""NONE""], [""NONE""], [""NONE""], [""NONE""], [""NONE""], [""NONE""], [""NONE""], [""NONE""], [""NONE""], [""NONE""], [""NONE""], [""NONE""], [""NONE""], [""NONE""], [""NONE""], [""NONE""], [""NONE""], [""NONE""], [""NONE""], [""NONE""], [""NONE""], [""NONE""], [""NONE""], [""NONE""], [""NONE""], [""NONE""]]",0
9709714,"[[535, 551]]",VLCAD deficiency,VLCAD deficiency,['MESH:C536353'],9709714.9,"535,551","[[""MESH:C536353""], [""OMIM:201475""], [""NONE""], [""NONE""], [""NONE""], [""NONE""], [""NONE""], [""NONE""], [""NONE""], [""NONE""], [""NONE""], [""NONE""], [""NONE""], [""NONE""], [""NONE""], [""NONE""], [""NONE""], [""NONE""], [""NONE""], [""NONE""], [""NONE""], [""NONE""], [""NONE""], [""NONE""], [""NONE""], [""NONE""], [""NONE""], [""NONE""], [""NONE""], [""NONE""], [""NONE""], [""NONE""], [""NONE""], [""NONE""], [""NONE""], [""NONE""], [""NONE""], [""NONE""], [""NONE""]]",0
9709714,"[[1061, 1077]]",VLCAD deficiency,VLCAD deficiency,['MESH:C536353'],9709714.10,"1061,1077","[[""MESH:C536353""], [""OMIM:201475""], [""NONE""], [""NONE""], [""NONE""], [""NONE""], [""NONE""], [""NONE""], [""NONE""], [""NONE""], [""NONE""], [""NONE""], [""NONE""], [""NONE""], [""NONE""], [""NONE""], [""NONE""], [""NONE""], [""NONE""], [""NONE""], [""NONE""], [""NONE""], [""NONE""], [""NONE""], [""NONE""], [""NONE""], [""NONE""], [""NONE""], [""NONE""], [""NONE""], [""NONE""], [""NONE""], [""NONE""], [""NONE""], [""NONE""], [""NONE""], [""NONE""], [""NONE""], [""NONE""]]",0
9709714,"[[1149, 1163]]",cardiomyopathy,cardiomyopathy,['MESH:D009202'],9709714.11,"1149,1163","[[""MESH:D009202""], [""MESH:D006331""], [""NONE""], [""NONE""], [""NONE""], [""NONE""], [""NONE""], [""NONE""], [""NONE""], [""NONE""], [""NONE""], [""NONE""], [""NONE""], [""NONE""], [""NONE""], [""NONE""], [""NONE""], [""NONE""], [""NONE""], [""NONE""], [""NONE""], [""NONE""], [""NONE""], [""NONE""], [""NONE""], [""NONE""], [""NONE""], [""NONE""], [""NONE""], [""NONE""], [""NONE""], [""NONE""], [""NONE""], [""NONE""], [""NONE""], [""NONE""], [""NONE""], [""NONE""], [""NONE""]]",0
9714764,"[[171, 206]]",insulin-dependent diabetes mellitus,insulin-dependent diabetes mellitus,['MESH:D003922'],9714764.1,"171,206","[[""MESH:D003922""], [""OMIM:222100""], [""OMIM:612227""], [""MESH:D003924""], [""OMIM:125853""], [""NONE""], [""NONE""], [""NONE""], [""NONE""], [""NONE""], [""NONE""], [""NONE""], [""NONE""], [""NONE""], [""NONE""], [""NONE""], [""NONE""], [""NONE""], [""NONE""], [""NONE""], [""NONE""], [""NONE""], [""NONE""], [""NONE""], [""NONE""], [""NONE""], [""NONE""], [""NONE""], [""NONE""], [""NONE""], [""NONE""], [""NONE""], [""NONE""], [""NONE""], [""NONE""], [""NONE""], [""NONE""], [""NONE""], [""NONE""]]",0
9714764,"[[208, 212]]",IDDM,insulin-dependent diabetes mellitus,['MESH:D003922'],9714764.2,"208,212","[[""MESH:D003922""], [""OMIM:222100""], [""OMIM:612227""], [""MESH:D003924""], [""OMIM:125853""], [""NONE""], [""NONE""], [""NONE""], [""NONE""], [""NONE""], [""NONE""], [""NONE""], [""NONE""], [""NONE""], [""NONE""], [""NONE""], [""NONE""], [""NONE""], [""NONE""], [""NONE""], [""NONE""], [""NONE""], [""NONE""], [""NONE""], [""NONE""], [""NONE""], [""NONE""], [""NONE""], [""NONE""], [""NONE""], [""NONE""], [""NONE""], [""NONE""], [""NONE""], [""NONE""], [""NONE""], [""NONE""], [""NONE""], [""NONE""]]",0
9714764,"[[340, 348]]",diabetes,diabetes,['MESH:D003920'],9714764.3,"340,348","[[""MESH:D003920""], [""MESH:D003924""], [""OMIM:125853""], [""MESH:D003922""], [""OMIM:222100""], [""OMIM:612227""], [""NONE""], [""NONE""], [""NONE""], [""NONE""], [""NONE""], [""NONE""], [""NONE""], [""NONE""], [""NONE""], [""NONE""], [""NONE""], [""NONE""], [""NONE""], [""NONE""], [""NONE""], [""NONE""], [""NONE""], [""NONE""], [""NONE""], [""NONE""], [""NONE""], [""NONE""], [""NONE""], [""NONE""], [""NONE""], [""NONE""], [""NONE""], [""NONE""], [""NONE""], [""NONE""], [""NONE""], [""NONE""], [""NONE""]]",0
9724771,"[[4, 7]]",APC,APC,['MESH:D011125'],9724771.1,"4,7","[[""MESH:D011125""], [""OMIM:175100""], [""OMIM:616415""], [""OMIM:617100""], [""MESH:C535506""], [""OMIM:108500""], [""NONE""], [""NONE""], [""NONE""], [""NONE""], [""NONE""], [""NONE""], [""NONE""], [""NONE""], [""NONE""], [""NONE""], [""NONE""], [""NONE""], [""NONE""], [""NONE""], [""NONE""], [""NONE""], [""NONE""], [""NONE""], [""NONE""], [""NONE""], [""NONE""], [""NONE""], [""NONE""], [""NONE""], [""NONE""], [""NONE""], [""NONE""], [""NONE""], [""NONE""], [""NONE""], [""NONE""], [""NONE""], [""NONE""]]",0
9724771,"[[55, 72]]",colorectal tumors,colorectal tumors,['MESH:D015179'],9724771.2,"55,72","[[""MESH:D015179""], [""OMIM:114500""], [""OMIM:608812""], [""OMIM:611469""], [""OMIM:612229""], [""OMIM:612230""], [""OMIM:612231""], [""OMIM:612232""], [""OMIM:612589""], [""OMIM:612590""], [""OMIM:612591""], [""OMIM:612592""], [""OMIM:615083""], [""NONE""], [""NONE""], [""NONE""], [""NONE""], [""NONE""], [""NONE""], [""NONE""], [""NONE""], [""NONE""], [""NONE""], [""NONE""], [""NONE""], [""NONE""], [""NONE""], [""NONE""], [""NONE""], [""NONE""], [""NONE""], [""NONE""], [""NONE""], [""NONE""], [""NONE""], [""NONE""], [""NONE""], [""NONE""], [""NONE""]]",0
9724771,"[[122, 152]]",familial adenomatous polyposis,familial adenomatous polyposis,['MESH:D011125'],9724771.3,"122,152","[[""MESH:D011125""], [""OMIM:175100""], [""OMIM:616415""], [""OMIM:617100""], [""NONE""], [""NONE""], [""NONE""], [""NONE""], [""NONE""], [""NONE""], [""NONE""], [""NONE""], [""NONE""], [""NONE""], [""NONE""], [""NONE""], [""NONE""], [""NONE""], [""NONE""], [""NONE""], [""NONE""], [""NONE""], [""NONE""], [""NONE""], [""NONE""], [""NONE""], [""NONE""], [""NONE""], [""NONE""], [""NONE""], [""NONE""], [""NONE""], [""NONE""], [""NONE""], [""NONE""], [""NONE""], [""NONE""], [""NONE""], [""NONE""]]",0
9724771,"[[154, 157]]",FAP,familial adenomatous polyposis,['MESH:D011125'],9724771.4,"154,157","[[""MESH:D011125""], [""OMIM:175100""], [""OMIM:616415""], [""OMIM:617100""], [""NONE""], [""NONE""], [""NONE""], [""NONE""], [""NONE""], [""NONE""], [""NONE""], [""NONE""], [""NONE""], [""NONE""], [""NONE""], [""NONE""], [""NONE""], [""NONE""], [""NONE""], [""NONE""], [""NONE""], [""NONE""], [""NONE""], [""NONE""], [""NONE""], [""NONE""], [""NONE""], [""NONE""], [""NONE""], [""NONE""], [""NONE""], [""NONE""], [""NONE""], [""NONE""], [""NONE""], [""NONE""], [""NONE""], [""NONE""], [""NONE""]]",0
9724771,"[[252, 285]]",colorectal adenomas and carcinoma,colorectal adenomas and carcinoma,"['MESH:D015179', 'MESH:D018256']",9724771.6,"252,285","[[""MESH:C563365""], [""OMIM:601228""], [""MESH:D015179""], [""OMIM:114500""], [""OMIM:608812""], [""OMIM:611469""], [""OMIM:612229""], [""OMIM:612230""], [""OMIM:612231""], [""OMIM:612232""], [""OMIM:612589""], [""OMIM:612590""], [""OMIM:612591""], [""OMIM:612592""], [""OMIM:615083""], [""MESH:C563924""], [""OMIM:608456""], [""MESH:D000083023""], [""NONE""], [""NONE""], [""NONE""], [""NONE""], [""NONE""], [""NONE""], [""NONE""], [""NONE""], [""NONE""], [""NONE""], [""NONE""], [""NONE""], [""NONE""], [""NONE""], [""NONE""], [""NONE""], [""NONE""], [""NONE""], [""NONE""], [""NONE""], [""NONE""]]",2
9724771,"[[336, 339]]",APC,APC,['MESH:D011125'],9724771.7,"336,339","[[""MESH:D011125""], [""OMIM:175100""], [""OMIM:616415""], [""OMIM:617100""], [""MESH:C535506""], [""OMIM:108500""], [""NONE""], [""NONE""], [""NONE""], [""NONE""], [""NONE""], [""NONE""], [""NONE""], [""NONE""], [""NONE""], [""NONE""], [""NONE""], [""NONE""], [""NONE""], [""NONE""], [""NONE""], [""NONE""], [""NONE""], [""NONE""], [""NONE""], [""NONE""], [""NONE""], [""NONE""], [""NONE""], [""NONE""], [""NONE""], [""NONE""], [""NONE""], [""NONE""], [""NONE""], [""NONE""], [""NONE""], [""NONE""], [""NONE""]]",0
9724771,"[[359, 362]]",FAP,familial adenomatous polyposis,['MESH:D011125'],9724771.8,"359,362","[[""MESH:D011125""], [""OMIM:175100""], [""OMIM:616415""], [""OMIM:617100""], [""NONE""], [""NONE""], [""NONE""], [""NONE""], [""NONE""], [""NONE""], [""NONE""], [""NONE""], [""NONE""], [""NONE""], [""NONE""], [""NONE""], [""NONE""], [""NONE""], [""NONE""], [""NONE""], [""NONE""], [""NONE""], [""NONE""], [""NONE""], [""NONE""], [""NONE""], [""NONE""], [""NONE""], [""NONE""], [""NONE""], [""NONE""], [""NONE""], [""NONE""], [""NONE""], [""NONE""], [""NONE""], [""NONE""], [""NONE""], [""NONE""]]",0
9724771,"[[366, 403]]",attenuated adenomatous polyposis coli,attenuated adenomatous polyposis coli,['MESH:C538265'],9724771.9,"366,403","[[""MESH:C566778""], [""MESH:C538265""], [""MESH:C563924""], [""OMIM:608456""], [""MESH:D011125""], [""OMIM:175100""], [""OMIM:616415""], [""OMIM:617100""], [""NONE""], [""NONE""], [""NONE""], [""NONE""], [""NONE""], [""NONE""], [""NONE""], [""NONE""], [""NONE""], [""NONE""], [""NONE""], [""NONE""], [""NONE""], [""NONE""], [""NONE""], [""NONE""], [""NONE""], [""NONE""], [""NONE""], [""NONE""], [""NONE""], [""NONE""], [""NONE""], [""NONE""], [""NONE""], [""NONE""], [""NONE""], [""NONE""], [""NONE""], [""NONE""], [""NONE""]]",1
9724771,"[[474, 477]]",APC,APC,['MESH:D011125'],9724771.10,"474,477","[[""MESH:D011125""], [""OMIM:175100""], [""OMIM:616415""], [""OMIM:617100""], [""MESH:C535506""], [""OMIM:108500""], [""NONE""], [""NONE""], [""NONE""], [""NONE""], [""NONE""], [""NONE""], [""NONE""], [""NONE""], [""NONE""], [""NONE""], [""NONE""], [""NONE""], [""NONE""], [""NONE""], [""NONE""], [""NONE""], [""NONE""], [""NONE""], [""NONE""], [""NONE""], [""NONE""], [""NONE""], [""NONE""], [""NONE""], [""NONE""], [""NONE""], [""NONE""], [""NONE""], [""NONE""], [""NONE""], [""NONE""], [""NONE""], [""NONE""]]",0
9724771,"[[484, 521]]",Attenuated adenomatous polyposis coli,Attenuated adenomatous polyposis coli,['MESH:C538265'],9724771.11,"484,521","[[""MESH:C566778""], [""MESH:C538265""], [""MESH:C563924""], [""OMIM:608456""], [""MESH:D011125""], [""OMIM:175100""], [""OMIM:616415""], [""OMIM:617100""], [""NONE""], [""NONE""], [""NONE""], [""NONE""], [""NONE""], [""NONE""], [""NONE""], [""NONE""], [""NONE""], [""NONE""], [""NONE""], [""NONE""], [""NONE""], [""NONE""], [""NONE""], [""NONE""], [""NONE""], [""NONE""], [""NONE""], [""NONE""], [""NONE""], [""NONE""], [""NONE""], [""NONE""], [""NONE""], [""NONE""], [""NONE""], [""NONE""], [""NONE""], [""NONE""], [""NONE""]]",1
9724771,"[[638, 641]]",FAP,familial adenomatous polyposis,['MESH:D011125'],9724771.13,"638,641","[[""MESH:D011125""], [""OMIM:175100""], [""OMIM:616415""], [""OMIM:617100""], [""NONE""], [""NONE""], [""NONE""], [""NONE""], [""NONE""], [""NONE""], [""NONE""], [""NONE""], [""NONE""], [""NONE""], [""NONE""], [""NONE""], [""NONE""], [""NONE""], [""NONE""], [""NONE""], [""NONE""], [""NONE""], [""NONE""], [""NONE""], [""NONE""], [""NONE""], [""NONE""], [""NONE""], [""NONE""], [""NONE""], [""NONE""], [""NONE""], [""NONE""], [""NONE""], [""NONE""], [""NONE""], [""NONE""], [""NONE""], [""NONE""]]",0
9724771,"[[683, 691]]",adenomas,adenomas,['MESH:D000236'],9724771.14,"683,691","[[""MESH:D000236""], [""MESH:D018256""], [""NONE""], [""NONE""], [""NONE""], [""NONE""], [""NONE""], [""NONE""], [""NONE""], [""NONE""], [""NONE""], [""NONE""], [""NONE""], [""NONE""], [""NONE""], [""NONE""], [""NONE""], [""NONE""], [""NONE""], [""NONE""], [""NONE""], [""NONE""], [""NONE""], [""NONE""], [""NONE""], [""NONE""], [""NONE""], [""NONE""], [""NONE""], [""NONE""], [""NONE""], [""NONE""], [""NONE""], [""NONE""], [""NONE""], [""NONE""], [""NONE""], [""NONE""], [""NONE""]]",0
9724771,"[[716, 719]]",APC,APC,['MESH:D011125'],9724771.15,"716,719","[[""MESH:D011125""], [""OMIM:175100""], [""OMIM:616415""], [""OMIM:617100""], [""MESH:C535506""], [""OMIM:108500""], [""NONE""], [""NONE""], [""NONE""], [""NONE""], [""NONE""], [""NONE""], [""NONE""], [""NONE""], [""NONE""], [""NONE""], [""NONE""], [""NONE""], [""NONE""], [""NONE""], [""NONE""], [""NONE""], [""NONE""], [""NONE""], [""NONE""], [""NONE""], [""NONE""], [""NONE""], [""NONE""], [""NONE""], [""NONE""], [""NONE""], [""NONE""], [""NONE""], [""NONE""], [""NONE""], [""NONE""], [""NONE""], [""NONE""]]",0
9724771,"[[865, 868]]",APC,APC,['MESH:D011125'],9724771.16,"865,868","[[""MESH:D011125""], [""OMIM:175100""], [""OMIM:616415""], [""OMIM:617100""], [""MESH:C535506""], [""OMIM:108500""], [""NONE""], [""NONE""], [""NONE""], [""NONE""], [""NONE""], [""NONE""], [""NONE""], [""NONE""], [""NONE""], [""NONE""], [""NONE""], [""NONE""], [""NONE""], [""NONE""], [""NONE""], [""NONE""], [""NONE""], [""NONE""], [""NONE""], [""NONE""], [""NONE""], [""NONE""], [""NONE""], [""NONE""], [""NONE""], [""NONE""], [""NONE""], [""NONE""], [""NONE""], [""NONE""], [""NONE""], [""NONE""], [""NONE""]]",0
9724771,"[[926, 943]]",colorectal tumors,colorectal tumors,['MESH:D015179'],9724771.17,"926,943","[[""MESH:D015179""], [""OMIM:114500""], [""OMIM:608812""], [""OMIM:611469""], [""OMIM:612229""], [""OMIM:612230""], [""OMIM:612231""], [""OMIM:612232""], [""OMIM:612589""], [""OMIM:612590""], [""OMIM:612591""], [""OMIM:612592""], [""OMIM:615083""], [""NONE""], [""NONE""], [""NONE""], [""NONE""], [""NONE""], [""NONE""], [""NONE""], [""NONE""], [""NONE""], [""NONE""], [""NONE""], [""NONE""], [""NONE""], [""NONE""], [""NONE""], [""NONE""], [""NONE""], [""NONE""], [""NONE""], [""NONE""], [""NONE""], [""NONE""], [""NONE""], [""NONE""], [""NONE""], [""NONE""]]",0
9724771,"[[964, 972]]",adenomas,adenomas,['MESH:D000236'],9724771.18,"964,972","[[""MESH:D000236""], [""MESH:D018256""], [""NONE""], [""NONE""], [""NONE""], [""NONE""], [""NONE""], [""NONE""], [""NONE""], [""NONE""], [""NONE""], [""NONE""], [""NONE""], [""NONE""], [""NONE""], [""NONE""], [""NONE""], [""NONE""], [""NONE""], [""NONE""], [""NONE""], [""NONE""], [""NONE""], [""NONE""], [""NONE""], [""NONE""], [""NONE""], [""NONE""], [""NONE""], [""NONE""], [""NONE""], [""NONE""], [""NONE""], [""NONE""], [""NONE""], [""NONE""], [""NONE""], [""NONE""], [""NONE""]]",0
9724771,"[[1041, 1077]]",colorectal adenomas and/or carcinoma,colorectal adenomas and/or carcinoma,"['MESH:D015179', 'MESH:D018256']",9724771.19,"1041,1077","[[""MESH:C563365""], [""OMIM:601228""], [""MESH:D015179""], [""OMIM:114500""], [""OMIM:608812""], [""OMIM:611469""], [""OMIM:612229""], [""OMIM:612230""], [""OMIM:612231""], [""OMIM:612232""], [""OMIM:612589""], [""OMIM:612590""], [""OMIM:612591""], [""OMIM:612592""], [""OMIM:615083""], [""MESH:C563924""], [""OMIM:608456""], [""MESH:D003123""], [""MESH:C537261""], [""OMIM:120435""], [""MESH:D011125""], [""OMIM:175100""], [""OMIM:616415""], [""OMIM:617100""], [""NONE""], [""NONE""], [""NONE""], [""NONE""], [""NONE""], [""NONE""], [""NONE""], [""NONE""], [""NONE""], [""NONE""], [""NONE""], [""NONE""], [""NONE""], [""NONE""], [""NONE""]]",2
9724771,"[[1126, 1129]]",APC,APC,['MESH:D011125'],9724771.20,"1126,1129","[[""MESH:D011125""], [""OMIM:175100""], [""OMIM:616415""], [""OMIM:617100""], [""MESH:C535506""], [""OMIM:108500""], [""NONE""], [""NONE""], [""NONE""], [""NONE""], [""NONE""], [""NONE""], [""NONE""], [""NONE""], [""NONE""], [""NONE""], [""NONE""], [""NONE""], [""NONE""], [""NONE""], [""NONE""], [""NONE""], [""NONE""], [""NONE""], [""NONE""], [""NONE""], [""NONE""], [""NONE""], [""NONE""], [""NONE""], [""NONE""], [""NONE""], [""NONE""], [""NONE""], [""NONE""], [""NONE""], [""NONE""], [""NONE""], [""NONE""]]",0
9724771,"[[1502, 1505]]",APC,APC,['MESH:D011125'],9724771.22,"1502,1505","[[""MESH:D011125""], [""OMIM:175100""], [""OMIM:616415""], [""OMIM:617100""], [""MESH:C535506""], [""OMIM:108500""], [""NONE""], [""NONE""], [""NONE""], [""NONE""], [""NONE""], [""NONE""], [""NONE""], [""NONE""], [""NONE""], [""NONE""], [""NONE""], [""NONE""], [""NONE""], [""NONE""], [""NONE""], [""NONE""], [""NONE""], [""NONE""], [""NONE""], [""NONE""], [""NONE""], [""NONE""], [""NONE""], [""NONE""], [""NONE""], [""NONE""], [""NONE""], [""NONE""], [""NONE""], [""NONE""], [""NONE""], [""NONE""], [""NONE""]]",0
9724771,"[[1558, 1591]]",colorectal adenomas and carcinoma,colorectal adenomas and carcinoma,"['MESH:D015179', 'MESH:D018256']",9724771.23,"1558,1591","[[""MESH:C563365""], [""OMIM:601228""], [""MESH:D015179""], [""OMIM:114500""], [""OMIM:608812""], [""OMIM:611469""], [""OMIM:612229""], [""OMIM:612230""], [""OMIM:612231""], [""OMIM:612232""], [""OMIM:612589""], [""OMIM:612590""], [""OMIM:612591""], [""OMIM:612592""], [""OMIM:615083""], [""MESH:C563924""], [""OMIM:608456""], [""MESH:D000083023""], [""NONE""], [""NONE""], [""NONE""], [""NONE""], [""NONE""], [""NONE""], [""NONE""], [""NONE""], [""NONE""], [""NONE""], [""NONE""], [""NONE""], [""NONE""], [""NONE""], [""NONE""], [""NONE""], [""NONE""], [""NONE""], [""NONE""], [""NONE""], [""NONE""]]",2
9724771,"[[1639, 1642]]",FAP,familial adenomatous polyposis,['MESH:D011125'],9724771.24,"1639,1642","[[""MESH:D011125""], [""OMIM:175100""], [""OMIM:616415""], [""OMIM:617100""], [""NONE""], [""NONE""], [""NONE""], [""NONE""], [""NONE""], [""NONE""], [""NONE""], [""NONE""], [""NONE""], [""NONE""], [""NONE""], [""NONE""], [""NONE""], [""NONE""], [""NONE""], [""NONE""], [""NONE""], [""NONE""], [""NONE""], [""NONE""], [""NONE""], [""NONE""], [""NONE""], [""NONE""], [""NONE""], [""NONE""], [""NONE""], [""NONE""], [""NONE""], [""NONE""], [""NONE""], [""NONE""], [""NONE""], [""NONE""], [""NONE""]]",0
9724771,"[[1677, 1694]]",colorectal cancer,colorectal cancer,['MESH:D015179'],9724771.25,"1677,1694","[[""MESH:D015179""], [""OMIM:114500""], [""OMIM:608812""], [""OMIM:611469""], [""OMIM:612229""], [""OMIM:612230""], [""OMIM:612231""], [""OMIM:612232""], [""OMIM:612589""], [""OMIM:612590""], [""OMIM:612591""], [""OMIM:612592""], [""OMIM:615083""], [""NONE""], [""NONE""], [""NONE""], [""NONE""], [""NONE""], [""NONE""], [""NONE""], [""NONE""], [""NONE""], [""NONE""], [""NONE""], [""NONE""], [""NONE""], [""NONE""], [""NONE""], [""NONE""], [""NONE""], [""NONE""], [""NONE""], [""NONE""], [""NONE""], [""NONE""], [""NONE""], [""NONE""], [""NONE""], [""NONE""]]",0
9729124,"[[31, 59]]",congenital chloride diarrhea,congenital chloride diarrhea,['MESH:C536210'],9729124.1,"31,59","[[""MESH:C536210""], [""OMIM:214700""], [""MESH:C562576""], [""OMIM:270420""], [""OMIM:616868""], [""MESH:D002973""], [""OMIM:119600""], [""MESH:D003969""], [""NONE""], [""NONE""], [""NONE""], [""NONE""], [""NONE""], [""NONE""], [""NONE""], [""NONE""], [""NONE""], [""NONE""], [""NONE""], [""NONE""], [""NONE""], [""NONE""], [""NONE""], [""NONE""], [""NONE""], [""NONE""], [""NONE""], [""NONE""], [""NONE""], [""NONE""], [""NONE""], [""NONE""], [""NONE""], [""NONE""], [""NONE""], [""NONE""], [""NONE""], [""NONE""], [""NONE""]]",0
9729124,"[[61, 64]]",CLD,chloride diarrhea,['MESH:C536210'],9729124.2,"61,64","[[""MESH:C536210""], [""OMIM:214700""], [""MESH:D003969""], [""MESH:C562576""], [""OMIM:270420""], [""MESH:D002771""], [""MESH:D003967""], [""OMIM:614616""], [""OMIM:615863""], [""NONE""], [""NONE""], [""NONE""], [""NONE""], [""NONE""], [""NONE""], [""NONE""], [""NONE""], [""NONE""], [""NONE""], [""NONE""], [""NONE""], [""NONE""], [""NONE""], [""NONE""], [""NONE""], [""NONE""], [""NONE""], [""NONE""], [""NONE""], [""NONE""], [""NONE""], [""NONE""], [""NONE""], [""NONE""], [""NONE""], [""NONE""], [""NONE""], [""NONE""], [""NONE""]]",0
9729124,"[[72, 100]]",Congenital chloride diarrhea,Congenital chloride diarrhea,['MESH:C536210'],9729124.3,"72,100","[[""MESH:C536210""], [""OMIM:214700""], [""MESH:C562576""], [""OMIM:270420""], [""OMIM:616868""], [""MESH:D002973""], [""OMIM:119600""], [""MESH:D003969""], [""NONE""], [""NONE""], [""NONE""], [""NONE""], [""NONE""], [""NONE""], [""NONE""], [""NONE""], [""NONE""], [""NONE""], [""NONE""], [""NONE""], [""NONE""], [""NONE""], [""NONE""], [""NONE""], [""NONE""], [""NONE""], [""NONE""], [""NONE""], [""NONE""], [""NONE""], [""NONE""], [""NONE""], [""NONE""], [""NONE""], [""NONE""], [""NONE""], [""NONE""], [""NONE""], [""NONE""]]",0
9729124,"[[102, 105]]",CLD,chloride diarrhea,['MESH:C536210'],9729124.4,"102,105","[[""MESH:C536210""], [""OMIM:214700""], [""MESH:D003969""], [""MESH:C562576""], [""OMIM:270420""], [""MESH:D002771""], [""MESH:D003967""], [""OMIM:614616""], [""OMIM:615863""], [""NONE""], [""NONE""], [""NONE""], [""NONE""], [""NONE""], [""NONE""], [""NONE""], [""NONE""], [""NONE""], [""NONE""], [""NONE""], [""NONE""], [""NONE""], [""NONE""], [""NONE""], [""NONE""], [""NONE""], [""NONE""], [""NONE""], [""NONE""], [""NONE""], [""NONE""], [""NONE""], [""NONE""], [""NONE""], [""NONE""], [""NONE""], [""NONE""], [""NONE""], [""NONE""]]",0
9729124,"[[249, 252]]",CLD,chloride diarrhea,['MESH:C536210'],9729124.5,"249,252","[[""MESH:C536210""], [""OMIM:214700""], [""MESH:D003969""], [""MESH:C562576""], [""OMIM:270420""], [""MESH:D002771""], [""MESH:D003967""], [""OMIM:614616""], [""OMIM:615863""], [""NONE""], [""NONE""], [""NONE""], [""NONE""], [""NONE""], [""NONE""], [""NONE""], [""NONE""], [""NONE""], [""NONE""], [""NONE""], [""NONE""], [""NONE""], [""NONE""], [""NONE""], [""NONE""], [""NONE""], [""NONE""], [""NONE""], [""NONE""], [""NONE""], [""NONE""], [""NONE""], [""NONE""], [""NONE""], [""NONE""], [""NONE""], [""NONE""], [""NONE""], [""NONE""]]",0
9729124,"[[643, 646]]",CLD,chloride diarrhea,['MESH:C536210'],9729124.6,"643,646","[[""MESH:C536210""], [""OMIM:214700""], [""MESH:D003969""], [""MESH:C562576""], [""OMIM:270420""], [""MESH:D002771""], [""MESH:D003967""], [""OMIM:614616""], [""OMIM:615863""], [""NONE""], [""NONE""], [""NONE""], [""NONE""], [""NONE""], [""NONE""], [""NONE""], [""NONE""], [""NONE""], [""NONE""], [""NONE""], [""NONE""], [""NONE""], [""NONE""], [""NONE""], [""NONE""], [""NONE""], [""NONE""], [""NONE""], [""NONE""], [""NONE""], [""NONE""], [""NONE""], [""NONE""], [""NONE""], [""NONE""], [""NONE""], [""NONE""], [""NONE""], [""NONE""]]",0
9729124,"[[900, 903]]",CLD,chloride diarrhea,['MESH:C536210'],9729124.7,"900,903","[[""MESH:C536210""], [""OMIM:214700""], [""MESH:D003969""], [""MESH:C562576""], [""OMIM:270420""], [""MESH:D002771""], [""MESH:D003967""], [""OMIM:614616""], [""OMIM:615863""], [""NONE""], [""NONE""], [""NONE""], [""NONE""], [""NONE""], [""NONE""], [""NONE""], [""NONE""], [""NONE""], [""NONE""], [""NONE""], [""NONE""], [""NONE""], [""NONE""], [""NONE""], [""NONE""], [""NONE""], [""NONE""], [""NONE""], [""NONE""], [""NONE""], [""NONE""], [""NONE""], [""NONE""], [""NONE""], [""NONE""], [""NONE""], [""NONE""], [""NONE""], [""NONE""]]",0
9729124,"[[971, 987]]",Pendred syndrome,Pendred syndrome,['MESH:C536648'],9729124.8,"971,987","[[""MESH:C536648""], [""OMIM:274600""], [""MESH:C563273""], [""OMIM:145001""], [""OMIM:614325""], [""MESH:C536401""], [""MESH:C537403""], [""OMIM:610954""], [""MESH:C567657""], [""OMIM:610042""], [""NONE""], [""NONE""], [""NONE""], [""NONE""], [""NONE""], [""NONE""], [""NONE""], [""NONE""], [""NONE""], [""NONE""], [""NONE""], [""NONE""], [""NONE""], [""NONE""], [""NONE""], [""NONE""], [""NONE""], [""NONE""], [""NONE""], [""NONE""], [""NONE""], [""NONE""], [""NONE""], [""NONE""], [""NONE""], [""NONE""], [""NONE""], [""NONE""], [""NONE""]]",0
9729124,"[[994, 997]]",PDS,PDS,['MESH:C536648'],9729124.9,"994,997","[[""MESH:C563184""], [""OMIM:600510""], [""MESH:C536648""], [""OMIM:274600""], [""MESH:C536201""], [""OMIM:130070""], [""OMIM:615349""], [""MESH:C536560""], [""OMIM:275630""], [""MESH:D054877""], [""OMIM:194190""], [""MESH:D010004""], [""OMIM:119900""], [""OMIM:259100""], [""OMIM:614441""], [""OMIM:168600""], [""NONE""], [""NONE""], [""NONE""], [""NONE""], [""NONE""], [""NONE""], [""NONE""], [""NONE""], [""NONE""], [""NONE""], [""NONE""], [""NONE""], [""NONE""], [""NONE""], [""NONE""], [""NONE""], [""NONE""], [""NONE""], [""NONE""], [""NONE""], [""NONE""], [""NONE""], [""NONE""]]",2
9731533,"[[25, 31]]",cancer,cancer,['MESH:D009369'],9731533.1,"25,31","[[""MESH:D009369""], [""MESH:D009371""], [""NONE""], [""NONE""], [""NONE""], [""NONE""], [""NONE""], [""NONE""], [""NONE""], [""NONE""], [""NONE""], [""NONE""], [""NONE""], [""NONE""], [""NONE""], [""NONE""], [""NONE""], [""NONE""], [""NONE""], [""NONE""], [""NONE""], [""NONE""], [""NONE""], [""NONE""], [""NONE""], [""NONE""], [""NONE""], [""NONE""], [""NONE""], [""NONE""], [""NONE""], [""NONE""], [""NONE""], [""NONE""], [""NONE""], [""NONE""], [""NONE""], [""NONE""], [""NONE""]]",0
9731533,"[[132, 162]]",familial adenomatous polyposis,familial adenomatous polyposis,['MESH:D011125'],9731533.2,"132,162","[[""MESH:D011125""], [""OMIM:175100""], [""OMIM:616415""], [""OMIM:617100""], [""NONE""], [""NONE""], [""NONE""], [""NONE""], [""NONE""], [""NONE""], [""NONE""], [""NONE""], [""NONE""], [""NONE""], [""NONE""], [""NONE""], [""NONE""], [""NONE""], [""NONE""], [""NONE""], [""NONE""], [""NONE""], [""NONE""], [""NONE""], [""NONE""], [""NONE""], [""NONE""], [""NONE""], [""NONE""], [""NONE""], [""NONE""], [""NONE""], [""NONE""], [""NONE""], [""NONE""], [""NONE""], [""NONE""], [""NONE""], [""NONE""]]",0
9731533,"[[164, 167]]",FAP,familial adenomatous polyposis,['MESH:D011125'],9731533.3,"164,167","[[""MESH:D011125""], [""OMIM:175100""], [""OMIM:616415""], [""OMIM:617100""], [""NONE""], [""NONE""], [""NONE""], [""NONE""], [""NONE""], [""NONE""], [""NONE""], [""NONE""], [""NONE""], [""NONE""], [""NONE""], [""NONE""], [""NONE""], [""NONE""], [""NONE""], [""NONE""], [""NONE""], [""NONE""], [""NONE""], [""NONE""], [""NONE""], [""NONE""], [""NONE""], [""NONE""], [""NONE""], [""NONE""], [""NONE""], [""NONE""], [""NONE""], [""NONE""], [""NONE""], [""NONE""], [""NONE""], [""NONE""], [""NONE""]]",0
9731533,"[[254, 260]]",polyps,polyps,['MESH:D011127'],9731533.5,"254,260","[[""MESH:D011127""], [""MESH:D018256""], [""MESH:D000236""], [""MESH:D007417""], [""NONE""], [""NONE""], [""NONE""], [""NONE""], [""NONE""], [""NONE""], [""NONE""], [""NONE""], [""NONE""], [""NONE""], [""NONE""], [""NONE""], [""NONE""], [""NONE""], [""NONE""], [""NONE""], [""NONE""], [""NONE""], [""NONE""], [""NONE""], [""NONE""], [""NONE""], [""NONE""], [""NONE""], [""NONE""], [""NONE""], [""NONE""], [""NONE""], [""NONE""], [""NONE""], [""NONE""], [""NONE""], [""NONE""], [""NONE""], [""NONE""]]",0
9731533,"[[316, 333]]",colorectal cancer,colorectal cancer,['MESH:D015179'],9731533.6,"316,333","[[""MESH:D015179""], [""OMIM:114500""], [""OMIM:608812""], [""OMIM:611469""], [""OMIM:612229""], [""OMIM:612230""], [""OMIM:612231""], [""OMIM:612232""], [""OMIM:612589""], [""OMIM:612590""], [""OMIM:612591""], [""OMIM:612592""], [""OMIM:615083""], [""NONE""], [""NONE""], [""NONE""], [""NONE""], [""NONE""], [""NONE""], [""NONE""], [""NONE""], [""NONE""], [""NONE""], [""NONE""], [""NONE""], [""NONE""], [""NONE""], [""NONE""], [""NONE""], [""NONE""], [""NONE""], [""NONE""], [""NONE""], [""NONE""], [""NONE""], [""NONE""], [""NONE""], [""NONE""], [""NONE""]]",0
9731533,"[[335, 338]]",CRC,colorectal cancer,['MESH:D015179'],9731533.7,"335,338","[[""MESH:D015179""], [""OMIM:114500""], [""OMIM:608812""], [""OMIM:611469""], [""OMIM:612229""], [""OMIM:612230""], [""OMIM:612231""], [""OMIM:612232""], [""OMIM:612589""], [""OMIM:612590""], [""OMIM:612591""], [""OMIM:612592""], [""OMIM:615083""], [""NONE""], [""NONE""], [""NONE""], [""NONE""], [""NONE""], [""NONE""], [""NONE""], [""NONE""], [""NONE""], [""NONE""], [""NONE""], [""NONE""], [""NONE""], [""NONE""], [""NONE""], [""NONE""], [""NONE""], [""NONE""], [""NONE""], [""NONE""], [""NONE""], [""NONE""], [""NONE""], [""NONE""], [""NONE""], [""NONE""]]",0
9731533,"[[341, 344]]",APC,APC,['MESH:D011125'],9731533.8,"341,344","[[""MESH:D011125""], [""OMIM:175100""], [""OMIM:616415""], [""OMIM:617100""], [""MESH:C535506""], [""OMIM:108500""], [""NONE""], [""NONE""], [""NONE""], [""NONE""], [""NONE""], [""NONE""], [""NONE""], [""NONE""], [""NONE""], [""NONE""], [""NONE""], [""NONE""], [""NONE""], [""NONE""], [""NONE""], [""NONE""], [""NONE""], [""NONE""], [""NONE""], [""NONE""], [""NONE""], [""NONE""], [""NONE""], [""NONE""], [""NONE""], [""NONE""], [""NONE""], [""NONE""], [""NONE""], [""NONE""], [""NONE""], [""NONE""], [""NONE""]]",0
9731533,"[[401, 408]]",tumours,tumours,['MESH:D009369'],9731533.9,"401,408","[[""MESH:D009369""], [""MESH:D009371""], [""NONE""], [""NONE""], [""NONE""], [""NONE""], [""NONE""], [""NONE""], [""NONE""], [""NONE""], [""NONE""], [""NONE""], [""NONE""], [""NONE""], [""NONE""], [""NONE""], [""NONE""], [""NONE""], [""NONE""], [""NONE""], [""NONE""], [""NONE""], [""NONE""], [""NONE""], [""NONE""], [""NONE""], [""NONE""], [""NONE""], [""NONE""], [""NONE""], [""NONE""], [""NONE""], [""NONE""], [""NONE""], [""NONE""], [""NONE""], [""NONE""], [""NONE""], [""NONE""]]",0
9731533,"[[741, 744]]",CRC,colorectal cancer,['MESH:D015179'],9731533.10,"741,744","[[""MESH:D015179""], [""OMIM:114500""], [""OMIM:608812""], [""OMIM:611469""], [""OMIM:612229""], [""OMIM:612230""], [""OMIM:612231""], [""OMIM:612232""], [""OMIM:612589""], [""OMIM:612590""], [""OMIM:612591""], [""OMIM:612592""], [""OMIM:615083""], [""NONE""], [""NONE""], [""NONE""], [""NONE""], [""NONE""], [""NONE""], [""NONE""], [""NONE""], [""NONE""], [""NONE""], [""NONE""], [""NONE""], [""NONE""], [""NONE""], [""NONE""], [""NONE""], [""NONE""], [""NONE""], [""NONE""], [""NONE""], [""NONE""], [""NONE""], [""NONE""], [""NONE""], [""NONE""], [""NONE""]]",0
9731533,"[[789, 795]]",cancer,cancer,['MESH:D009369'],9731533.11,"789,795","[[""MESH:D009369""], [""MESH:D009371""], [""NONE""], [""NONE""], [""NONE""], [""NONE""], [""NONE""], [""NONE""], [""NONE""], [""NONE""], [""NONE""], [""NONE""], [""NONE""], [""NONE""], [""NONE""], [""NONE""], [""NONE""], [""NONE""], [""NONE""], [""NONE""], [""NONE""], [""NONE""], [""NONE""], [""NONE""], [""NONE""], [""NONE""], [""NONE""], [""NONE""], [""NONE""], [""NONE""], [""NONE""], [""NONE""], [""NONE""], [""NONE""], [""NONE""], [""NONE""], [""NONE""], [""NONE""], [""NONE""]]",0
9731533,"[[880, 916]]","colorectal, breast and other cancers","colorectal, breast and other cancers","['MESH:D015179', 'MESH:D009369', 'MESH:D001943']",9731533.12,"880,916","[[""MESH:D015179""], [""OMIM:114500""], [""OMIM:608812""], [""OMIM:611469""], [""OMIM:612229""], [""OMIM:612230""], [""OMIM:612231""], [""OMIM:612232""], [""OMIM:612589""], [""OMIM:612590""], [""OMIM:612591""], [""OMIM:612592""], [""OMIM:615083""], [""MESH:D001943""], [""OMIM:114480""], [""MESH:D009369""], [""MESH:D005770""], [""NONE""], [""NONE""], [""NONE""], [""NONE""], [""NONE""], [""NONE""], [""NONE""], [""NONE""], [""NONE""], [""NONE""], [""NONE""], [""NONE""], [""NONE""], [""NONE""], [""NONE""], [""NONE""], [""NONE""], [""NONE""], [""NONE""], [""NONE""], [""NONE""], [""NONE""]]",0
9733027,"[[24, 41]]",Friedreich ataxia,Friedreich ataxia,['MESH:D005621'],9733027.1,"24,41","[[""MESH:D005621""], [""MESH:C565561""], [""OMIM:229300""], [""NONE""], [""NONE""], [""NONE""], [""NONE""], [""NONE""], [""NONE""], [""NONE""], [""NONE""], [""NONE""], [""NONE""], [""NONE""], [""NONE""], [""NONE""], [""NONE""], [""NONE""], [""NONE""], [""NONE""], [""NONE""], [""NONE""], [""NONE""], [""NONE""], [""NONE""], [""NONE""], [""NONE""], [""NONE""], [""NONE""], [""NONE""], [""NONE""], [""NONE""], [""NONE""], [""NONE""], [""NONE""], [""NONE""], [""NONE""], [""NONE""], [""NONE""]]",0
9733027,"[[124, 141]]",Friedreich ataxia,Friedreich ataxia,['MESH:D005621'],9733027.3,"124,141","[[""MESH:D005621""], [""MESH:C565561""], [""OMIM:229300""], [""NONE""], [""NONE""], [""NONE""], [""NONE""], [""NONE""], [""NONE""], [""NONE""], [""NONE""], [""NONE""], [""NONE""], [""NONE""], [""NONE""], [""NONE""], [""NONE""], [""NONE""], [""NONE""], [""NONE""], [""NONE""], [""NONE""], [""NONE""], [""NONE""], [""NONE""], [""NONE""], [""NONE""], [""NONE""], [""NONE""], [""NONE""], [""NONE""], [""NONE""], [""NONE""], [""NONE""], [""NONE""], [""NONE""], [""NONE""], [""NONE""], [""NONE""]]",0
9744473,"[[53, 81]]",metachromatic leukodystrophy,metachromatic leukodystrophy,['MESH:D007966'],9744473.1,"53,81","[[""MESH:D007966""], [""OMIM:250100""], [""NONE""], [""NONE""], [""NONE""], [""NONE""], [""NONE""], [""NONE""], [""NONE""], [""NONE""], [""NONE""], [""NONE""], [""NONE""], [""NONE""], [""NONE""], [""NONE""], [""NONE""], [""NONE""], [""NONE""], [""NONE""], [""NONE""], [""NONE""], [""NONE""], [""NONE""], [""NONE""], [""NONE""], [""NONE""], [""NONE""], [""NONE""], [""NONE""], [""NONE""], [""NONE""], [""NONE""], [""NONE""], [""NONE""], [""NONE""], [""NONE""], [""NONE""], [""NONE""]]",0
9744473,"[[83, 112]]",Deficiency of arylsulfatase A,Deficiency of arylsulfatase A,['MESH:D007966'],9744473.2,"83,112","[[""MESH:D007966""], [""OMIM:250100""], [""MESH:D009087""], [""OMIM:253200""], [""MESH:C580533""], [""OMIM:302950""], [""NONE""], [""NONE""], [""NONE""], [""NONE""], [""NONE""], [""NONE""], [""NONE""], [""NONE""], [""NONE""], [""NONE""], [""NONE""], [""NONE""], [""NONE""], [""NONE""], [""NONE""], [""NONE""], [""NONE""], [""NONE""], [""NONE""], [""NONE""], [""NONE""], [""NONE""], [""NONE""], [""NONE""], [""NONE""], [""NONE""], [""NONE""], [""NONE""], [""NONE""], [""NONE""], [""NONE""], [""NONE""], [""NONE""]]",0
9744473,"[[143, 171]]",metachromatic leukodystrophy,metachromatic leukodystrophy,['MESH:D007966'],9744473.3,"143,171","[[""MESH:D007966""], [""OMIM:250100""], [""NONE""], [""NONE""], [""NONE""], [""NONE""], [""NONE""], [""NONE""], [""NONE""], [""NONE""], [""NONE""], [""NONE""], [""NONE""], [""NONE""], [""NONE""], [""NONE""], [""NONE""], [""NONE""], [""NONE""], [""NONE""], [""NONE""], [""NONE""], [""NONE""], [""NONE""], [""NONE""], [""NONE""], [""NONE""], [""NONE""], [""NONE""], [""NONE""], [""NONE""], [""NONE""], [""NONE""], [""NONE""], [""NONE""], [""NONE""], [""NONE""], [""NONE""], [""NONE""]]",0
9744473,"[[173, 176]]",MLD,metachromatic leukodystrophy,['MESH:D007966'],9744473.4,"173,176","[[""MESH:D007966""], [""OMIM:250100""], [""NONE""], [""NONE""], [""NONE""], [""NONE""], [""NONE""], [""NONE""], [""NONE""], [""NONE""], [""NONE""], [""NONE""], [""NONE""], [""NONE""], [""NONE""], [""NONE""], [""NONE""], [""NONE""], [""NONE""], [""NONE""], [""NONE""], [""NONE""], [""NONE""], [""NONE""], [""NONE""], [""NONE""], [""NONE""], [""NONE""], [""NONE""], [""NONE""], [""NONE""], [""NONE""], [""NONE""], [""NONE""], [""NONE""], [""NONE""], [""NONE""], [""NONE""], [""NONE""]]",0
9744473,"[[227, 230]]",MLD,metachromatic leukodystrophy,['MESH:D007966'],9744473.5,"227,230","[[""MESH:D007966""], [""OMIM:250100""], [""NONE""], [""NONE""], [""NONE""], [""NONE""], [""NONE""], [""NONE""], [""NONE""], [""NONE""], [""NONE""], [""NONE""], [""NONE""], [""NONE""], [""NONE""], [""NONE""], [""NONE""], [""NONE""], [""NONE""], [""NONE""], [""NONE""], [""NONE""], [""NONE""], [""NONE""], [""NONE""], [""NONE""], [""NONE""], [""NONE""], [""NONE""], [""NONE""], [""NONE""], [""NONE""], [""NONE""], [""NONE""], [""NONE""], [""NONE""], [""NONE""], [""NONE""], [""NONE""]]",0
9744473,"[[320, 323]]",MLD,metachromatic leukodystrophy,['MESH:D007966'],9744473.6,"320,323","[[""MESH:D007966""], [""OMIM:250100""], [""NONE""], [""NONE""], [""NONE""], [""NONE""], [""NONE""], [""NONE""], [""NONE""], [""NONE""], [""NONE""], [""NONE""], [""NONE""], [""NONE""], [""NONE""], [""NONE""], [""NONE""], [""NONE""], [""NONE""], [""NONE""], [""NONE""], [""NONE""], [""NONE""], [""NONE""], [""NONE""], [""NONE""], [""NONE""], [""NONE""], [""NONE""], [""NONE""], [""NONE""], [""NONE""], [""NONE""], [""NONE""], [""NONE""], [""NONE""], [""NONE""], [""NONE""], [""NONE""]]",0
9744473,"[[750, 753]]",MLD,metachromatic leukodystrophy,['MESH:D007966'],9744473.7,"750,753","[[""MESH:D007966""], [""OMIM:250100""], [""NONE""], [""NONE""], [""NONE""], [""NONE""], [""NONE""], [""NONE""], [""NONE""], [""NONE""], [""NONE""], [""NONE""], [""NONE""], [""NONE""], [""NONE""], [""NONE""], [""NONE""], [""NONE""], [""NONE""], [""NONE""], [""NONE""], [""NONE""], [""NONE""], [""NONE""], [""NONE""], [""NONE""], [""NONE""], [""NONE""], [""NONE""], [""NONE""], [""NONE""], [""NONE""], [""NONE""], [""NONE""], [""NONE""], [""NONE""], [""NONE""], [""NONE""], [""NONE""]]",0
9770531,"[[56, 76]]",renal cell carcinoma,renal cell carcinoma,['MESH:D002292'],9770531.1,"56,76","[[""MESH:D002292""], [""OMIM:144700""], [""OMIM:300854""], [""OMIM:605074""], [""NONE""], [""NONE""], [""NONE""], [""NONE""], [""NONE""], [""NONE""], [""NONE""], [""NONE""], [""NONE""], [""NONE""], [""NONE""], [""NONE""], [""NONE""], [""NONE""], [""NONE""], [""NONE""], [""NONE""], [""NONE""], [""NONE""], [""NONE""], [""NONE""], [""NONE""], [""NONE""], [""NONE""], [""NONE""], [""NONE""], [""NONE""], [""NONE""], [""NONE""], [""NONE""], [""NONE""], [""NONE""], [""NONE""], [""NONE""], [""NONE""]]",0
9770531,"[[101, 118]]",von Hippel-Lindau,von Hippel-Lindau,['MESH:D006623'],9770531.2,"101,118","[[""MESH:D006623""], [""OMIM:193300""], [""NONE""], [""NONE""], [""NONE""], [""NONE""], [""NONE""], [""NONE""], [""NONE""], [""NONE""], [""NONE""], [""NONE""], [""NONE""], [""NONE""], [""NONE""], [""NONE""], [""NONE""], [""NONE""], [""NONE""], [""NONE""], [""NONE""], [""NONE""], [""NONE""], [""NONE""], [""NONE""], [""NONE""], [""NONE""], [""NONE""], [""NONE""], [""NONE""], [""NONE""], [""NONE""], [""NONE""], [""NONE""], [""NONE""], [""NONE""], [""NONE""], [""NONE""], [""NONE""]]",0
9770531,"[[161, 178]]",von Hippel-Lindau,von Hippel-Lindau,['MESH:D006623'],9770531.3,"161,178","[[""MESH:D006623""], [""OMIM:193300""], [""NONE""], [""NONE""], [""NONE""], [""NONE""], [""NONE""], [""NONE""], [""NONE""], [""NONE""], [""NONE""], [""NONE""], [""NONE""], [""NONE""], [""NONE""], [""NONE""], [""NONE""], [""NONE""], [""NONE""], [""NONE""], [""NONE""], [""NONE""], [""NONE""], [""NONE""], [""NONE""], [""NONE""], [""NONE""], [""NONE""], [""NONE""], [""NONE""], [""NONE""], [""NONE""], [""NONE""], [""NONE""], [""NONE""], [""NONE""], [""NONE""], [""NONE""], [""NONE""]]",0
9770531,"[[180, 183]]",VHL,von Hippel-Lindau,['MESH:D006623'],9770531.4,"180,183","[[""MESH:D006623""], [""OMIM:193300""], [""NONE""], [""NONE""], [""NONE""], [""NONE""], [""NONE""], [""NONE""], [""NONE""], [""NONE""], [""NONE""], [""NONE""], [""NONE""], [""NONE""], [""NONE""], [""NONE""], [""NONE""], [""NONE""], [""NONE""], [""NONE""], [""NONE""], [""NONE""], [""NONE""], [""NONE""], [""NONE""], [""NONE""], [""NONE""], [""NONE""], [""NONE""], [""NONE""], [""NONE""], [""NONE""], [""NONE""], [""NONE""], [""NONE""], [""NONE""], [""NONE""], [""NONE""], [""NONE""]]",0
9770531,"[[219, 239]]",renal cell carcinoma,renal cell carcinoma,['MESH:D002292'],9770531.5,"219,239","[[""MESH:D002292""], [""OMIM:144700""], [""OMIM:300854""], [""OMIM:605074""], [""NONE""], [""NONE""], [""NONE""], [""NONE""], [""NONE""], [""NONE""], [""NONE""], [""NONE""], [""NONE""], [""NONE""], [""NONE""], [""NONE""], [""NONE""], [""NONE""], [""NONE""], [""NONE""], [""NONE""], [""NONE""], [""NONE""], [""NONE""], [""NONE""], [""NONE""], [""NONE""], [""NONE""], [""NONE""], [""NONE""], [""NONE""], [""NONE""], [""NONE""], [""NONE""], [""NONE""], [""NONE""], [""NONE""], [""NONE""], [""NONE""]]",0
9770531,"[[675, 678]]",VHL,von Hippel-Lindau,['MESH:D006623'],9770531.6,"675,678","[[""MESH:D006623""], [""OMIM:193300""], [""NONE""], [""NONE""], [""NONE""], [""NONE""], [""NONE""], [""NONE""], [""NONE""], [""NONE""], [""NONE""], [""NONE""], [""NONE""], [""NONE""], [""NONE""], [""NONE""], [""NONE""], [""NONE""], [""NONE""], [""NONE""], [""NONE""], [""NONE""], [""NONE""], [""NONE""], [""NONE""], [""NONE""], [""NONE""], [""NONE""], [""NONE""], [""NONE""], [""NONE""], [""NONE""], [""NONE""], [""NONE""], [""NONE""], [""NONE""], [""NONE""], [""NONE""], [""NONE""]]",0
9770531,"[[750, 770]]",renal cell carcinoma,renal cell carcinoma,['MESH:D002292'],9770531.7,"750,770","[[""MESH:D002292""], [""OMIM:144700""], [""OMIM:300854""], [""OMIM:605074""], [""NONE""], [""NONE""], [""NONE""], [""NONE""], [""NONE""], [""NONE""], [""NONE""], [""NONE""], [""NONE""], [""NONE""], [""NONE""], [""NONE""], [""NONE""], [""NONE""], [""NONE""], [""NONE""], [""NONE""], [""NONE""], [""NONE""], [""NONE""], [""NONE""], [""NONE""], [""NONE""], [""NONE""], [""NONE""], [""NONE""], [""NONE""], [""NONE""], [""NONE""], [""NONE""], [""NONE""], [""NONE""], [""NONE""], [""NONE""], [""NONE""]]",0
9770531,"[[919, 922]]",VHL,von Hippel-Lindau,['MESH:D006623'],9770531.8,"919,922","[[""MESH:D006623""], [""OMIM:193300""], [""NONE""], [""NONE""], [""NONE""], [""NONE""], [""NONE""], [""NONE""], [""NONE""], [""NONE""], [""NONE""], [""NONE""], [""NONE""], [""NONE""], [""NONE""], [""NONE""], [""NONE""], [""NONE""], [""NONE""], [""NONE""], [""NONE""], [""NONE""], [""NONE""], [""NONE""], [""NONE""], [""NONE""], [""NONE""], [""NONE""], [""NONE""], [""NONE""], [""NONE""], [""NONE""], [""NONE""], [""NONE""], [""NONE""], [""NONE""], [""NONE""], [""NONE""], [""NONE""]]",0
9770531,"[[1178, 1185]]",cancers,cancers,['MESH:D009369'],9770531.9,"1178,1185","[[""MESH:D009369""], [""MESH:D009371""], [""NONE""], [""NONE""], [""NONE""], [""NONE""], [""NONE""], [""NONE""], [""NONE""], [""NONE""], [""NONE""], [""NONE""], [""NONE""], [""NONE""], [""NONE""], [""NONE""], [""NONE""], [""NONE""], [""NONE""], [""NONE""], [""NONE""], [""NONE""], [""NONE""], [""NONE""], [""NONE""], [""NONE""], [""NONE""], [""NONE""], [""NONE""], [""NONE""], [""NONE""], [""NONE""], [""NONE""], [""NONE""], [""NONE""], [""NONE""], [""NONE""], [""NONE""], [""NONE""]]",0
9770531,"[[1358, 1364]]",cancer,cancer,['MESH:D009369'],9770531.10,"1358,1364","[[""MESH:D009369""], [""MESH:D009371""], [""NONE""], [""NONE""], [""NONE""], [""NONE""], [""NONE""], [""NONE""], [""NONE""], [""NONE""], [""NONE""], [""NONE""], [""NONE""], [""NONE""], [""NONE""], [""NONE""], [""NONE""], [""NONE""], [""NONE""], [""NONE""], [""NONE""], [""NONE""], [""NONE""], [""NONE""], [""NONE""], [""NONE""], [""NONE""], [""NONE""], [""NONE""], [""NONE""], [""NONE""], [""NONE""], [""NONE""], [""NONE""], [""NONE""], [""NONE""], [""NONE""], [""NONE""], [""NONE""]]",0
9771706,"[[68, 85]]",diabetes mellitus,diabetes mellitus,['MESH:D003920'],9771706.1,"68,85","[[""MESH:D003920""], [""MESH:D003922""], [""OMIM:222100""], [""OMIM:612227""], [""MESH:D003924""], [""OMIM:125853""], [""NONE""], [""NONE""], [""NONE""], [""NONE""], [""NONE""], [""NONE""], [""NONE""], [""NONE""], [""NONE""], [""NONE""], [""NONE""], [""NONE""], [""NONE""], [""NONE""], [""NONE""], [""NONE""], [""NONE""], [""NONE""], [""NONE""], [""NONE""], [""NONE""], [""NONE""], [""NONE""], [""NONE""], [""NONE""], [""NONE""], [""NONE""], [""NONE""], [""NONE""], [""NONE""], [""NONE""], [""NONE""], [""NONE""]]",0
9771706,"[[90, 103]]",optic atrophy,optic atrophy,['MESH:D009896'],9771706.2,"90,103","[[""MESH:D009896""], [""MESH:D029241""], [""OMIM:165500""], [""MESH:D015418""], [""NONE""], [""NONE""], [""NONE""], [""NONE""], [""NONE""], [""NONE""], [""NONE""], [""NONE""], [""NONE""], [""NONE""], [""NONE""], [""NONE""], [""NONE""], [""NONE""], [""NONE""], [""NONE""], [""NONE""], [""NONE""], [""NONE""], [""NONE""], [""NONE""], [""NONE""], [""NONE""], [""NONE""], [""NONE""], [""NONE""], [""NONE""], [""NONE""], [""NONE""], [""NONE""], [""NONE""], [""NONE""], [""NONE""], [""NONE""], [""NONE""]]",0
9771706,"[[105, 121]]",Wolfram syndrome,Wolfram syndrome,['OMIM:222300'],9771706.3,"105,121","[[""MESH:D014929""], [""OMIM:222300""], [""MESH:C537448""], [""MESH:D054877""], [""OMIM:194190""], [""MESH:C565631""], [""OMIM:614296""], [""MESH:C565733""], [""OMIM:604928""], [""NONE""], [""NONE""], [""NONE""], [""NONE""], [""NONE""], [""NONE""], [""NONE""], [""NONE""], [""NONE""], [""NONE""], [""NONE""], [""NONE""], [""NONE""], [""NONE""], [""NONE""], [""NONE""], [""NONE""], [""NONE""], [""NONE""], [""NONE""], [""NONE""], [""NONE""], [""NONE""], [""NONE""], [""NONE""], [""NONE""], [""NONE""], [""NONE""], [""NONE""], [""NONE""]]",1
9771706,"[[124, 140]]",Wolfram syndrome,Wolfram syndrome,['OMIM:222300'],9771706.4,"124,140","[[""MESH:D014929""], [""OMIM:222300""], [""MESH:C537448""], [""MESH:D054877""], [""OMIM:194190""], [""MESH:C565631""], [""OMIM:614296""], [""MESH:C565733""], [""OMIM:604928""], [""NONE""], [""NONE""], [""NONE""], [""NONE""], [""NONE""], [""NONE""], [""NONE""], [""NONE""], [""NONE""], [""NONE""], [""NONE""], [""NONE""], [""NONE""], [""NONE""], [""NONE""], [""NONE""], [""NONE""], [""NONE""], [""NONE""], [""NONE""], [""NONE""], [""NONE""], [""NONE""], [""NONE""], [""NONE""], [""NONE""], [""NONE""], [""NONE""], [""NONE""], [""NONE""]]",1
9771706,"[[142, 145]]",WFS,Wolfram syndrome,['OMIM:222300'],9771706.5,"142,145","[[""MESH:D014929""], [""OMIM:222300""], [""MESH:C537448""], [""MESH:D054877""], [""OMIM:194190""], [""MESH:C565631""], [""OMIM:614296""], [""MESH:C565733""], [""OMIM:604928""], [""NONE""], [""NONE""], [""NONE""], [""NONE""], [""NONE""], [""NONE""], [""NONE""], [""NONE""], [""NONE""], [""NONE""], [""NONE""], [""NONE""], [""NONE""], [""NONE""], [""NONE""], [""NONE""], [""NONE""], [""NONE""], [""NONE""], [""NONE""], [""NONE""], [""NONE""], [""NONE""], [""NONE""], [""NONE""], [""NONE""], [""NONE""], [""NONE""], [""NONE""], [""NONE""]]",1
9771706,"[[166, 212]]",autosomal recessive neurodegenerative disorder,autosomal recessive neurodegenerative disorder,['MESH:D020271'],9771706.6,"166,212","[[""OMIM:300894""], [""MESH:D019636""], [""OMIM:614255""], [""MESH:D020271""], [""NONE""], [""NONE""], [""NONE""], [""NONE""], [""NONE""], [""NONE""], [""NONE""], [""NONE""], [""NONE""], [""NONE""], [""NONE""], [""NONE""], [""NONE""], [""NONE""], [""NONE""], [""NONE""], [""NONE""], [""NONE""], [""NONE""], [""NONE""], [""NONE""], [""NONE""], [""NONE""], [""NONE""], [""NONE""], [""NONE""], [""NONE""], [""NONE""], [""NONE""], [""NONE""], [""NONE""], [""NONE""], [""NONE""], [""NONE""], [""NONE""]]",3
9771706,"[[247, 282]]",insulin-dependent diabetes mellitus,insulin-dependent diabetes mellitus,['MESH:D003922'],9771706.7,"247,282","[[""MESH:D003922""], [""OMIM:222100""], [""OMIM:612227""], [""MESH:D003924""], [""OMIM:125853""], [""NONE""], [""NONE""], [""NONE""], [""NONE""], [""NONE""], [""NONE""], [""NONE""], [""NONE""], [""NONE""], [""NONE""], [""NONE""], [""NONE""], [""NONE""], [""NONE""], [""NONE""], [""NONE""], [""NONE""], [""NONE""], [""NONE""], [""NONE""], [""NONE""], [""NONE""], [""NONE""], [""NONE""], [""NONE""], [""NONE""], [""NONE""], [""NONE""], [""NONE""], [""NONE""], [""NONE""], [""NONE""], [""NONE""], [""NONE""]]",0
9771706,"[[299, 312]]",optic atrophy,optic atrophy,['MESH:D009896'],9771706.8,"299,312","[[""MESH:D009896""], [""MESH:D029241""], [""OMIM:165500""], [""MESH:D015418""], [""NONE""], [""NONE""], [""NONE""], [""NONE""], [""NONE""], [""NONE""], [""NONE""], [""NONE""], [""NONE""], [""NONE""], [""NONE""], [""NONE""], [""NONE""], [""NONE""], [""NONE""], [""NONE""], [""NONE""], [""NONE""], [""NONE""], [""NONE""], [""NONE""], [""NONE""], [""NONE""], [""NONE""], [""NONE""], [""NONE""], [""NONE""], [""NONE""], [""NONE""], [""NONE""], [""NONE""], [""NONE""], [""NONE""], [""NONE""], [""NONE""]]",0
9771706,"[[458, 461]]",WFS,Wolfram syndrome,['OMIM:222300'],9771706.9,"458,461","[[""MESH:D014929""], [""OMIM:222300""], [""MESH:C537448""], [""MESH:D054877""], [""OMIM:194190""], [""MESH:C565631""], [""OMIM:614296""], [""MESH:C565733""], [""OMIM:604928""], [""NONE""], [""NONE""], [""NONE""], [""NONE""], [""NONE""], [""NONE""], [""NONE""], [""NONE""], [""NONE""], [""NONE""], [""NONE""], [""NONE""], [""NONE""], [""NONE""], [""NONE""], [""NONE""], [""NONE""], [""NONE""], [""NONE""], [""NONE""], [""NONE""], [""NONE""], [""NONE""], [""NONE""], [""NONE""], [""NONE""], [""NONE""], [""NONE""], [""NONE""], [""NONE""]]",1
9771706,"[[642, 645]]",WFS,Wolfram syndrome,['OMIM:222300'],9771706.10,"642,645","[[""MESH:D014929""], [""OMIM:222300""], [""MESH:C537448""], [""MESH:D054877""], [""OMIM:194190""], [""MESH:C565631""], [""OMIM:614296""], [""MESH:C565733""], [""OMIM:604928""], [""NONE""], [""NONE""], [""NONE""], [""NONE""], [""NONE""], [""NONE""], [""NONE""], [""NONE""], [""NONE""], [""NONE""], [""NONE""], [""NONE""], [""NONE""], [""NONE""], [""NONE""], [""NONE""], [""NONE""], [""NONE""], [""NONE""], [""NONE""], [""NONE""], [""NONE""], [""NONE""], [""NONE""], [""NONE""], [""NONE""], [""NONE""], [""NONE""], [""NONE""], [""NONE""]]",1
9774970,"[[63, 68]]",tumor,tumor,['MESH:D009369'],9774970.1,"63,68","[[""MESH:D009369""], [""MESH:D009371""], [""NONE""], [""NONE""], [""NONE""], [""NONE""], [""NONE""], [""NONE""], [""NONE""], [""NONE""], [""NONE""], [""NONE""], [""NONE""], [""NONE""], [""NONE""], [""NONE""], [""NONE""], [""NONE""], [""NONE""], [""NONE""], [""NONE""], [""NONE""], [""NONE""], [""NONE""], [""NONE""], [""NONE""], [""NONE""], [""NONE""], [""NONE""], [""NONE""], [""NONE""], [""NONE""], [""NONE""], [""NONE""], [""NONE""], [""NONE""], [""NONE""], [""NONE""], [""NONE""]]",0
9774970,"[[180, 208]]",breast and/or ovarian cancer,breast and/or ovarian cancer,['MESH:D061325'],9774970.2,"180,208","[[""MESH:D001943""], [""OMIM:114480""], [""MESH:D061325""], [""MESH:D010051""], [""OMIM:167000""], [""OMIM:607893""], [""OMIM:604370""], [""NONE""], [""NONE""], [""NONE""], [""NONE""], [""NONE""], [""NONE""], [""NONE""], [""NONE""], [""NONE""], [""NONE""], [""NONE""], [""NONE""], [""NONE""], [""NONE""], [""NONE""], [""NONE""], [""NONE""], [""NONE""], [""NONE""], [""NONE""], [""NONE""], [""NONE""], [""NONE""], [""NONE""], [""NONE""], [""NONE""], [""NONE""], [""NONE""], [""NONE""], [""NONE""], [""NONE""], [""NONE""]]",2
9774970,"[[834, 873]]",hereditary breast and/or ovarian cancer,hereditary breast and/or ovarian cancer,['MESH:D061325'],9774970.3,"834,873","[[""MESH:D061325""], [""OMIM:604370""], [""MESH:C562840""], [""MESH:D010051""], [""OMIM:167000""], [""OMIM:607893""], [""OMIM:613399""], [""OMIM:612555""], [""NONE""], [""NONE""], [""NONE""], [""NONE""], [""NONE""], [""NONE""], [""NONE""], [""NONE""], [""NONE""], [""NONE""], [""NONE""], [""NONE""], [""NONE""], [""NONE""], [""NONE""], [""NONE""], [""NONE""], [""NONE""], [""NONE""], [""NONE""], [""NONE""], [""NONE""], [""NONE""], [""NONE""], [""NONE""], [""NONE""], [""NONE""], [""NONE""], [""NONE""], [""NONE""], [""NONE""]]",0
9790667,"[[269, 299]]",cerebrotendinous xanthomatosis,cerebrotendinous xanthomatosis,['MESH:D019294'],9790667.1,"269,299","[[""MESH:D019294""], [""OMIM:213700""], [""MESH:D002549""], [""NONE""], [""NONE""], [""NONE""], [""NONE""], [""NONE""], [""NONE""], [""NONE""], [""NONE""], [""NONE""], [""NONE""], [""NONE""], [""NONE""], [""NONE""], [""NONE""], [""NONE""], [""NONE""], [""NONE""], [""NONE""], [""NONE""], [""NONE""], [""NONE""], [""NONE""], [""NONE""], [""NONE""], [""NONE""], [""NONE""], [""NONE""], [""NONE""], [""NONE""], [""NONE""], [""NONE""], [""NONE""], [""NONE""], [""NONE""], [""NONE""], [""NONE""]]",0
9790667,"[[301, 304]]",CTX,cerebrotendinous xanthomatosis,['MESH:D019294'],9790667.2,"301,304","[[""MESH:D019294""], [""OMIM:213700""], [""MESH:D002549""], [""NONE""], [""NONE""], [""NONE""], [""NONE""], [""NONE""], [""NONE""], [""NONE""], [""NONE""], [""NONE""], [""NONE""], [""NONE""], [""NONE""], [""NONE""], [""NONE""], [""NONE""], [""NONE""], [""NONE""], [""NONE""], [""NONE""], [""NONE""], [""NONE""], [""NONE""], [""NONE""], [""NONE""], [""NONE""], [""NONE""], [""NONE""], [""NONE""], [""NONE""], [""NONE""], [""NONE""], [""NONE""], [""NONE""], [""NONE""], [""NONE""], [""NONE""]]",0
9792409,"[[36, 57]]",ataxia-telangiectasia,ataxia-telangiectasia,['MESH:D001260'],9792409.1,"36,57","[[""MESH:D001260""], [""OMIM:208900""], [""MESH:C565779""], [""OMIM:604391""], [""OMIM:615919""], [""MESH:C538013""], [""OMIM:208920""], [""MESH:D049932""], [""OMIM:251260""], [""NONE""], [""NONE""], [""NONE""], [""NONE""], [""NONE""], [""NONE""], [""NONE""], [""NONE""], [""NONE""], [""NONE""], [""NONE""], [""NONE""], [""NONE""], [""NONE""], [""NONE""], [""NONE""], [""NONE""], [""NONE""], [""NONE""], [""NONE""], [""NONE""], [""NONE""], [""NONE""], [""NONE""], [""NONE""], [""NONE""], [""NONE""], [""NONE""], [""NONE""], [""NONE""]]",0
9792409,"[[151, 179]]",autosomal recessive disorder,autosomal recessive disorder,['MESH:D030342'],9792409.2,"151,179","[[""MESH:C566739""], [""OMIM:178110""], [""MESH:D035583""], [""MESH:D030342""], [""MESH:D000073296""], [""NONE""], [""NONE""], [""NONE""], [""NONE""], [""NONE""], [""NONE""], [""NONE""], [""NONE""], [""NONE""], [""NONE""], [""NONE""], [""NONE""], [""NONE""], [""NONE""], [""NONE""], [""NONE""], [""NONE""], [""NONE""], [""NONE""], [""NONE""], [""NONE""], [""NONE""], [""NONE""], [""NONE""], [""NONE""], [""NONE""], [""NONE""], [""NONE""], [""NONE""], [""NONE""], [""NONE""], [""NONE""], [""NONE""], [""NONE""]]",3
9792409,"[[180, 201]]",ataxia-telangiectasia,ataxia-telangiectasia,['MESH:D001260'],9792409.3,"180,201","[[""MESH:D001260""], [""OMIM:208900""], [""MESH:C565779""], [""OMIM:604391""], [""OMIM:615919""], [""MESH:C538013""], [""OMIM:208920""], [""MESH:D049932""], [""OMIM:251260""], [""NONE""], [""NONE""], [""NONE""], [""NONE""], [""NONE""], [""NONE""], [""NONE""], [""NONE""], [""NONE""], [""NONE""], [""NONE""], [""NONE""], [""NONE""], [""NONE""], [""NONE""], [""NONE""], [""NONE""], [""NONE""], [""NONE""], [""NONE""], [""NONE""], [""NONE""], [""NONE""], [""NONE""], [""NONE""], [""NONE""], [""NONE""], [""NONE""], [""NONE""], [""NONE""]]",0
9792409,"[[203, 206]]",A-T,ataxia-telangiectasia,['MESH:D001260'],9792409.4,"203,206","[[""MESH:D001260""], [""OMIM:208900""], [""MESH:C565779""], [""OMIM:604391""], [""OMIM:615919""], [""MESH:C538013""], [""OMIM:208920""], [""MESH:D049932""], [""OMIM:251260""], [""NONE""], [""NONE""], [""NONE""], [""NONE""], [""NONE""], [""NONE""], [""NONE""], [""NONE""], [""NONE""], [""NONE""], [""NONE""], [""NONE""], [""NONE""], [""NONE""], [""NONE""], [""NONE""], [""NONE""], [""NONE""], [""NONE""], [""NONE""], [""NONE""], [""NONE""], [""NONE""], [""NONE""], [""NONE""], [""NONE""], [""NONE""], [""NONE""], [""NONE""], [""NONE""]]",0
9792409,"[[284, 287]]",A-T,ataxia-telangiectasia,['MESH:D001260'],9792409.5,"284,287","[[""MESH:D001260""], [""OMIM:208900""], [""MESH:C565779""], [""OMIM:604391""], [""OMIM:615919""], [""MESH:C538013""], [""OMIM:208920""], [""MESH:D049932""], [""OMIM:251260""], [""NONE""], [""NONE""], [""NONE""], [""NONE""], [""NONE""], [""NONE""], [""NONE""], [""NONE""], [""NONE""], [""NONE""], [""NONE""], [""NONE""], [""NONE""], [""NONE""], [""NONE""], [""NONE""], [""NONE""], [""NONE""], [""NONE""], [""NONE""], [""NONE""], [""NONE""], [""NONE""], [""NONE""], [""NONE""], [""NONE""], [""NONE""], [""NONE""], [""NONE""], [""NONE""]]",0
9792409,"[[1019, 1022]]",A-T,ataxia-telangiectasia,['MESH:D001260'],9792409.6,"1019,1022","[[""MESH:D001260""], [""OMIM:208900""], [""MESH:C565779""], [""OMIM:604391""], [""OMIM:615919""], [""MESH:C538013""], [""OMIM:208920""], [""MESH:D049932""], [""OMIM:251260""], [""NONE""], [""NONE""], [""NONE""], [""NONE""], [""NONE""], [""NONE""], [""NONE""], [""NONE""], [""NONE""], [""NONE""], [""NONE""], [""NONE""], [""NONE""], [""NONE""], [""NONE""], [""NONE""], [""NONE""], [""NONE""], [""NONE""], [""NONE""], [""NONE""], [""NONE""], [""NONE""], [""NONE""], [""NONE""], [""NONE""], [""NONE""], [""NONE""], [""NONE""], [""NONE""]]",0
9792409,"[[1077, 1080]]",A-T,ataxia-telangiectasia,['MESH:D001260'],9792409.7,"1077,1080","[[""MESH:D001260""], [""OMIM:208900""], [""MESH:C565779""], [""OMIM:604391""], [""OMIM:615919""], [""MESH:C538013""], [""OMIM:208920""], [""MESH:D049932""], [""OMIM:251260""], [""NONE""], [""NONE""], [""NONE""], [""NONE""], [""NONE""], [""NONE""], [""NONE""], [""NONE""], [""NONE""], [""NONE""], [""NONE""], [""NONE""], [""NONE""], [""NONE""], [""NONE""], [""NONE""], [""NONE""], [""NONE""], [""NONE""], [""NONE""], [""NONE""], [""NONE""], [""NONE""], [""NONE""], [""NONE""], [""NONE""], [""NONE""], [""NONE""], [""NONE""], [""NONE""]]",0
9792409,"[[1526, 1529]]",A-T,ataxia-telangiectasia,['MESH:D001260'],9792409.8,"1526,1529","[[""MESH:D001260""], [""OMIM:208900""], [""MESH:C565779""], [""OMIM:604391""], [""OMIM:615919""], [""MESH:C538013""], [""OMIM:208920""], [""MESH:D049932""], [""OMIM:251260""], [""NONE""], [""NONE""], [""NONE""], [""NONE""], [""NONE""], [""NONE""], [""NONE""], [""NONE""], [""NONE""], [""NONE""], [""NONE""], [""NONE""], [""NONE""], [""NONE""], [""NONE""], [""NONE""], [""NONE""], [""NONE""], [""NONE""], [""NONE""], [""NONE""], [""NONE""], [""NONE""], [""NONE""], [""NONE""], [""NONE""], [""NONE""], [""NONE""], [""NONE""], [""NONE""]]",0
9792860,"[[89, 124]]",autosomal recessive Alport syndrome,autosomal recessive Alport syndrome,['MESH:C536587'],9792860.1,"89,124","[[""MESH:D009394""], [""MESH:C536587""], [""OMIM:203780""], [""MESH:C536586""], [""OMIM:104200""], [""OMIM:301050""], [""NONE""], [""NONE""], [""NONE""], [""NONE""], [""NONE""], [""NONE""], [""NONE""], [""NONE""], [""NONE""], [""NONE""], [""NONE""], [""NONE""], [""NONE""], [""NONE""], [""NONE""], [""NONE""], [""NONE""], [""NONE""], [""NONE""], [""NONE""], [""NONE""], [""NONE""], [""NONE""], [""NONE""], [""NONE""], [""NONE""], [""NONE""], [""NONE""], [""NONE""], [""NONE""], [""NONE""], [""NONE""], [""NONE""]]",1
9792860,"[[126, 161]]",Autosomal recessive Alport syndrome,Autosomal recessive Alport syndrome,['MESH:C536587'],9792860.2,"126,161","[[""MESH:D009394""], [""MESH:C536587""], [""OMIM:203780""], [""MESH:C536586""], [""OMIM:104200""], [""OMIM:301050""], [""NONE""], [""NONE""], [""NONE""], [""NONE""], [""NONE""], [""NONE""], [""NONE""], [""NONE""], [""NONE""], [""NONE""], [""NONE""], [""NONE""], [""NONE""], [""NONE""], [""NONE""], [""NONE""], [""NONE""], [""NONE""], [""NONE""], [""NONE""], [""NONE""], [""NONE""], [""NONE""], [""NONE""], [""NONE""], [""NONE""], [""NONE""], [""NONE""], [""NONE""], [""NONE""], [""NONE""], [""NONE""], [""NONE""]]",1
9792860,"[[716, 751]]",autosomal recessive Alport syndrome,autosomal recessive Alport syndrome,['MESH:C536587'],9792860.5,"716,751","[[""MESH:D009394""], [""MESH:C536587""], [""OMIM:203780""], [""MESH:C536586""], [""OMIM:104200""], [""OMIM:301050""], [""NONE""], [""NONE""], [""NONE""], [""NONE""], [""NONE""], [""NONE""], [""NONE""], [""NONE""], [""NONE""], [""NONE""], [""NONE""], [""NONE""], [""NONE""], [""NONE""], [""NONE""], [""NONE""], [""NONE""], [""NONE""], [""NONE""], [""NONE""], [""NONE""], [""NONE""], [""NONE""], [""NONE""], [""NONE""], [""NONE""], [""NONE""], [""NONE""], [""NONE""], [""NONE""], [""NONE""], [""NONE""], [""NONE""]]",1
9792861,"[[53, 78]]",breast and ovarian cancer,breast and ovarian cancer,['MESH:D061325'],9792861.1,"53,78","[[""MESH:D061325""], [""MESH:D001943""], [""OMIM:114480""], [""OMIM:604370""], [""OMIM:613399""], [""OMIM:612555""], [""MESH:C562840""], [""MESH:D010051""], [""OMIM:167000""], [""OMIM:607893""], [""NONE""], [""NONE""], [""NONE""], [""NONE""], [""NONE""], [""NONE""], [""NONE""], [""NONE""], [""NONE""], [""NONE""], [""NONE""], [""NONE""], [""NONE""], [""NONE""], [""NONE""], [""NONE""], [""NONE""], [""NONE""], [""NONE""], [""NONE""], [""NONE""], [""NONE""], [""NONE""], [""NONE""], [""NONE""], [""NONE""], [""NONE""], [""NONE""], [""NONE""]]",0
9792861,"[[138, 151]]",breast cancer,breast cancer,['MESH:D001943'],9792861.2,"138,151","[[""MESH:D001943""], [""OMIM:114480""], [""NONE""], [""NONE""], [""NONE""], [""NONE""], [""NONE""], [""NONE""], [""NONE""], [""NONE""], [""NONE""], [""NONE""], [""NONE""], [""NONE""], [""NONE""], [""NONE""], [""NONE""], [""NONE""], [""NONE""], [""NONE""], [""NONE""], [""NONE""], [""NONE""], [""NONE""], [""NONE""], [""NONE""], [""NONE""], [""NONE""], [""NONE""], [""NONE""], [""NONE""], [""NONE""], [""NONE""], [""NONE""], [""NONE""], [""NONE""], [""NONE""], [""NONE""], [""NONE""]]",0
9792861,"[[210, 223]]",breast cancer,breast cancer,['MESH:D001943'],9792861.3,"210,223","[[""MESH:D001943""], [""OMIM:114480""], [""NONE""], [""NONE""], [""NONE""], [""NONE""], [""NONE""], [""NONE""], [""NONE""], [""NONE""], [""NONE""], [""NONE""], [""NONE""], [""NONE""], [""NONE""], [""NONE""], [""NONE""], [""NONE""], [""NONE""], [""NONE""], [""NONE""], [""NONE""], [""NONE""], [""NONE""], [""NONE""], [""NONE""], [""NONE""], [""NONE""], [""NONE""], [""NONE""], [""NONE""], [""NONE""], [""NONE""], [""NONE""], [""NONE""], [""NONE""], [""NONE""], [""NONE""], [""NONE""]]",0
9792861,"[[228, 249]]",breast/ovarian cancer,breast/ovarian cancer,['MESH:D061325'],9792861.4,"228,249","[[""MESH:D061325""], [""MESH:D001943""], [""OMIM:114480""], [""OMIM:604370""], [""OMIM:613399""], [""OMIM:612555""], [""MESH:D010051""], [""OMIM:167000""], [""OMIM:607893""], [""NONE""], [""NONE""], [""NONE""], [""NONE""], [""NONE""], [""NONE""], [""NONE""], [""NONE""], [""NONE""], [""NONE""], [""NONE""], [""NONE""], [""NONE""], [""NONE""], [""NONE""], [""NONE""], [""NONE""], [""NONE""], [""NONE""], [""NONE""], [""NONE""], [""NONE""], [""NONE""], [""NONE""], [""NONE""], [""NONE""], [""NONE""], [""NONE""], [""NONE""], [""NONE""]]",0
9792861,"[[355, 361]]",cancer,cancer,['MESH:D009369'],9792861.5,"355,361","[[""MESH:D009369""], [""MESH:D009371""], [""NONE""], [""NONE""], [""NONE""], [""NONE""], [""NONE""], [""NONE""], [""NONE""], [""NONE""], [""NONE""], [""NONE""], [""NONE""], [""NONE""], [""NONE""], [""NONE""], [""NONE""], [""NONE""], [""NONE""], [""NONE""], [""NONE""], [""NONE""], [""NONE""], [""NONE""], [""NONE""], [""NONE""], [""NONE""], [""NONE""], [""NONE""], [""NONE""], [""NONE""], [""NONE""], [""NONE""], [""NONE""], [""NONE""], [""NONE""], [""NONE""], [""NONE""], [""NONE""]]",0
9792861,"[[807, 821]]",ovarian cancer,ovarian cancer,['MESH:D010051'],9792861.6,"807,821","[[""MESH:D010051""], [""OMIM:167000""], [""OMIM:607893""], [""NONE""], [""NONE""], [""NONE""], [""NONE""], [""NONE""], [""NONE""], [""NONE""], [""NONE""], [""NONE""], [""NONE""], [""NONE""], [""NONE""], [""NONE""], [""NONE""], [""NONE""], [""NONE""], [""NONE""], [""NONE""], [""NONE""], [""NONE""], [""NONE""], [""NONE""], [""NONE""], [""NONE""], [""NONE""], [""NONE""], [""NONE""], [""NONE""], [""NONE""], [""NONE""], [""NONE""], [""NONE""], [""NONE""], [""NONE""], [""NONE""], [""NONE""]]",0
9792861,"[[967, 980]]",breast cancer,breast cancer,['MESH:D001943'],9792861.7,"967,980","[[""MESH:D001943""], [""OMIM:114480""], [""NONE""], [""NONE""], [""NONE""], [""NONE""], [""NONE""], [""NONE""], [""NONE""], [""NONE""], [""NONE""], [""NONE""], [""NONE""], [""NONE""], [""NONE""], [""NONE""], [""NONE""], [""NONE""], [""NONE""], [""NONE""], [""NONE""], [""NONE""], [""NONE""], [""NONE""], [""NONE""], [""NONE""], [""NONE""], [""NONE""], [""NONE""], [""NONE""], [""NONE""], [""NONE""], [""NONE""], [""NONE""], [""NONE""], [""NONE""], [""NONE""], [""NONE""], [""NONE""]]",0
9792861,"[[1029, 1042]]",breast cancer,breast cancer,['MESH:D001943'],9792861.8,"1029,1042","[[""MESH:D001943""], [""OMIM:114480""], [""NONE""], [""NONE""], [""NONE""], [""NONE""], [""NONE""], [""NONE""], [""NONE""], [""NONE""], [""NONE""], [""NONE""], [""NONE""], [""NONE""], [""NONE""], [""NONE""], [""NONE""], [""NONE""], [""NONE""], [""NONE""], [""NONE""], [""NONE""], [""NONE""], [""NONE""], [""NONE""], [""NONE""], [""NONE""], [""NONE""], [""NONE""], [""NONE""], [""NONE""], [""NONE""], [""NONE""], [""NONE""], [""NONE""], [""NONE""], [""NONE""], [""NONE""], [""NONE""]]",0
9792861,"[[1453, 1466]]",breast cancer,breast cancer,['MESH:D001943'],9792861.9,"1453,1466","[[""MESH:D001943""], [""OMIM:114480""], [""NONE""], [""NONE""], [""NONE""], [""NONE""], [""NONE""], [""NONE""], [""NONE""], [""NONE""], [""NONE""], [""NONE""], [""NONE""], [""NONE""], [""NONE""], [""NONE""], [""NONE""], [""NONE""], [""NONE""], [""NONE""], [""NONE""], [""NONE""], [""NONE""], [""NONE""], [""NONE""], [""NONE""], [""NONE""], [""NONE""], [""NONE""], [""NONE""], [""NONE""], [""NONE""], [""NONE""], [""NONE""], [""NONE""], [""NONE""], [""NONE""], [""NONE""], [""NONE""]]",0
9792861,"[[1471, 1492]]",breast/ovarian cancer,breast/ovarian cancer,['MESH:D061325'],9792861.10,"1471,1492","[[""MESH:D061325""], [""MESH:D001943""], [""OMIM:114480""], [""OMIM:604370""], [""OMIM:613399""], [""OMIM:612555""], [""MESH:D010051""], [""OMIM:167000""], [""OMIM:607893""], [""NONE""], [""NONE""], [""NONE""], [""NONE""], [""NONE""], [""NONE""], [""NONE""], [""NONE""], [""NONE""], [""NONE""], [""NONE""], [""NONE""], [""NONE""], [""NONE""], [""NONE""], [""NONE""], [""NONE""], [""NONE""], [""NONE""], [""NONE""], [""NONE""], [""NONE""], [""NONE""], [""NONE""], [""NONE""], [""NONE""], [""NONE""], [""NONE""], [""NONE""], [""NONE""]]",0
9800909,"[[80, 107]]",Duchenne muscular dystrophy,Duchenne muscular dystrophy,['MESH:D020388'],9800909.2,"80,107","[[""MESH:D020388""], [""OMIM:300376""], [""OMIM:310200""], [""MESH:C535900""], [""OMIM:253700""], [""NONE""], [""NONE""], [""NONE""], [""NONE""], [""NONE""], [""NONE""], [""NONE""], [""NONE""], [""NONE""], [""NONE""], [""NONE""], [""NONE""], [""NONE""], [""NONE""], [""NONE""], [""NONE""], [""NONE""], [""NONE""], [""NONE""], [""NONE""], [""NONE""], [""NONE""], [""NONE""], [""NONE""], [""NONE""], [""NONE""], [""NONE""], [""NONE""], [""NONE""], [""NONE""], [""NONE""], [""NONE""], [""NONE""], [""NONE""]]",0
9800909,"[[205, 232]]",Duchenne muscular dystrophy,Duchenne muscular dystrophy,['MESH:D020388'],9800909.3,"205,232","[[""MESH:D020388""], [""OMIM:300376""], [""OMIM:310200""], [""MESH:C535900""], [""OMIM:253700""], [""NONE""], [""NONE""], [""NONE""], [""NONE""], [""NONE""], [""NONE""], [""NONE""], [""NONE""], [""NONE""], [""NONE""], [""NONE""], [""NONE""], [""NONE""], [""NONE""], [""NONE""], [""NONE""], [""NONE""], [""NONE""], [""NONE""], [""NONE""], [""NONE""], [""NONE""], [""NONE""], [""NONE""], [""NONE""], [""NONE""], [""NONE""], [""NONE""], [""NONE""], [""NONE""], [""NONE""], [""NONE""], [""NONE""], [""NONE""]]",0
9800909,"[[234, 237]]",DMD,Duchenne muscular dystrophy,['MESH:D020388'],9800909.4,"234,237","[[""MESH:D020388""], [""OMIM:300376""], [""OMIM:310200""], [""MESH:C535900""], [""OMIM:253700""], [""NONE""], [""NONE""], [""NONE""], [""NONE""], [""NONE""], [""NONE""], [""NONE""], [""NONE""], [""NONE""], [""NONE""], [""NONE""], [""NONE""], [""NONE""], [""NONE""], [""NONE""], [""NONE""], [""NONE""], [""NONE""], [""NONE""], [""NONE""], [""NONE""], [""NONE""], [""NONE""], [""NONE""], [""NONE""], [""NONE""], [""NONE""], [""NONE""], [""NONE""], [""NONE""], [""NONE""], [""NONE""], [""NONE""], [""NONE""]]",0
9800909,"[[326, 329]]",DMD,Duchenne muscular dystrophy,['MESH:D020388'],9800909.6,"326,329","[[""MESH:D020388""], [""OMIM:300376""], [""OMIM:310200""], [""MESH:C535900""], [""OMIM:253700""], [""NONE""], [""NONE""], [""NONE""], [""NONE""], [""NONE""], [""NONE""], [""NONE""], [""NONE""], [""NONE""], [""NONE""], [""NONE""], [""NONE""], [""NONE""], [""NONE""], [""NONE""], [""NONE""], [""NONE""], [""NONE""], [""NONE""], [""NONE""], [""NONE""], [""NONE""], [""NONE""], [""NONE""], [""NONE""], [""NONE""], [""NONE""], [""NONE""], [""NONE""], [""NONE""], [""NONE""], [""NONE""], [""NONE""], [""NONE""]]",0
9800909,"[[481, 484]]",DMD,Duchenne muscular dystrophy,['MESH:D020388'],9800909.7,"481,484","[[""MESH:D020388""], [""OMIM:300376""], [""OMIM:310200""], [""MESH:C535900""], [""OMIM:253700""], [""NONE""], [""NONE""], [""NONE""], [""NONE""], [""NONE""], [""NONE""], [""NONE""], [""NONE""], [""NONE""], [""NONE""], [""NONE""], [""NONE""], [""NONE""], [""NONE""], [""NONE""], [""NONE""], [""NONE""], [""NONE""], [""NONE""], [""NONE""], [""NONE""], [""NONE""], [""NONE""], [""NONE""], [""NONE""], [""NONE""], [""NONE""], [""NONE""], [""NONE""], [""NONE""], [""NONE""], [""NONE""], [""NONE""], [""NONE""]]",0
9800909,"[[1039, 1059]]",cerebral dysfunction,cerebral dysfunction,['MESH:D001927'],9800909.9,"1039,1059","[[""MESH:D001927""], [""MESH:D003072""], [""MESH:D019954""], [""NONE""], [""NONE""], [""NONE""], [""NONE""], [""NONE""], [""NONE""], [""NONE""], [""NONE""], [""NONE""], [""NONE""], [""NONE""], [""NONE""], [""NONE""], [""NONE""], [""NONE""], [""NONE""], [""NONE""], [""NONE""], [""NONE""], [""NONE""], [""NONE""], [""NONE""], [""NONE""], [""NONE""], [""NONE""], [""NONE""], [""NONE""], [""NONE""], [""NONE""], [""NONE""], [""NONE""], [""NONE""], [""NONE""], [""NONE""], [""NONE""], [""NONE""]]",0
9800909,"[[1168, 1171]]",DMD,Duchenne muscular dystrophy,['MESH:D020388'],9800909.10,"1168,1171","[[""MESH:D020388""], [""OMIM:300376""], [""OMIM:310200""], [""MESH:C535900""], [""OMIM:253700""], [""NONE""], [""NONE""], [""NONE""], [""NONE""], [""NONE""], [""NONE""], [""NONE""], [""NONE""], [""NONE""], [""NONE""], [""NONE""], [""NONE""], [""NONE""], [""NONE""], [""NONE""], [""NONE""], [""NONE""], [""NONE""], [""NONE""], [""NONE""], [""NONE""], [""NONE""], [""NONE""], [""NONE""], [""NONE""], [""NONE""], [""NONE""], [""NONE""], [""NONE""], [""NONE""], [""NONE""], [""NONE""], [""NONE""], [""NONE""]]",0
9800909,"[[1263, 1266]]",DMD,Duchenne muscular dystrophy,['MESH:D020388'],9800909.12,"1263,1266","[[""MESH:D020388""], [""OMIM:300376""], [""OMIM:310200""], [""MESH:C535900""], [""OMIM:253700""], [""NONE""], [""NONE""], [""NONE""], [""NONE""], [""NONE""], [""NONE""], [""NONE""], [""NONE""], [""NONE""], [""NONE""], [""NONE""], [""NONE""], [""NONE""], [""NONE""], [""NONE""], [""NONE""], [""NONE""], [""NONE""], [""NONE""], [""NONE""], [""NONE""], [""NONE""], [""NONE""], [""NONE""], [""NONE""], [""NONE""], [""NONE""], [""NONE""], [""NONE""], [""NONE""], [""NONE""], [""NONE""], [""NONE""], [""NONE""]]",0
9831355,"[[59, 101]]",hereditary non-polyposis colorectal cancer,hereditary non-polyposis colorectal cancer,['MESH:D003123'],9831355.1,"59,101","[[""MESH:D003123""], [""MESH:C537261""], [""OMIM:120435""], [""NONE""], [""NONE""], [""NONE""], [""NONE""], [""NONE""], [""NONE""], [""NONE""], [""NONE""], [""NONE""], [""NONE""], [""NONE""], [""NONE""], [""NONE""], [""NONE""], [""NONE""], [""NONE""], [""NONE""], [""NONE""], [""NONE""], [""NONE""], [""NONE""], [""NONE""], [""NONE""], [""NONE""], [""NONE""], [""NONE""], [""NONE""], [""NONE""], [""NONE""], [""NONE""], [""NONE""], [""NONE""], [""NONE""], [""NONE""], [""NONE""], [""NONE""]]",0
9831355,"[[133, 175]]",hereditary non-polyposis colorectal cancer,hereditary non-polyposis colorectal cancer,['MESH:D003123'],9831355.2,"133,175","[[""MESH:D003123""], [""MESH:C537261""], [""OMIM:120435""], [""NONE""], [""NONE""], [""NONE""], [""NONE""], [""NONE""], [""NONE""], [""NONE""], [""NONE""], [""NONE""], [""NONE""], [""NONE""], [""NONE""], [""NONE""], [""NONE""], [""NONE""], [""NONE""], [""NONE""], [""NONE""], [""NONE""], [""NONE""], [""NONE""], [""NONE""], [""NONE""], [""NONE""], [""NONE""], [""NONE""], [""NONE""], [""NONE""], [""NONE""], [""NONE""], [""NONE""], [""NONE""], [""NONE""], [""NONE""], [""NONE""], [""NONE""]]",0
9831355,"[[177, 182]]",HNPCC,hereditary non-polyposis colorectal cancer,['MESH:D003123'],9831355.3,"177,182","[[""MESH:D003123""], [""MESH:C537261""], [""OMIM:120435""], [""NONE""], [""NONE""], [""NONE""], [""NONE""], [""NONE""], [""NONE""], [""NONE""], [""NONE""], [""NONE""], [""NONE""], [""NONE""], [""NONE""], [""NONE""], [""NONE""], [""NONE""], [""NONE""], [""NONE""], [""NONE""], [""NONE""], [""NONE""], [""NONE""], [""NONE""], [""NONE""], [""NONE""], [""NONE""], [""NONE""], [""NONE""], [""NONE""], [""NONE""], [""NONE""], [""NONE""], [""NONE""], [""NONE""], [""NONE""], [""NONE""], [""NONE""]]",0
9831355,"[[325, 342]]",colorectal cancer,colorectal cancer,['MESH:D015179'],9831355.4,"325,342","[[""MESH:D015179""], [""OMIM:114500""], [""OMIM:608812""], [""OMIM:611469""], [""OMIM:612229""], [""OMIM:612230""], [""OMIM:612231""], [""OMIM:612232""], [""OMIM:612589""], [""OMIM:612590""], [""OMIM:612591""], [""OMIM:612592""], [""OMIM:615083""], [""NONE""], [""NONE""], [""NONE""], [""NONE""], [""NONE""], [""NONE""], [""NONE""], [""NONE""], [""NONE""], [""NONE""], [""NONE""], [""NONE""], [""NONE""], [""NONE""], [""NONE""], [""NONE""], [""NONE""], [""NONE""], [""NONE""], [""NONE""], [""NONE""], [""NONE""], [""NONE""], [""NONE""], [""NONE""], [""NONE""]]",0
9831355,"[[622, 628]]",cancer,cancer,['MESH:D009369'],9831355.5,"622,628","[[""MESH:D009369""], [""MESH:D009371""], [""NONE""], [""NONE""], [""NONE""], [""NONE""], [""NONE""], [""NONE""], [""NONE""], [""NONE""], [""NONE""], [""NONE""], [""NONE""], [""NONE""], [""NONE""], [""NONE""], [""NONE""], [""NONE""], [""NONE""], [""NONE""], [""NONE""], [""NONE""], [""NONE""], [""NONE""], [""NONE""], [""NONE""], [""NONE""], [""NONE""], [""NONE""], [""NONE""], [""NONE""], [""NONE""], [""NONE""], [""NONE""], [""NONE""], [""NONE""], [""NONE""], [""NONE""], [""NONE""]]",0
9843038,"[[65, 90]]",hereditary coproporphyria,hereditary coproporphyria,['MESH:D046349'],9843038.1,"65,90","[[""MESH:D046349""], [""OMIM:121300""], [""MESH:C535469""], [""MESH:D046350""], [""OMIM:176200""], [""NONE""], [""NONE""], [""NONE""], [""NONE""], [""NONE""], [""NONE""], [""NONE""], [""NONE""], [""NONE""], [""NONE""], [""NONE""], [""NONE""], [""NONE""], [""NONE""], [""NONE""], [""NONE""], [""NONE""], [""NONE""], [""NONE""], [""NONE""], [""NONE""], [""NONE""], [""NONE""], [""NONE""], [""NONE""], [""NONE""], [""NONE""], [""NONE""], [""NONE""], [""NONE""], [""NONE""], [""NONE""], [""NONE""], [""NONE""]]",0
9843038,"[[99, 124]]",Hereditary coproporphyria,Hereditary coproporphyria,['MESH:D046349'],9843038.2,"99,124","[[""MESH:D046349""], [""OMIM:121300""], [""MESH:C535469""], [""MESH:D046350""], [""OMIM:176200""], [""NONE""], [""NONE""], [""NONE""], [""NONE""], [""NONE""], [""NONE""], [""NONE""], [""NONE""], [""NONE""], [""NONE""], [""NONE""], [""NONE""], [""NONE""], [""NONE""], [""NONE""], [""NONE""], [""NONE""], [""NONE""], [""NONE""], [""NONE""], [""NONE""], [""NONE""], [""NONE""], [""NONE""], [""NONE""], [""NONE""], [""NONE""], [""NONE""], [""NONE""], [""NONE""], [""NONE""], [""NONE""], [""NONE""], [""NONE""]]",0
9843038,"[[126, 129]]",HCP,Hereditary coproporphyria,['MESH:D046349'],9843038.3,"126,129","[[""MESH:D046349""], [""OMIM:121300""], [""MESH:C535469""], [""MESH:D046350""], [""OMIM:176200""], [""NONE""], [""NONE""], [""NONE""], [""NONE""], [""NONE""], [""NONE""], [""NONE""], [""NONE""], [""NONE""], [""NONE""], [""NONE""], [""NONE""], [""NONE""], [""NONE""], [""NONE""], [""NONE""], [""NONE""], [""NONE""], [""NONE""], [""NONE""], [""NONE""], [""NONE""], [""NONE""], [""NONE""], [""NONE""], [""NONE""], [""NONE""], [""NONE""], [""NONE""], [""NONE""], [""NONE""], [""NONE""], [""NONE""], [""NONE""]]",0
9843038,"[[183, 223]]",deficiency of coproporphyrinogen oxidase,deficiency of coproporphyrinogen oxidase,['MESH:D046349'],9843038.5,"183,223","[[""MESH:D046349""], [""OMIM:121300""], [""MESH:C535469""], [""MESH:D046350""], [""OMIM:176200""], [""NONE""], [""NONE""], [""NONE""], [""NONE""], [""NONE""], [""NONE""], [""NONE""], [""NONE""], [""NONE""], [""NONE""], [""NONE""], [""NONE""], [""NONE""], [""NONE""], [""NONE""], [""NONE""], [""NONE""], [""NONE""], [""NONE""], [""NONE""], [""NONE""], [""NONE""], [""NONE""], [""NONE""], [""NONE""], [""NONE""], [""NONE""], [""NONE""], [""NONE""], [""NONE""], [""NONE""], [""NONE""], [""NONE""], [""NONE""]]",0
9843038,"[[320, 323]]",HCP,Hereditary coproporphyria,['MESH:D046349'],9843038.6,"320,323","[[""MESH:D046349""], [""OMIM:121300""], [""MESH:C535469""], [""MESH:D046350""], [""OMIM:176200""], [""NONE""], [""NONE""], [""NONE""], [""NONE""], [""NONE""], [""NONE""], [""NONE""], [""NONE""], [""NONE""], [""NONE""], [""NONE""], [""NONE""], [""NONE""], [""NONE""], [""NONE""], [""NONE""], [""NONE""], [""NONE""], [""NONE""], [""NONE""], [""NONE""], [""NONE""], [""NONE""], [""NONE""], [""NONE""], [""NONE""], [""NONE""], [""NONE""], [""NONE""], [""NONE""], [""NONE""], [""NONE""], [""NONE""], [""NONE""]]",0
9848786,"[[0, 36]]",Human complement factor H deficiency,Human complement factor H deficiency,['OMIM:609814'],9848786.1,"0,36","[[""MESH:C562875""], [""OMIM:609814""], [""MESH:C565027""], [""OMIM:613912""], [""MESH:C537145""], [""OMIM:145980""], [""MESH:C572568""], [""OMIM:610984""], [""MESH:C566535""], [""MESH:D006950""], [""OMIM:144250""], [""OMIM:602491""], [""OMIM:604499""], [""NONE""], [""NONE""], [""NONE""], [""NONE""], [""NONE""], [""NONE""], [""NONE""], [""NONE""], [""NONE""], [""NONE""], [""NONE""], [""NONE""], [""NONE""], [""NONE""], [""NONE""], [""NONE""], [""NONE""], [""NONE""], [""NONE""], [""NONE""], [""NONE""], [""NONE""], [""NONE""], [""NONE""], [""NONE""], [""NONE""]]",1
9848786,"[[53, 78]]",hemolytic uremic syndrome,hemolytic uremic syndrome,['MESH:D006463'],9848786.2,"53,78","[[""MESH:D006463""], [""MESH:D065766""], [""OMIM:235400""], [""OMIM:612922""], [""OMIM:612923""], [""OMIM:612924""], [""OMIM:612925""], [""OMIM:612926""], [""NONE""], [""NONE""], [""NONE""], [""NONE""], [""NONE""], [""NONE""], [""NONE""], [""NONE""], [""NONE""], [""NONE""], [""NONE""], [""NONE""], [""NONE""], [""NONE""], [""NONE""], [""NONE""], [""NONE""], [""NONE""], [""NONE""], [""NONE""], [""NONE""], [""NONE""], [""NONE""], [""NONE""], [""NONE""], [""NONE""], [""NONE""], [""NONE""], [""NONE""], [""NONE""], [""NONE""]]",0
9848786,"[[115, 177]]",deficiency in the human complement regulatory protein Factor H,deficiency in the human complement regulatory protein Factor H,['OMIM:609814'],9848786.3,"115,177","[[""MESH:C562875""], [""OMIM:609814""], [""MESH:C565027""], [""OMIM:613912""], [""MESH:C537145""], [""OMIM:145980""], [""MESH:C566535""], [""MESH:D006950""], [""OMIM:144250""], [""OMIM:602491""], [""OMIM:604499""], [""OMIM:143890""], [""MESH:D051359""], [""OMIM:267700""], [""MESH:D052456""], [""OMIM:604091""], [""NONE""], [""NONE""], [""NONE""], [""NONE""], [""NONE""], [""NONE""], [""NONE""], [""NONE""], [""NONE""], [""NONE""], [""NONE""], [""NONE""], [""NONE""], [""NONE""], [""NONE""], [""NONE""], [""NONE""], [""NONE""], [""NONE""], [""NONE""], [""NONE""], [""NONE""], [""NONE""]]",1
9848786,"[[296, 321]]",hemolytic uremic syndrome,hemolytic uremic syndrome,['MESH:D006463'],9848786.5,"296,321","[[""MESH:D006463""], [""MESH:D065766""], [""OMIM:235400""], [""OMIM:612922""], [""OMIM:612923""], [""OMIM:612924""], [""OMIM:612925""], [""OMIM:612926""], [""NONE""], [""NONE""], [""NONE""], [""NONE""], [""NONE""], [""NONE""], [""NONE""], [""NONE""], [""NONE""], [""NONE""], [""NONE""], [""NONE""], [""NONE""], [""NONE""], [""NONE""], [""NONE""], [""NONE""], [""NONE""], [""NONE""], [""NONE""], [""NONE""], [""NONE""], [""NONE""], [""NONE""], [""NONE""], [""NONE""], [""NONE""], [""NONE""], [""NONE""], [""NONE""], [""NONE""]]",0
9848786,"[[323, 326]]",HUS,hemolytic uremic syndrome,['MESH:D006463'],9848786.6,"323,326","[[""MESH:D006463""], [""MESH:D065766""], [""OMIM:235400""], [""OMIM:612922""], [""OMIM:612923""], [""OMIM:612924""], [""OMIM:612925""], [""OMIM:612926""], [""NONE""], [""NONE""], [""NONE""], [""NONE""], [""NONE""], [""NONE""], [""NONE""], [""NONE""], [""NONE""], [""NONE""], [""NONE""], [""NONE""], [""NONE""], [""NONE""], [""NONE""], [""NONE""], [""NONE""], [""NONE""], [""NONE""], [""NONE""], [""NONE""], [""NONE""], [""NONE""], [""NONE""], [""NONE""], [""NONE""], [""NONE""], [""NONE""], [""NONE""], [""NONE""], [""NONE""]]",0
9848786,"[[891, 910]]",Factor H deficiency,Factor H deficiency,['OMIM:609814'],9848786.7,"891,910","[[""MESH:C562875""], [""OMIM:609814""], [""MESH:C537145""], [""OMIM:145980""], [""MESH:D017085""], [""OMIM:604131""], [""OMIM:613978""], [""MESH:C538380""], [""OMIM:238970""], [""NONE""], [""NONE""], [""NONE""], [""NONE""], [""NONE""], [""NONE""], [""NONE""], [""NONE""], [""NONE""], [""NONE""], [""NONE""], [""NONE""], [""NONE""], [""NONE""], [""NONE""], [""NONE""], [""NONE""], [""NONE""], [""NONE""], [""NONE""], [""NONE""], [""NONE""], [""NONE""], [""NONE""], [""NONE""], [""NONE""], [""NONE""], [""NONE""], [""NONE""], [""NONE""]]",1
9848786,"[[923, 944]]",complement deficiency,complement deficiency,['MESH:D007153'],9848786.8,"923,944","[[""MESH:D000081208""], [""MESH:C537005""], [""OMIM:609536""], [""MESH:D003677""], [""MESH:C572568""], [""OMIM:610984""], [""MESH:D007153""], [""NONE""], [""NONE""], [""NONE""], [""NONE""], [""NONE""], [""NONE""], [""NONE""], [""NONE""], [""NONE""], [""NONE""], [""NONE""], [""NONE""], [""NONE""], [""NONE""], [""NONE""], [""NONE""], [""NONE""], [""NONE""], [""NONE""], [""NONE""], [""NONE""], [""NONE""], [""NONE""], [""NONE""], [""NONE""], [""NONE""], [""NONE""], [""NONE""], [""NONE""], [""NONE""], [""NONE""], [""NONE""]]",6
9848786,"[[961, 964]]",HUS,hemolytic uremic syndrome,['MESH:D006463'],9848786.9,"961,964","[[""MESH:D006463""], [""MESH:D065766""], [""OMIM:235400""], [""OMIM:612922""], [""OMIM:612923""], [""OMIM:612924""], [""OMIM:612925""], [""OMIM:612926""], [""NONE""], [""NONE""], [""NONE""], [""NONE""], [""NONE""], [""NONE""], [""NONE""], [""NONE""], [""NONE""], [""NONE""], [""NONE""], [""NONE""], [""NONE""], [""NONE""], [""NONE""], [""NONE""], [""NONE""], [""NONE""], [""NONE""], [""NONE""], [""NONE""], [""NONE""], [""NONE""], [""NONE""], [""NONE""], [""NONE""], [""NONE""], [""NONE""], [""NONE""], [""NONE""], [""NONE""]]",0
9848786,"[[1061, 1064]]",HUS,hemolytic uremic syndrome,['MESH:D006463'],9848786.10,"1061,1064","[[""MESH:D006463""], [""MESH:D065766""], [""OMIM:235400""], [""OMIM:612922""], [""OMIM:612923""], [""OMIM:612924""], [""OMIM:612925""], [""OMIM:612926""], [""NONE""], [""NONE""], [""NONE""], [""NONE""], [""NONE""], [""NONE""], [""NONE""], [""NONE""], [""NONE""], [""NONE""], [""NONE""], [""NONE""], [""NONE""], [""NONE""], [""NONE""], [""NONE""], [""NONE""], [""NONE""], [""NONE""], [""NONE""], [""NONE""], [""NONE""], [""NONE""], [""NONE""], [""NONE""], [""NONE""], [""NONE""], [""NONE""], [""NONE""], [""NONE""], [""NONE""]]",0
9852676,"[[57, 75]]",myotonic dystrophy,myotonic dystrophy,['MESH:D009223'],9852676.1,"57,75","[[""MESH:D009223""], [""OMIM:160900""], [""OMIM:602668""], [""NONE""], [""NONE""], [""NONE""], [""NONE""], [""NONE""], [""NONE""], [""NONE""], [""NONE""], [""NONE""], [""NONE""], [""NONE""], [""NONE""], [""NONE""], [""NONE""], [""NONE""], [""NONE""], [""NONE""], [""NONE""], [""NONE""], [""NONE""], [""NONE""], [""NONE""], [""NONE""], [""NONE""], [""NONE""], [""NONE""], [""NONE""], [""NONE""], [""NONE""], [""NONE""], [""NONE""], [""NONE""], [""NONE""], [""NONE""], [""NONE""], [""NONE""]]",0
9852676,"[[144, 162]]",myotonic dystrophy,myotonic dystrophy,['MESH:D009223'],9852676.2,"144,162","[[""MESH:D009223""], [""OMIM:160900""], [""OMIM:602668""], [""NONE""], [""NONE""], [""NONE""], [""NONE""], [""NONE""], [""NONE""], [""NONE""], [""NONE""], [""NONE""], [""NONE""], [""NONE""], [""NONE""], [""NONE""], [""NONE""], [""NONE""], [""NONE""], [""NONE""], [""NONE""], [""NONE""], [""NONE""], [""NONE""], [""NONE""], [""NONE""], [""NONE""], [""NONE""], [""NONE""], [""NONE""], [""NONE""], [""NONE""], [""NONE""], [""NONE""], [""NONE""], [""NONE""], [""NONE""], [""NONE""], [""NONE""]]",0
9852676,"[[164, 166]]",DM,DM,['MESH:D009223'],9852676.3,"164,166","[[""MESH:D009223""], [""OMIM:160900""], [""OMIM:602668""], [""MESH:D003920""], [""MESH:C535726""], [""OMIM:223800""], [""MESH:C563322""], [""OMIM:601410""], [""MESH:D003924""], [""OMIM:125853""], [""NONE""], [""NONE""], [""NONE""], [""NONE""], [""NONE""], [""NONE""], [""NONE""], [""NONE""], [""NONE""], [""NONE""], [""NONE""], [""NONE""], [""NONE""], [""NONE""], [""NONE""], [""NONE""], [""NONE""], [""NONE""], [""NONE""], [""NONE""], [""NONE""], [""NONE""], [""NONE""], [""NONE""], [""NONE""], [""NONE""], [""NONE""], [""NONE""], [""NONE""]]",0
9852676,"[[306, 308]]",DM,DM,['MESH:D009223'],9852676.4,"306,308","[[""MESH:D009223""], [""OMIM:160900""], [""OMIM:602668""], [""MESH:D003920""], [""MESH:C535726""], [""OMIM:223800""], [""MESH:C563322""], [""OMIM:601410""], [""MESH:D003924""], [""OMIM:125853""], [""NONE""], [""NONE""], [""NONE""], [""NONE""], [""NONE""], [""NONE""], [""NONE""], [""NONE""], [""NONE""], [""NONE""], [""NONE""], [""NONE""], [""NONE""], [""NONE""], [""NONE""], [""NONE""], [""NONE""], [""NONE""], [""NONE""], [""NONE""], [""NONE""], [""NONE""], [""NONE""], [""NONE""], [""NONE""], [""NONE""], [""NONE""], [""NONE""], [""NONE""]]",0
9852676,"[[370, 372]]",DM,DM,['MESH:D009223'],9852676.5,"370,372","[[""MESH:D009223""], [""OMIM:160900""], [""OMIM:602668""], [""MESH:D003920""], [""MESH:C535726""], [""OMIM:223800""], [""MESH:C563322""], [""OMIM:601410""], [""MESH:D003924""], [""OMIM:125853""], [""NONE""], [""NONE""], [""NONE""], [""NONE""], [""NONE""], [""NONE""], [""NONE""], [""NONE""], [""NONE""], [""NONE""], [""NONE""], [""NONE""], [""NONE""], [""NONE""], [""NONE""], [""NONE""], [""NONE""], [""NONE""], [""NONE""], [""NONE""], [""NONE""], [""NONE""], [""NONE""], [""NONE""], [""NONE""], [""NONE""], [""NONE""], [""NONE""], [""NONE""]]",0
9852676,"[[524, 526]]",DM,DM,['MESH:D009223'],9852676.6,"524,526","[[""MESH:D009223""], [""OMIM:160900""], [""OMIM:602668""], [""MESH:D003920""], [""MESH:C535726""], [""OMIM:223800""], [""MESH:C563322""], [""OMIM:601410""], [""MESH:D003924""], [""OMIM:125853""], [""NONE""], [""NONE""], [""NONE""], [""NONE""], [""NONE""], [""NONE""], [""NONE""], [""NONE""], [""NONE""], [""NONE""], [""NONE""], [""NONE""], [""NONE""], [""NONE""], [""NONE""], [""NONE""], [""NONE""], [""NONE""], [""NONE""], [""NONE""], [""NONE""], [""NONE""], [""NONE""], [""NONE""], [""NONE""], [""NONE""], [""NONE""], [""NONE""], [""NONE""]]",0
9852676,"[[718, 720]]",DM,DM,['MESH:D009223'],9852676.7,"718,720","[[""MESH:D009223""], [""OMIM:160900""], [""OMIM:602668""], [""MESH:D003920""], [""MESH:C535726""], [""OMIM:223800""], [""MESH:C563322""], [""OMIM:601410""], [""MESH:D003924""], [""OMIM:125853""], [""NONE""], [""NONE""], [""NONE""], [""NONE""], [""NONE""], [""NONE""], [""NONE""], [""NONE""], [""NONE""], [""NONE""], [""NONE""], [""NONE""], [""NONE""], [""NONE""], [""NONE""], [""NONE""], [""NONE""], [""NONE""], [""NONE""], [""NONE""], [""NONE""], [""NONE""], [""NONE""], [""NONE""], [""NONE""], [""NONE""], [""NONE""], [""NONE""], [""NONE""]]",0
9852676,"[[917, 919]]",DM,DM,['MESH:D009223'],9852676.8,"917,919","[[""MESH:D009223""], [""OMIM:160900""], [""OMIM:602668""], [""MESH:D003920""], [""MESH:C535726""], [""OMIM:223800""], [""MESH:C563322""], [""OMIM:601410""], [""MESH:D003924""], [""OMIM:125853""], [""NONE""], [""NONE""], [""NONE""], [""NONE""], [""NONE""], [""NONE""], [""NONE""], [""NONE""], [""NONE""], [""NONE""], [""NONE""], [""NONE""], [""NONE""], [""NONE""], [""NONE""], [""NONE""], [""NONE""], [""NONE""], [""NONE""], [""NONE""], [""NONE""], [""NONE""], [""NONE""], [""NONE""], [""NONE""], [""NONE""], [""NONE""], [""NONE""], [""NONE""]]",0
9852676,"[[1258, 1260]]",DM,DM,['MESH:D009223'],9852676.9,"1258,1260","[[""MESH:D009223""], [""OMIM:160900""], [""OMIM:602668""], [""MESH:D003920""], [""MESH:C535726""], [""OMIM:223800""], [""MESH:C563322""], [""OMIM:601410""], [""MESH:D003924""], [""OMIM:125853""], [""NONE""], [""NONE""], [""NONE""], [""NONE""], [""NONE""], [""NONE""], [""NONE""], [""NONE""], [""NONE""], [""NONE""], [""NONE""], [""NONE""], [""NONE""], [""NONE""], [""NONE""], [""NONE""], [""NONE""], [""NONE""], [""NONE""], [""NONE""], [""NONE""], [""NONE""], [""NONE""], [""NONE""], [""NONE""], [""NONE""], [""NONE""], [""NONE""], [""NONE""]]",0
9852676,"[[1265, 1283]]",Friedreichs ataxia,Friedreichs ataxia,['MESH:D005621'],9852676.10,"1265,1283","[[""MESH:D005621""], [""MESH:C565561""], [""OMIM:229300""], [""NONE""], [""NONE""], [""NONE""], [""NONE""], [""NONE""], [""NONE""], [""NONE""], [""NONE""], [""NONE""], [""NONE""], [""NONE""], [""NONE""], [""NONE""], [""NONE""], [""NONE""], [""NONE""], [""NONE""], [""NONE""], [""NONE""], [""NONE""], [""NONE""], [""NONE""], [""NONE""], [""NONE""], [""NONE""], [""NONE""], [""NONE""], [""NONE""], [""NONE""], [""NONE""], [""NONE""], [""NONE""], [""NONE""], [""NONE""], [""NONE""], [""NONE""]]",0
9856498,"[[23, 36]]",C6 deficiency,C6 deficiency,['OMIM:612446'],9856498.1,"23,36","[[""MESH:C567307""], [""OMIM:612446""], [""MESH:C567308""], [""MESH:D065766""], [""OMIM:235400""], [""OMIM:612922""], [""OMIM:612923""], [""OMIM:612924""], [""OMIM:612925""], [""OMIM:612926""], [""MESH:D026681""], [""NONE""], [""NONE""], [""NONE""], [""NONE""], [""NONE""], [""NONE""], [""NONE""], [""NONE""], [""NONE""], [""NONE""], [""NONE""], [""NONE""], [""NONE""], [""NONE""], [""NONE""], [""NONE""], [""NONE""], [""NONE""], [""NONE""], [""NONE""], [""NONE""], [""NONE""], [""NONE""], [""NONE""], [""NONE""], [""NONE""], [""NONE""], [""NONE""]]",1
9856498,"[[72, 125]]",Deficiency of the sixth component of human complement,Deficiency of the sixth component of human complement,['OMIM:612446'],9856498.2,"72,125","[[""MESH:C567307""], [""OMIM:612446""], [""MESH:C567308""], [""MESH:D065766""], [""OMIM:235400""], [""OMIM:612922""], [""OMIM:612923""], [""OMIM:612924""], [""OMIM:612925""], [""OMIM:612926""], [""MESH:C551853""], [""NONE""], [""NONE""], [""NONE""], [""NONE""], [""NONE""], [""NONE""], [""NONE""], [""NONE""], [""NONE""], [""NONE""], [""NONE""], [""NONE""], [""NONE""], [""NONE""], [""NONE""], [""NONE""], [""NONE""], [""NONE""], [""NONE""], [""NONE""], [""NONE""], [""NONE""], [""NONE""], [""NONE""], [""NONE""], [""NONE""], [""NONE""], [""NONE""]]",1
9856498,"[[210, 231]]",Meningococcal disease,Meningococcal disease,['MESH:D008589'],9856498.3,"210,231","[[""MESH:D008589""], [""MESH:D014884""], [""MESH:D008585""], [""MESH:D006069""], [""NONE""], [""NONE""], [""NONE""], [""NONE""], [""NONE""], [""NONE""], [""NONE""], [""NONE""], [""NONE""], [""NONE""], [""NONE""], [""NONE""], [""NONE""], [""NONE""], [""NONE""], [""NONE""], [""NONE""], [""NONE""], [""NONE""], [""NONE""], [""NONE""], [""NONE""], [""NONE""], [""NONE""], [""NONE""], [""NONE""], [""NONE""], [""NONE""], [""NONE""], [""NONE""], [""NONE""], [""NONE""], [""NONE""], [""NONE""], [""NONE""]]",0
9856498,"[[289, 302]]",C6 deficiency,C6 deficiency,['OMIM:612446'],9856498.4,"289,302","[[""MESH:C567307""], [""OMIM:612446""], [""MESH:C567308""], [""MESH:D065766""], [""OMIM:235400""], [""OMIM:612922""], [""OMIM:612923""], [""OMIM:612924""], [""OMIM:612925""], [""OMIM:612926""], [""MESH:D026681""], [""NONE""], [""NONE""], [""NONE""], [""NONE""], [""NONE""], [""NONE""], [""NONE""], [""NONE""], [""NONE""], [""NONE""], [""NONE""], [""NONE""], [""NONE""], [""NONE""], [""NONE""], [""NONE""], [""NONE""], [""NONE""], [""NONE""], [""NONE""], [""NONE""], [""NONE""], [""NONE""], [""NONE""], [""NONE""], [""NONE""], [""NONE""], [""NONE""]]",1
9856498,"[[1150, 1162]]",C6-deficient,C6-deficient,['OMIM:612446'],9856498.5,"1150,1162","[[""MESH:C567307""], [""OMIM:612446""], [""MESH:C567308""], [""MESH:D065766""], [""OMIM:235400""], [""OMIM:612922""], [""OMIM:612923""], [""OMIM:612924""], [""OMIM:612925""], [""OMIM:612926""], [""NONE""], [""NONE""], [""NONE""], [""NONE""], [""NONE""], [""NONE""], [""NONE""], [""NONE""], [""NONE""], [""NONE""], [""NONE""], [""NONE""], [""NONE""], [""NONE""], [""NONE""], [""NONE""], [""NONE""], [""NONE""], [""NONE""], [""NONE""], [""NONE""], [""NONE""], [""NONE""], [""NONE""], [""NONE""], [""NONE""], [""NONE""], [""NONE""], [""NONE""]]",1
9856499,"[[0, 24]]",Complement C7 deficiency,Complement C7 deficiency,['OMIM:610102'],9856499.1,"0,24","[[""MESH:C566443""], [""OMIM:610102""], [""MESH:D005168""], [""OMIM:227500""], [""NONE""], [""NONE""], [""NONE""], [""NONE""], [""NONE""], [""NONE""], [""NONE""], [""NONE""], [""NONE""], [""NONE""], [""NONE""], [""NONE""], [""NONE""], [""NONE""], [""NONE""], [""NONE""], [""NONE""], [""NONE""], [""NONE""], [""NONE""], [""NONE""], [""NONE""], [""NONE""], [""NONE""], [""NONE""], [""NONE""], [""NONE""], [""NONE""], [""NONE""], [""NONE""], [""NONE""], [""NONE""], [""NONE""], [""NONE""], [""NONE""]]",1
9856499,"[[131, 144]]",C7 deficiency,C7 deficiency,['OMIM:610102'],9856499.2,"131,144","[[""MESH:C566443""], [""OMIM:610102""], [""MESH:D005168""], [""OMIM:227500""], [""NONE""], [""NONE""], [""NONE""], [""NONE""], [""NONE""], [""NONE""], [""NONE""], [""NONE""], [""NONE""], [""NONE""], [""NONE""], [""NONE""], [""NONE""], [""NONE""], [""NONE""], [""NONE""], [""NONE""], [""NONE""], [""NONE""], [""NONE""], [""NONE""], [""NONE""], [""NONE""], [""NONE""], [""NONE""], [""NONE""], [""NONE""], [""NONE""], [""NONE""], [""NONE""], [""NONE""], [""NONE""], [""NONE""], [""NONE""], [""NONE""]]",1
9856499,"[[487, 497]]",C7 defects,C7 defects,['OMIM:610102'],9856499.3,"487,497","[[""MESH:C566443""], [""OMIM:610102""], [""MESH:D005168""], [""OMIM:227500""], [""MESH:C537818""], [""NONE""], [""NONE""], [""NONE""], [""NONE""], [""NONE""], [""NONE""], [""NONE""], [""NONE""], [""NONE""], [""NONE""], [""NONE""], [""NONE""], [""NONE""], [""NONE""], [""NONE""], [""NONE""], [""NONE""], [""NONE""], [""NONE""], [""NONE""], [""NONE""], [""NONE""], [""NONE""], [""NONE""], [""NONE""], [""NONE""], [""NONE""], [""NONE""], [""NONE""], [""NONE""], [""NONE""], [""NONE""], [""NONE""], [""NONE""]]",1
9861003,"[[105, 131]]",bipolar affective disorder,bipolar affective disorder,['MESH:D001714'],9861003.1,"105,131","[[""MESH:C565111""], [""OMIM:125480""], [""MESH:C564108""], [""OMIM:309200""], [""MESH:C567073""], [""OMIM:611247""], [""MESH:C567074""], [""OMIM:611535""], [""MESH:C567075""], [""OMIM:611536""], [""MESH:C567529""], [""OMIM:612371""], [""MESH:C567530""], [""OMIM:612357""], [""MESH:C567531""], [""OMIM:612372""], [""MESH:C566501""], [""OMIM:609633""], [""MESH:D001714""], [""NONE""], [""NONE""], [""NONE""], [""NONE""], [""NONE""], [""NONE""], [""NONE""], [""NONE""], [""NONE""], [""NONE""], [""NONE""], [""NONE""], [""NONE""], [""NONE""], [""NONE""], [""NONE""], [""NONE""], [""NONE""], [""NONE""], [""NONE""]]",18
9861003,"[[159, 185]]",Bipolar affective disorder,Bipolar affective disorder,['MESH:D001714'],9861003.2,"159,185","[[""MESH:C565111""], [""OMIM:125480""], [""MESH:C564108""], [""OMIM:309200""], [""MESH:C567073""], [""OMIM:611247""], [""MESH:C567074""], [""OMIM:611535""], [""MESH:C567075""], [""OMIM:611536""], [""MESH:C567529""], [""OMIM:612371""], [""MESH:C567530""], [""OMIM:612357""], [""MESH:C567531""], [""OMIM:612372""], [""MESH:C566501""], [""OMIM:609633""], [""MESH:D001714""], [""NONE""], [""NONE""], [""NONE""], [""NONE""], [""NONE""], [""NONE""], [""NONE""], [""NONE""], [""NONE""], [""NONE""], [""NONE""], [""NONE""], [""NONE""], [""NONE""], [""NONE""], [""NONE""], [""NONE""], [""NONE""], [""NONE""], [""NONE""]]",18
9861003,"[[187, 191]]",BPAD,Bipolar affective disorder,['MESH:D001714'],9861003.3,"187,191","[[""MESH:C565111""], [""OMIM:125480""], [""MESH:C564108""], [""OMIM:309200""], [""MESH:C567073""], [""OMIM:611247""], [""MESH:C567074""], [""OMIM:611535""], [""MESH:C567075""], [""OMIM:611536""], [""MESH:C567529""], [""OMIM:612371""], [""MESH:C567530""], [""OMIM:612357""], [""MESH:C567531""], [""OMIM:612372""], [""MESH:C566501""], [""OMIM:609633""], [""MESH:D001714""], [""NONE""], [""NONE""], [""NONE""], [""NONE""], [""NONE""], [""NONE""], [""NONE""], [""NONE""], [""NONE""], [""NONE""], [""NONE""], [""NONE""], [""NONE""], [""NONE""], [""NONE""], [""NONE""], [""NONE""], [""NONE""], [""NONE""], [""NONE""]]",18
9861003,"[[193, 217]]",manic-depressive illness,manic-depressive illness,['MESH:D001714'],9861003.4,"193,217","[[""MESH:C564108""], [""OMIM:309200""], [""MESH:D001714""], [""MESH:C565111""], [""OMIM:125480""], [""NONE""], [""NONE""], [""NONE""], [""NONE""], [""NONE""], [""NONE""], [""NONE""], [""NONE""], [""NONE""], [""NONE""], [""NONE""], [""NONE""], [""NONE""], [""NONE""], [""NONE""], [""NONE""], [""NONE""], [""NONE""], [""NONE""], [""NONE""], [""NONE""], [""NONE""], [""NONE""], [""NONE""], [""NONE""], [""NONE""], [""NONE""], [""NONE""], [""NONE""], [""NONE""], [""NONE""], [""NONE""], [""NONE""], [""NONE""]]",2
9861003,"[[251, 256]]",mania,mania,['MESH:D001714'],9861003.5,"251,256","[[""MESH:D000087122""], [""MESH:D001714""], [""NONE""], [""NONE""], [""NONE""], [""NONE""], [""NONE""], [""NONE""], [""NONE""], [""NONE""], [""NONE""], [""NONE""], [""NONE""], [""NONE""], [""NONE""], [""NONE""], [""NONE""], [""NONE""], [""NONE""], [""NONE""], [""NONE""], [""NONE""], [""NONE""], [""NONE""], [""NONE""], [""NONE""], [""NONE""], [""NONE""], [""NONE""], [""NONE""], [""NONE""], [""NONE""], [""NONE""], [""NONE""], [""NONE""], [""NONE""], [""NONE""], [""NONE""], [""NONE""]]",1
9861003,"[[303, 313]]",depression,depression,['MESH:D003866'],9861003.7,"303,313","[[""MESH:D003866""], [""NONE""], [""NONE""], [""NONE""], [""NONE""], [""NONE""], [""NONE""], [""NONE""], [""NONE""], [""NONE""], [""NONE""], [""NONE""], [""NONE""], [""NONE""], [""NONE""], [""NONE""], [""NONE""], [""NONE""], [""NONE""], [""NONE""], [""NONE""], [""NONE""], [""NONE""], [""NONE""], [""NONE""], [""NONE""], [""NONE""], [""NONE""], [""NONE""], [""NONE""], [""NONE""], [""NONE""], [""NONE""], [""NONE""], [""NONE""], [""NONE""], [""NONE""], [""NONE""], [""NONE""]]",0
9861003,"[[409, 413]]",BPAD,Bipolar affective disorder,['MESH:D001714'],9861003.8,"409,413","[[""MESH:C565111""], [""OMIM:125480""], [""MESH:C564108""], [""OMIM:309200""], [""MESH:C567073""], [""OMIM:611247""], [""MESH:C567074""], [""OMIM:611535""], [""MESH:C567075""], [""OMIM:611536""], [""MESH:C567529""], [""OMIM:612371""], [""MESH:C567530""], [""OMIM:612357""], [""MESH:C567531""], [""OMIM:612372""], [""MESH:C566501""], [""OMIM:609633""], [""MESH:D001714""], [""NONE""], [""NONE""], [""NONE""], [""NONE""], [""NONE""], [""NONE""], [""NONE""], [""NONE""], [""NONE""], [""NONE""], [""NONE""], [""NONE""], [""NONE""], [""NONE""], [""NONE""], [""NONE""], [""NONE""], [""NONE""], [""NONE""], [""NONE""]]",18
9861003,"[[544, 548]]",BPAD,Bipolar affective disorder,['MESH:D001714'],9861003.9,"544,548","[[""MESH:C565111""], [""OMIM:125480""], [""MESH:C564108""], [""OMIM:309200""], [""MESH:C567073""], [""OMIM:611247""], [""MESH:C567074""], [""OMIM:611535""], [""MESH:C567075""], [""OMIM:611536""], [""MESH:C567529""], [""OMIM:612371""], [""MESH:C567530""], [""OMIM:612357""], [""MESH:C567531""], [""OMIM:612372""], [""MESH:C566501""], [""OMIM:609633""], [""MESH:D001714""], [""NONE""], [""NONE""], [""NONE""], [""NONE""], [""NONE""], [""NONE""], [""NONE""], [""NONE""], [""NONE""], [""NONE""], [""NONE""], [""NONE""], [""NONE""], [""NONE""], [""NONE""], [""NONE""], [""NONE""], [""NONE""], [""NONE""], [""NONE""]]",18
9861003,"[[651, 655]]",BPAD,Bipolar affective disorder,['MESH:D001714'],9861003.10,"651,655","[[""MESH:C565111""], [""OMIM:125480""], [""MESH:C564108""], [""OMIM:309200""], [""MESH:C567073""], [""OMIM:611247""], [""MESH:C567074""], [""OMIM:611535""], [""MESH:C567075""], [""OMIM:611536""], [""MESH:C567529""], [""OMIM:612371""], [""MESH:C567530""], [""OMIM:612357""], [""MESH:C567531""], [""OMIM:612372""], [""MESH:C566501""], [""OMIM:609633""], [""MESH:D001714""], [""NONE""], [""NONE""], [""NONE""], [""NONE""], [""NONE""], [""NONE""], [""NONE""], [""NONE""], [""NONE""], [""NONE""], [""NONE""], [""NONE""], [""NONE""], [""NONE""], [""NONE""], [""NONE""], [""NONE""], [""NONE""], [""NONE""], [""NONE""]]",18
9861003,"[[694, 711]]",genetic disorders,genetic disorders,['MESH:D030342'],9861003.11,"694,711","[[""MESH:D030342""], [""NONE""], [""NONE""], [""NONE""], [""NONE""], [""NONE""], [""NONE""], [""NONE""], [""NONE""], [""NONE""], [""NONE""], [""NONE""], [""NONE""], [""NONE""], [""NONE""], [""NONE""], [""NONE""], [""NONE""], [""NONE""], [""NONE""], [""NONE""], [""NONE""], [""NONE""], [""NONE""], [""NONE""], [""NONE""], [""NONE""], [""NONE""], [""NONE""], [""NONE""], [""NONE""], [""NONE""], [""NONE""], [""NONE""], [""NONE""], [""NONE""], [""NONE""], [""NONE""], [""NONE""]]",0
9861003,"[[760, 780]]",psychiatric disorder,psychiatric disorder,['MESH:D001523'],9861003.12,"760,780","[[""MESH:D001523""], [""MESH:D019964""], [""NONE""], [""NONE""], [""NONE""], [""NONE""], [""NONE""], [""NONE""], [""NONE""], [""NONE""], [""NONE""], [""NONE""], [""NONE""], [""NONE""], [""NONE""], [""NONE""], [""NONE""], [""NONE""], [""NONE""], [""NONE""], [""NONE""], [""NONE""], [""NONE""], [""NONE""], [""NONE""], [""NONE""], [""NONE""], [""NONE""], [""NONE""], [""NONE""], [""NONE""], [""NONE""], [""NONE""], [""NONE""], [""NONE""], [""NONE""], [""NONE""], [""NONE""], [""NONE""]]",0
9861003,"[[932, 936]]",BPAD,Bipolar affective disorder,['MESH:D001714'],9861003.13,"932,936","[[""MESH:C565111""], [""OMIM:125480""], [""MESH:C564108""], [""OMIM:309200""], [""MESH:C567073""], [""OMIM:611247""], [""MESH:C567074""], [""OMIM:611535""], [""MESH:C567075""], [""OMIM:611536""], [""MESH:C567529""], [""OMIM:612371""], [""MESH:C567530""], [""OMIM:612357""], [""MESH:C567531""], [""OMIM:612372""], [""MESH:C566501""], [""OMIM:609633""], [""MESH:D001714""], [""NONE""], [""NONE""], [""NONE""], [""NONE""], [""NONE""], [""NONE""], [""NONE""], [""NONE""], [""NONE""], [""NONE""], [""NONE""], [""NONE""], [""NONE""], [""NONE""], [""NONE""], [""NONE""], [""NONE""], [""NONE""], [""NONE""], [""NONE""]]",18
9861003,"[[1484, 1488]]",BPAD,Bipolar affective disorder,['MESH:D001714'],9861003.14,"1484,1488","[[""MESH:C565111""], [""OMIM:125480""], [""MESH:C564108""], [""OMIM:309200""], [""MESH:C567073""], [""OMIM:611247""], [""MESH:C567074""], [""OMIM:611535""], [""MESH:C567075""], [""OMIM:611536""], [""MESH:C567529""], [""OMIM:612371""], [""MESH:C567530""], [""OMIM:612357""], [""MESH:C567531""], [""OMIM:612372""], [""MESH:C566501""], [""OMIM:609633""], [""MESH:D001714""], [""NONE""], [""NONE""], [""NONE""], [""NONE""], [""NONE""], [""NONE""], [""NONE""], [""NONE""], [""NONE""], [""NONE""], [""NONE""], [""NONE""], [""NONE""], [""NONE""], [""NONE""], [""NONE""], [""NONE""], [""NONE""], [""NONE""], [""NONE""]]",18
9861003,"[[1515, 1534]]",affective disorders,affective disorders,['MESH:D019964'],9861003.15,"1515,1534","[[""MESH:D019964""], [""MESH:D000341""], [""MESH:C565111""], [""OMIM:125480""], [""NONE""], [""NONE""], [""NONE""], [""NONE""], [""NONE""], [""NONE""], [""NONE""], [""NONE""], [""NONE""], [""NONE""], [""NONE""], [""NONE""], [""NONE""], [""NONE""], [""NONE""], [""NONE""], [""NONE""], [""NONE""], [""NONE""], [""NONE""], [""NONE""], [""NONE""], [""NONE""], [""NONE""], [""NONE""], [""NONE""], [""NONE""], [""NONE""], [""NONE""], [""NONE""], [""NONE""], [""NONE""], [""NONE""], [""NONE""], [""NONE""]]",0
9863607,"[[26, 44]]",myotonic dystrophy,myotonic dystrophy,['MESH:D009223'],9863607.1,"26,44","[[""MESH:D009223""], [""OMIM:160900""], [""OMIM:602668""], [""NONE""], [""NONE""], [""NONE""], [""NONE""], [""NONE""], [""NONE""], [""NONE""], [""NONE""], [""NONE""], [""NONE""], [""NONE""], [""NONE""], [""NONE""], [""NONE""], [""NONE""], [""NONE""], [""NONE""], [""NONE""], [""NONE""], [""NONE""], [""NONE""], [""NONE""], [""NONE""], [""NONE""], [""NONE""], [""NONE""], [""NONE""], [""NONE""], [""NONE""], [""NONE""], [""NONE""], [""NONE""], [""NONE""], [""NONE""], [""NONE""], [""NONE""]]",0
9863607,"[[46, 64]]",Myotonic dystrophy,Myotonic dystrophy,['MESH:D009223'],9863607.2,"46,64","[[""MESH:D009223""], [""OMIM:160900""], [""OMIM:602668""], [""NONE""], [""NONE""], [""NONE""], [""NONE""], [""NONE""], [""NONE""], [""NONE""], [""NONE""], [""NONE""], [""NONE""], [""NONE""], [""NONE""], [""NONE""], [""NONE""], [""NONE""], [""NONE""], [""NONE""], [""NONE""], [""NONE""], [""NONE""], [""NONE""], [""NONE""], [""NONE""], [""NONE""], [""NONE""], [""NONE""], [""NONE""], [""NONE""], [""NONE""], [""NONE""], [""NONE""], [""NONE""], [""NONE""], [""NONE""], [""NONE""], [""NONE""]]",0
9863607,"[[66, 68]]",DM,DM,['MESH:D009223'],9863607.3,"66,68","[[""MESH:D009223""], [""OMIM:160900""], [""OMIM:602668""], [""MESH:D003920""], [""MESH:C535726""], [""OMIM:223800""], [""MESH:C563322""], [""OMIM:601410""], [""MESH:D003924""], [""OMIM:125853""], [""NONE""], [""NONE""], [""NONE""], [""NONE""], [""NONE""], [""NONE""], [""NONE""], [""NONE""], [""NONE""], [""NONE""], [""NONE""], [""NONE""], [""NONE""], [""NONE""], [""NONE""], [""NONE""], [""NONE""], [""NONE""], [""NONE""], [""NONE""], [""NONE""], [""NONE""], [""NONE""], [""NONE""], [""NONE""], [""NONE""], [""NONE""], [""NONE""], [""NONE""]]",0
9863607,"[[198, 209]]",infertility,infertility,['MESH:D007246'],9863607.5,"198,209","[[""MESH:D007246""], [""MESH:D007247""], [""MESH:D007248""], [""NONE""], [""NONE""], [""NONE""], [""NONE""], [""NONE""], [""NONE""], [""NONE""], [""NONE""], [""NONE""], [""NONE""], [""NONE""], [""NONE""], [""NONE""], [""NONE""], [""NONE""], [""NONE""], [""NONE""], [""NONE""], [""NONE""], [""NONE""], [""NONE""], [""NONE""], [""NONE""], [""NONE""], [""NONE""], [""NONE""], [""NONE""], [""NONE""], [""NONE""], [""NONE""], [""NONE""], [""NONE""], [""NONE""], [""NONE""], [""NONE""], [""NONE""]]",0
9863607,"[[214, 243]]",congenital myotonic dystrophy,congenital myotonic dystrophy,['MESH:D009223'],9863607.6,"214,243","[[""MESH:D009223""], [""OMIM:160900""], [""OMIM:602668""], [""NONE""], [""NONE""], [""NONE""], [""NONE""], [""NONE""], [""NONE""], [""NONE""], [""NONE""], [""NONE""], [""NONE""], [""NONE""], [""NONE""], [""NONE""], [""NONE""], [""NONE""], [""NONE""], [""NONE""], [""NONE""], [""NONE""], [""NONE""], [""NONE""], [""NONE""], [""NONE""], [""NONE""], [""NONE""], [""NONE""], [""NONE""], [""NONE""], [""NONE""], [""NONE""], [""NONE""], [""NONE""], [""NONE""], [""NONE""], [""NONE""], [""NONE""]]",0
9863607,"[[276, 278]]",DM,DM,['MESH:D009223'],9863607.8,"276,278","[[""MESH:D009223""], [""OMIM:160900""], [""OMIM:602668""], [""MESH:D003920""], [""MESH:C535726""], [""OMIM:223800""], [""MESH:C563322""], [""OMIM:601410""], [""MESH:D003924""], [""OMIM:125853""], [""NONE""], [""NONE""], [""NONE""], [""NONE""], [""NONE""], [""NONE""], [""NONE""], [""NONE""], [""NONE""], [""NONE""], [""NONE""], [""NONE""], [""NONE""], [""NONE""], [""NONE""], [""NONE""], [""NONE""], [""NONE""], [""NONE""], [""NONE""], [""NONE""], [""NONE""], [""NONE""], [""NONE""], [""NONE""], [""NONE""], [""NONE""], [""NONE""], [""NONE""]]",0
9863607,"[[405, 407]]",DM,DM,['MESH:D009223'],9863607.9,"405,407","[[""MESH:D009223""], [""OMIM:160900""], [""OMIM:602668""], [""MESH:D003920""], [""MESH:C535726""], [""OMIM:223800""], [""MESH:C563322""], [""OMIM:601410""], [""MESH:D003924""], [""OMIM:125853""], [""NONE""], [""NONE""], [""NONE""], [""NONE""], [""NONE""], [""NONE""], [""NONE""], [""NONE""], [""NONE""], [""NONE""], [""NONE""], [""NONE""], [""NONE""], [""NONE""], [""NONE""], [""NONE""], [""NONE""], [""NONE""], [""NONE""], [""NONE""], [""NONE""], [""NONE""], [""NONE""], [""NONE""], [""NONE""], [""NONE""], [""NONE""], [""NONE""], [""NONE""]]",0
9863607,"[[476, 478]]",DM,DM,['MESH:D009223'],9863607.10,"476,478","[[""MESH:D009223""], [""OMIM:160900""], [""OMIM:602668""], [""MESH:D003920""], [""MESH:C535726""], [""OMIM:223800""], [""MESH:C563322""], [""OMIM:601410""], [""MESH:D003924""], [""OMIM:125853""], [""NONE""], [""NONE""], [""NONE""], [""NONE""], [""NONE""], [""NONE""], [""NONE""], [""NONE""], [""NONE""], [""NONE""], [""NONE""], [""NONE""], [""NONE""], [""NONE""], [""NONE""], [""NONE""], [""NONE""], [""NONE""], [""NONE""], [""NONE""], [""NONE""], [""NONE""], [""NONE""], [""NONE""], [""NONE""], [""NONE""], [""NONE""], [""NONE""], [""NONE""]]",0
9863607,"[[513, 515]]",DM,DM,['MESH:D009223'],9863607.11,"513,515","[[""MESH:D009223""], [""OMIM:160900""], [""OMIM:602668""], [""MESH:D003920""], [""MESH:C535726""], [""OMIM:223800""], [""MESH:C563322""], [""OMIM:601410""], [""MESH:D003924""], [""OMIM:125853""], [""NONE""], [""NONE""], [""NONE""], [""NONE""], [""NONE""], [""NONE""], [""NONE""], [""NONE""], [""NONE""], [""NONE""], [""NONE""], [""NONE""], [""NONE""], [""NONE""], [""NONE""], [""NONE""], [""NONE""], [""NONE""], [""NONE""], [""NONE""], [""NONE""], [""NONE""], [""NONE""], [""NONE""], [""NONE""], [""NONE""], [""NONE""], [""NONE""], [""NONE""]]",0
9863607,"[[684, 686]]",DM,DM,['MESH:D009223'],9863607.12,"684,686","[[""MESH:D009223""], [""OMIM:160900""], [""OMIM:602668""], [""MESH:D003920""], [""MESH:C535726""], [""OMIM:223800""], [""MESH:C563322""], [""OMIM:601410""], [""MESH:D003924""], [""OMIM:125853""], [""NONE""], [""NONE""], [""NONE""], [""NONE""], [""NONE""], [""NONE""], [""NONE""], [""NONE""], [""NONE""], [""NONE""], [""NONE""], [""NONE""], [""NONE""], [""NONE""], [""NONE""], [""NONE""], [""NONE""], [""NONE""], [""NONE""], [""NONE""], [""NONE""], [""NONE""], [""NONE""], [""NONE""], [""NONE""], [""NONE""], [""NONE""], [""NONE""], [""NONE""]]",0
9863607,"[[917, 919]]",DM,DM,['MESH:D009223'],9863607.13,"917,919","[[""MESH:D009223""], [""OMIM:160900""], [""OMIM:602668""], [""MESH:D003920""], [""MESH:C535726""], [""OMIM:223800""], [""MESH:C563322""], [""OMIM:601410""], [""MESH:D003924""], [""OMIM:125853""], [""NONE""], [""NONE""], [""NONE""], [""NONE""], [""NONE""], [""NONE""], [""NONE""], [""NONE""], [""NONE""], [""NONE""], [""NONE""], [""NONE""], [""NONE""], [""NONE""], [""NONE""], [""NONE""], [""NONE""], [""NONE""], [""NONE""], [""NONE""], [""NONE""], [""NONE""], [""NONE""], [""NONE""], [""NONE""], [""NONE""], [""NONE""], [""NONE""], [""NONE""]]",0
9863607,"[[982, 984]]",DM,DM,['MESH:D009223'],9863607.14,"982,984","[[""MESH:D009223""], [""OMIM:160900""], [""OMIM:602668""], [""MESH:D003920""], [""MESH:C535726""], [""OMIM:223800""], [""MESH:C563322""], [""OMIM:601410""], [""MESH:D003924""], [""OMIM:125853""], [""NONE""], [""NONE""], [""NONE""], [""NONE""], [""NONE""], [""NONE""], [""NONE""], [""NONE""], [""NONE""], [""NONE""], [""NONE""], [""NONE""], [""NONE""], [""NONE""], [""NONE""], [""NONE""], [""NONE""], [""NONE""], [""NONE""], [""NONE""], [""NONE""], [""NONE""], [""NONE""], [""NONE""], [""NONE""], [""NONE""], [""NONE""], [""NONE""], [""NONE""]]",0
9863607,"[[1071, 1073]]",DM,DM,['MESH:D009223'],9863607.15,"1071,1073","[[""MESH:D009223""], [""OMIM:160900""], [""OMIM:602668""], [""MESH:D003920""], [""MESH:C535726""], [""OMIM:223800""], [""MESH:C563322""], [""OMIM:601410""], [""MESH:D003924""], [""OMIM:125853""], [""NONE""], [""NONE""], [""NONE""], [""NONE""], [""NONE""], [""NONE""], [""NONE""], [""NONE""], [""NONE""], [""NONE""], [""NONE""], [""NONE""], [""NONE""], [""NONE""], [""NONE""], [""NONE""], [""NONE""], [""NONE""], [""NONE""], [""NONE""], [""NONE""], [""NONE""], [""NONE""], [""NONE""], [""NONE""], [""NONE""], [""NONE""], [""NONE""], [""NONE""]]",0
9867744,"[[13, 28]]",hemochromatosis,hemochromatosis,['MESH:D006432'],9867744.1,"13,28","[[""MESH:D006432""], [""OMIM:235200""], [""MESH:C579887""], [""NONE""], [""NONE""], [""NONE""], [""NONE""], [""NONE""], [""NONE""], [""NONE""], [""NONE""], [""NONE""], [""NONE""], [""NONE""], [""NONE""], [""NONE""], [""NONE""], [""NONE""], [""NONE""], [""NONE""], [""NONE""], [""NONE""], [""NONE""], [""NONE""], [""NONE""], [""NONE""], [""NONE""], [""NONE""], [""NONE""], [""NONE""], [""NONE""], [""NONE""], [""NONE""], [""NONE""], [""NONE""], [""NONE""], [""NONE""], [""NONE""], [""NONE""]]",0
9867744,"[[44, 59]]",hemochromatosis,hemochromatosis,['MESH:D006432'],9867744.2,"44,59","[[""MESH:D006432""], [""OMIM:235200""], [""MESH:C579887""], [""NONE""], [""NONE""], [""NONE""], [""NONE""], [""NONE""], [""NONE""], [""NONE""], [""NONE""], [""NONE""], [""NONE""], [""NONE""], [""NONE""], [""NONE""], [""NONE""], [""NONE""], [""NONE""], [""NONE""], [""NONE""], [""NONE""], [""NONE""], [""NONE""], [""NONE""], [""NONE""], [""NONE""], [""NONE""], [""NONE""], [""NONE""], [""NONE""], [""NONE""], [""NONE""], [""NONE""], [""NONE""], [""NONE""], [""NONE""], [""NONE""], [""NONE""]]",0
9867744,"[[452, 465]]",iron overload,iron overload,['MESH:D019190'],9867744.4,"452,465","[[""MESH:D019190""], [""OMIM:615517""], [""MESH:C565020""], [""MESH:C537904""], [""MESH:D006432""], [""OMIM:235200""], [""NONE""], [""NONE""], [""NONE""], [""NONE""], [""NONE""], [""NONE""], [""NONE""], [""NONE""], [""NONE""], [""NONE""], [""NONE""], [""NONE""], [""NONE""], [""NONE""], [""NONE""], [""NONE""], [""NONE""], [""NONE""], [""NONE""], [""NONE""], [""NONE""], [""NONE""], [""NONE""], [""NONE""], [""NONE""], [""NONE""], [""NONE""], [""NONE""], [""NONE""], [""NONE""], [""NONE""], [""NONE""], [""NONE""]]",0
9867744,"[[533, 542]]",cirrhosis,cirrhosis,['MESH:D008103'],9867744.5,"533,542","[[""MESH:D005355""], [""MESH:D008103""], [""MESH:D008105""], [""OMIM:109720""], [""OMIM:614220""], [""OMIM:614221""], [""MESH:C562577""], [""MESH:D008104""], [""NONE""], [""NONE""], [""NONE""], [""NONE""], [""NONE""], [""NONE""], [""NONE""], [""NONE""], [""NONE""], [""NONE""], [""NONE""], [""NONE""], [""NONE""], [""NONE""], [""NONE""], [""NONE""], [""NONE""], [""NONE""], [""NONE""], [""NONE""], [""NONE""], [""NONE""], [""NONE""], [""NONE""], [""NONE""], [""NONE""], [""NONE""], [""NONE""], [""NONE""], [""NONE""], [""NONE""]]",1
9867744,"[[682, 697]]",hemochromatosis,hemochromatosis,['MESH:D006432'],9867744.6,"682,697","[[""MESH:D006432""], [""OMIM:235200""], [""MESH:C579887""], [""NONE""], [""NONE""], [""NONE""], [""NONE""], [""NONE""], [""NONE""], [""NONE""], [""NONE""], [""NONE""], [""NONE""], [""NONE""], [""NONE""], [""NONE""], [""NONE""], [""NONE""], [""NONE""], [""NONE""], [""NONE""], [""NONE""], [""NONE""], [""NONE""], [""NONE""], [""NONE""], [""NONE""], [""NONE""], [""NONE""], [""NONE""], [""NONE""], [""NONE""], [""NONE""], [""NONE""], [""NONE""], [""NONE""], [""NONE""], [""NONE""], [""NONE""]]",0
9867744,"[[793, 808]]",hemochromatosis,hemochromatosis,['MESH:D006432'],9867744.7,"793,808","[[""MESH:D006432""], [""OMIM:235200""], [""MESH:C579887""], [""NONE""], [""NONE""], [""NONE""], [""NONE""], [""NONE""], [""NONE""], [""NONE""], [""NONE""], [""NONE""], [""NONE""], [""NONE""], [""NONE""], [""NONE""], [""NONE""], [""NONE""], [""NONE""], [""NONE""], [""NONE""], [""NONE""], [""NONE""], [""NONE""], [""NONE""], [""NONE""], [""NONE""], [""NONE""], [""NONE""], [""NONE""], [""NONE""], [""NONE""], [""NONE""], [""NONE""], [""NONE""], [""NONE""], [""NONE""], [""NONE""], [""NONE""]]",0
9867744,"[[904, 919]]",hemochromatosis,hemochromatosis,['MESH:D006432'],9867744.8,"904,919","[[""MESH:D006432""], [""OMIM:235200""], [""MESH:C579887""], [""NONE""], [""NONE""], [""NONE""], [""NONE""], [""NONE""], [""NONE""], [""NONE""], [""NONE""], [""NONE""], [""NONE""], [""NONE""], [""NONE""], [""NONE""], [""NONE""], [""NONE""], [""NONE""], [""NONE""], [""NONE""], [""NONE""], [""NONE""], [""NONE""], [""NONE""], [""NONE""], [""NONE""], [""NONE""], [""NONE""], [""NONE""], [""NONE""], [""NONE""], [""NONE""], [""NONE""], [""NONE""], [""NONE""], [""NONE""], [""NONE""], [""NONE""]]",0
9867744,"[[927, 944]]",hepatic cirrhosis,hepatic cirrhosis,['MESH:D008103'],9867744.9,"927,944","[[""MESH:D008103""], [""MESH:D005355""], [""MESH:D008105""], [""OMIM:109720""], [""OMIM:614220""], [""OMIM:614221""], [""MESH:C562577""], [""MESH:D008104""], [""NONE""], [""NONE""], [""NONE""], [""NONE""], [""NONE""], [""NONE""], [""NONE""], [""NONE""], [""NONE""], [""NONE""], [""NONE""], [""NONE""], [""NONE""], [""NONE""], [""NONE""], [""NONE""], [""NONE""], [""NONE""], [""NONE""], [""NONE""], [""NONE""], [""NONE""], [""NONE""], [""NONE""], [""NONE""], [""NONE""], [""NONE""], [""NONE""], [""NONE""], [""NONE""], [""NONE""]]",0
9869602,"[[25, 28]]",APC,APC,['MESH:D011125'],9869602.1,"25,28","[[""MESH:D011125""], [""OMIM:175100""], [""OMIM:616415""], [""OMIM:617100""], [""MESH:C535506""], [""OMIM:108500""], [""NONE""], [""NONE""], [""NONE""], [""NONE""], [""NONE""], [""NONE""], [""NONE""], [""NONE""], [""NONE""], [""NONE""], [""NONE""], [""NONE""], [""NONE""], [""NONE""], [""NONE""], [""NONE""], [""NONE""], [""NONE""], [""NONE""], [""NONE""], [""NONE""], [""NONE""], [""NONE""], [""NONE""], [""NONE""], [""NONE""], [""NONE""], [""NONE""], [""NONE""], [""NONE""], [""NONE""], [""NONE""], [""NONE""]]",0
9869602,"[[98, 115]]",colorectal cancer,colorectal cancer,['MESH:D015179'],9869602.2,"98,115","[[""MESH:D015179""], [""OMIM:114500""], [""OMIM:608812""], [""OMIM:611469""], [""OMIM:612229""], [""OMIM:612230""], [""OMIM:612231""], [""OMIM:612232""], [""OMIM:612589""], [""OMIM:612590""], [""OMIM:612591""], [""OMIM:612592""], [""OMIM:615083""], [""NONE""], [""NONE""], [""NONE""], [""NONE""], [""NONE""], [""NONE""], [""NONE""], [""NONE""], [""NONE""], [""NONE""], [""NONE""], [""NONE""], [""NONE""], [""NONE""], [""NONE""], [""NONE""], [""NONE""], [""NONE""], [""NONE""], [""NONE""], [""NONE""], [""NONE""], [""NONE""], [""NONE""], [""NONE""], [""NONE""]]",0
9869602,"[[204, 221]]",colorectal cancer,colorectal cancer,['MESH:D015179'],9869602.3,"204,221","[[""MESH:D015179""], [""OMIM:114500""], [""OMIM:608812""], [""OMIM:611469""], [""OMIM:612229""], [""OMIM:612230""], [""OMIM:612231""], [""OMIM:612232""], [""OMIM:612589""], [""OMIM:612590""], [""OMIM:612591""], [""OMIM:612592""], [""OMIM:615083""], [""NONE""], [""NONE""], [""NONE""], [""NONE""], [""NONE""], [""NONE""], [""NONE""], [""NONE""], [""NONE""], [""NONE""], [""NONE""], [""NONE""], [""NONE""], [""NONE""], [""NONE""], [""NONE""], [""NONE""], [""NONE""], [""NONE""], [""NONE""], [""NONE""], [""NONE""], [""NONE""], [""NONE""], [""NONE""], [""NONE""]]",0
9869602,"[[272, 275]]",APC,APC,['MESH:D011125'],9869602.4,"272,275","[[""MESH:D011125""], [""OMIM:175100""], [""OMIM:616415""], [""OMIM:617100""], [""MESH:C535506""], [""OMIM:108500""], [""NONE""], [""NONE""], [""NONE""], [""NONE""], [""NONE""], [""NONE""], [""NONE""], [""NONE""], [""NONE""], [""NONE""], [""NONE""], [""NONE""], [""NONE""], [""NONE""], [""NONE""], [""NONE""], [""NONE""], [""NONE""], [""NONE""], [""NONE""], [""NONE""], [""NONE""], [""NONE""], [""NONE""], [""NONE""], [""NONE""], [""NONE""], [""NONE""], [""NONE""], [""NONE""], [""NONE""], [""NONE""], [""NONE""]]",0
9869602,"[[348, 365]]",colorectal cancer,colorectal cancer,['MESH:D015179'],9869602.5,"348,365","[[""MESH:D015179""], [""OMIM:114500""], [""OMIM:608812""], [""OMIM:611469""], [""OMIM:612229""], [""OMIM:612230""], [""OMIM:612231""], [""OMIM:612232""], [""OMIM:612589""], [""OMIM:612590""], [""OMIM:612591""], [""OMIM:612592""], [""OMIM:615083""], [""NONE""], [""NONE""], [""NONE""], [""NONE""], [""NONE""], [""NONE""], [""NONE""], [""NONE""], [""NONE""], [""NONE""], [""NONE""], [""NONE""], [""NONE""], [""NONE""], [""NONE""], [""NONE""], [""NONE""], [""NONE""], [""NONE""], [""NONE""], [""NONE""], [""NONE""], [""NONE""], [""NONE""], [""NONE""], [""NONE""]]",0
9869602,"[[484, 501]]",colorectal cancer,colorectal cancer,['MESH:D015179'],9869602.6,"484,501","[[""MESH:D015179""], [""OMIM:114500""], [""OMIM:608812""], [""OMIM:611469""], [""OMIM:612229""], [""OMIM:612230""], [""OMIM:612231""], [""OMIM:612232""], [""OMIM:612589""], [""OMIM:612590""], [""OMIM:612591""], [""OMIM:612592""], [""OMIM:615083""], [""NONE""], [""NONE""], [""NONE""], [""NONE""], [""NONE""], [""NONE""], [""NONE""], [""NONE""], [""NONE""], [""NONE""], [""NONE""], [""NONE""], [""NONE""], [""NONE""], [""NONE""], [""NONE""], [""NONE""], [""NONE""], [""NONE""], [""NONE""], [""NONE""], [""NONE""], [""NONE""], [""NONE""], [""NONE""], [""NONE""]]",0
9869602,"[[636, 645]]",neoplasia,neoplasia,['MESH:D009369'],9869602.7,"636,645","[[""MESH:D009369""], [""MESH:D009371""], [""NONE""], [""NONE""], [""NONE""], [""NONE""], [""NONE""], [""NONE""], [""NONE""], [""NONE""], [""NONE""], [""NONE""], [""NONE""], [""NONE""], [""NONE""], [""NONE""], [""NONE""], [""NONE""], [""NONE""], [""NONE""], [""NONE""], [""NONE""], [""NONE""], [""NONE""], [""NONE""], [""NONE""], [""NONE""], [""NONE""], [""NONE""], [""NONE""], [""NONE""], [""NONE""], [""NONE""], [""NONE""], [""NONE""], [""NONE""], [""NONE""], [""NONE""], [""NONE""]]",0
9869602,"[[777, 794]]",colorectal cancer,colorectal cancer,['MESH:D015179'],9869602.8,"777,794","[[""MESH:D015179""], [""OMIM:114500""], [""OMIM:608812""], [""OMIM:611469""], [""OMIM:612229""], [""OMIM:612230""], [""OMIM:612231""], [""OMIM:612232""], [""OMIM:612589""], [""OMIM:612590""], [""OMIM:612591""], [""OMIM:612592""], [""OMIM:615083""], [""NONE""], [""NONE""], [""NONE""], [""NONE""], [""NONE""], [""NONE""], [""NONE""], [""NONE""], [""NONE""], [""NONE""], [""NONE""], [""NONE""], [""NONE""], [""NONE""], [""NONE""], [""NONE""], [""NONE""], [""NONE""], [""NONE""], [""NONE""], [""NONE""], [""NONE""], [""NONE""], [""NONE""], [""NONE""], [""NONE""]]",0
9869602,"[[947, 953]]",cancer,cancer,['MESH:D009369'],9869602.9,"947,953","[[""MESH:D009369""], [""MESH:D009371""], [""NONE""], [""NONE""], [""NONE""], [""NONE""], [""NONE""], [""NONE""], [""NONE""], [""NONE""], [""NONE""], [""NONE""], [""NONE""], [""NONE""], [""NONE""], [""NONE""], [""NONE""], [""NONE""], [""NONE""], [""NONE""], [""NONE""], [""NONE""], [""NONE""], [""NONE""], [""NONE""], [""NONE""], [""NONE""], [""NONE""], [""NONE""], [""NONE""], [""NONE""], [""NONE""], [""NONE""], [""NONE""], [""NONE""], [""NONE""], [""NONE""], [""NONE""], [""NONE""]]",0
9869602,"[[1024, 1030]]",cancer,cancer,['MESH:D009369'],9869602.10,"1024,1030","[[""MESH:D009369""], [""MESH:D009371""], [""NONE""], [""NONE""], [""NONE""], [""NONE""], [""NONE""], [""NONE""], [""NONE""], [""NONE""], [""NONE""], [""NONE""], [""NONE""], [""NONE""], [""NONE""], [""NONE""], [""NONE""], [""NONE""], [""NONE""], [""NONE""], [""NONE""], [""NONE""], [""NONE""], [""NONE""], [""NONE""], [""NONE""], [""NONE""], [""NONE""], [""NONE""], [""NONE""], [""NONE""], [""NONE""], [""NONE""], [""NONE""], [""NONE""], [""NONE""], [""NONE""], [""NONE""], [""NONE""]]",0
9869602,"[[1037, 1057]]",Colorectal neoplasia,Colorectal neoplasia,['MESH:D015179'],9869602.11,"1037,1057","[[""MESH:D015179""], [""OMIM:114500""], [""OMIM:608812""], [""OMIM:611469""], [""OMIM:612229""], [""OMIM:612230""], [""OMIM:612231""], [""OMIM:612232""], [""OMIM:612589""], [""OMIM:612590""], [""OMIM:612591""], [""OMIM:612592""], [""OMIM:615083""], [""MESH:C563365""], [""OMIM:601228""], [""NONE""], [""NONE""], [""NONE""], [""NONE""], [""NONE""], [""NONE""], [""NONE""], [""NONE""], [""NONE""], [""NONE""], [""NONE""], [""NONE""], [""NONE""], [""NONE""], [""NONE""], [""NONE""], [""NONE""], [""NONE""], [""NONE""], [""NONE""], [""NONE""], [""NONE""], [""NONE""], [""NONE""]]",0
9869602,"[[1198, 1207]]",neoplasia,neoplasia,['MESH:D009369'],9869602.12,"1198,1207","[[""MESH:D009369""], [""MESH:D009371""], [""NONE""], [""NONE""], [""NONE""], [""NONE""], [""NONE""], [""NONE""], [""NONE""], [""NONE""], [""NONE""], [""NONE""], [""NONE""], [""NONE""], [""NONE""], [""NONE""], [""NONE""], [""NONE""], [""NONE""], [""NONE""], [""NONE""], [""NONE""], [""NONE""], [""NONE""], [""NONE""], [""NONE""], [""NONE""], [""NONE""], [""NONE""], [""NONE""], [""NONE""], [""NONE""], [""NONE""], [""NONE""], [""NONE""], [""NONE""], [""NONE""], [""NONE""], [""NONE""]]",0
9869602,"[[1285, 1314]]","colorectal, or other, cancers","colorectal, or other, cancers","['MESH:D009369', 'MESH:D015179']",9869602.13,"1285,1314","[[""MESH:D015179""], [""OMIM:114500""], [""OMIM:608812""], [""OMIM:611469""], [""OMIM:612229""], [""OMIM:612230""], [""OMIM:612231""], [""OMIM:612232""], [""OMIM:612589""], [""OMIM:612590""], [""OMIM:612591""], [""OMIM:612592""], [""OMIM:615083""], [""NONE""], [""NONE""], [""NONE""], [""NONE""], [""NONE""], [""NONE""], [""NONE""], [""NONE""], [""NONE""], [""NONE""], [""NONE""], [""NONE""], [""NONE""], [""NONE""], [""NONE""], [""NONE""], [""NONE""], [""NONE""], [""NONE""], [""NONE""], [""NONE""], [""NONE""], [""NONE""], [""NONE""], [""NONE""], [""NONE""]]",0
9869602,"[[1381, 1398]]",colorectal cancer,colorectal cancer,['MESH:D015179'],9869602.14,"1381,1398","[[""MESH:D015179""], [""OMIM:114500""], [""OMIM:608812""], [""OMIM:611469""], [""OMIM:612229""], [""OMIM:612230""], [""OMIM:612231""], [""OMIM:612232""], [""OMIM:612589""], [""OMIM:612590""], [""OMIM:612591""], [""OMIM:612592""], [""OMIM:615083""], [""NONE""], [""NONE""], [""NONE""], [""NONE""], [""NONE""], [""NONE""], [""NONE""], [""NONE""], [""NONE""], [""NONE""], [""NONE""], [""NONE""], [""NONE""], [""NONE""], [""NONE""], [""NONE""], [""NONE""], [""NONE""], [""NONE""], [""NONE""], [""NONE""], [""NONE""], [""NONE""], [""NONE""], [""NONE""], [""NONE""]]",0
9888388,"[[66, 91]]",hereditary coproporphyria,hereditary coproporphyria,['MESH:D046349'],9888388.1,"66,91","[[""MESH:D046349""], [""OMIM:121300""], [""MESH:C535469""], [""MESH:D046350""], [""OMIM:176200""], [""NONE""], [""NONE""], [""NONE""], [""NONE""], [""NONE""], [""NONE""], [""NONE""], [""NONE""], [""NONE""], [""NONE""], [""NONE""], [""NONE""], [""NONE""], [""NONE""], [""NONE""], [""NONE""], [""NONE""], [""NONE""], [""NONE""], [""NONE""], [""NONE""], [""NONE""], [""NONE""], [""NONE""], [""NONE""], [""NONE""], [""NONE""], [""NONE""], [""NONE""], [""NONE""], [""NONE""], [""NONE""], [""NONE""], [""NONE""]]",0
9888388,"[[113, 138]]",Hereditary coproporphyria,Hereditary coproporphyria,['MESH:D046349'],9888388.2,"113,138","[[""MESH:D046349""], [""OMIM:121300""], [""MESH:C535469""], [""MESH:D046350""], [""OMIM:176200""], [""NONE""], [""NONE""], [""NONE""], [""NONE""], [""NONE""], [""NONE""], [""NONE""], [""NONE""], [""NONE""], [""NONE""], [""NONE""], [""NONE""], [""NONE""], [""NONE""], [""NONE""], [""NONE""], [""NONE""], [""NONE""], [""NONE""], [""NONE""], [""NONE""], [""NONE""], [""NONE""], [""NONE""], [""NONE""], [""NONE""], [""NONE""], [""NONE""], [""NONE""], [""NONE""], [""NONE""], [""NONE""], [""NONE""], [""NONE""]]",0
9888388,"[[140, 142]]",HC,Hereditary coproporphyria,['MESH:D046349'],9888388.3,"140,142","[[""MESH:D046349""], [""OMIM:121300""], [""MESH:C535469""], [""MESH:D046350""], [""OMIM:176200""], [""NONE""], [""NONE""], [""NONE""], [""NONE""], [""NONE""], [""NONE""], [""NONE""], [""NONE""], [""NONE""], [""NONE""], [""NONE""], [""NONE""], [""NONE""], [""NONE""], [""NONE""], [""NONE""], [""NONE""], [""NONE""], [""NONE""], [""NONE""], [""NONE""], [""NONE""], [""NONE""], [""NONE""], [""NONE""], [""NONE""], [""NONE""], [""NONE""], [""NONE""], [""NONE""], [""NONE""], [""NONE""], [""NONE""], [""NONE""]]",0
9888388,"[[156, 173]]",hepatic porphyria,hepatic porphyria,['MESH:D017094'],9888388.4,"156,173","[[""MESH:D017094""], [""MESH:C562618""], [""OMIM:612740""], [""MESH:D017121""], [""MESH:C535469""], [""NONE""], [""NONE""], [""NONE""], [""NONE""], [""NONE""], [""NONE""], [""NONE""], [""NONE""], [""NONE""], [""NONE""], [""NONE""], [""NONE""], [""NONE""], [""NONE""], [""NONE""], [""NONE""], [""NONE""], [""NONE""], [""NONE""], [""NONE""], [""NONE""], [""NONE""], [""NONE""], [""NONE""], [""NONE""], [""NONE""], [""NONE""], [""NONE""], [""NONE""], [""NONE""], [""NONE""], [""NONE""], [""NONE""], [""NONE""]]",0
9888388,"[[220, 272]]",deficient activity of coproporphyrinogen III oxidase,deficient activity of coproporphyrinogen III oxidase,['MESH:D046349'],9888388.5,"220,272","[[""MESH:D046349""], [""OMIM:121300""], [""MESH:C535469""], [""MESH:D046350""], [""OMIM:176200""], [""NONE""], [""NONE""], [""NONE""], [""NONE""], [""NONE""], [""NONE""], [""NONE""], [""NONE""], [""NONE""], [""NONE""], [""NONE""], [""NONE""], [""NONE""], [""NONE""], [""NONE""], [""NONE""], [""NONE""], [""NONE""], [""NONE""], [""NONE""], [""NONE""], [""NONE""], [""NONE""], [""NONE""], [""NONE""], [""NONE""], [""NONE""], [""NONE""], [""NONE""], [""NONE""], [""NONE""], [""NONE""], [""NONE""], [""NONE""]]",0
9888388,"[[357, 381]]",neurological dysfunction,neurological dysfunction,['MESH:D009422'],9888388.6,"357,381","[[""MESH:D009461""], [""MESH:D009422""], [""NONE""], [""NONE""], [""NONE""], [""NONE""], [""NONE""], [""NONE""], [""NONE""], [""NONE""], [""NONE""], [""NONE""], [""NONE""], [""NONE""], [""NONE""], [""NONE""], [""NONE""], [""NONE""], [""NONE""], [""NONE""], [""NONE""], [""NONE""], [""NONE""], [""NONE""], [""NONE""], [""NONE""], [""NONE""], [""NONE""], [""NONE""], [""NONE""], [""NONE""], [""NONE""], [""NONE""], [""NONE""], [""NONE""], [""NONE""], [""NONE""], [""NONE""], [""NONE""]]",1
9888388,"[[450, 469]]",infectious diseases,infectious diseases,['MESH:D003141'],9888388.7,"450,469","[[""MESH:D003141""], [""MESH:D007239""], [""NONE""], [""NONE""], [""NONE""], [""NONE""], [""NONE""], [""NONE""], [""NONE""], [""NONE""], [""NONE""], [""NONE""], [""NONE""], [""NONE""], [""NONE""], [""NONE""], [""NONE""], [""NONE""], [""NONE""], [""NONE""], [""NONE""], [""NONE""], [""NONE""], [""NONE""], [""NONE""], [""NONE""], [""NONE""], [""NONE""], [""NONE""], [""NONE""], [""NONE""], [""NONE""], [""NONE""], [""NONE""], [""NONE""], [""NONE""], [""NONE""], [""NONE""], [""NONE""]]",0
9888388,"[[773, 775]]",HC,Hereditary coproporphyria,['MESH:D046349'],9888388.8,"773,775","[[""MESH:D046349""], [""OMIM:121300""], [""MESH:C535469""], [""MESH:D046350""], [""OMIM:176200""], [""NONE""], [""NONE""], [""NONE""], [""NONE""], [""NONE""], [""NONE""], [""NONE""], [""NONE""], [""NONE""], [""NONE""], [""NONE""], [""NONE""], [""NONE""], [""NONE""], [""NONE""], [""NONE""], [""NONE""], [""NONE""], [""NONE""], [""NONE""], [""NONE""], [""NONE""], [""NONE""], [""NONE""], [""NONE""], [""NONE""], [""NONE""], [""NONE""], [""NONE""], [""NONE""], [""NONE""], [""NONE""], [""NONE""], [""NONE""]]",0
9888388,"[[1886, 1888]]",HC,Hereditary coproporphyria,['MESH:D046349'],9888388.9,"1886,1888","[[""MESH:D046349""], [""OMIM:121300""], [""MESH:C535469""], [""MESH:D046350""], [""OMIM:176200""], [""NONE""], [""NONE""], [""NONE""], [""NONE""], [""NONE""], [""NONE""], [""NONE""], [""NONE""], [""NONE""], [""NONE""], [""NONE""], [""NONE""], [""NONE""], [""NONE""], [""NONE""], [""NONE""], [""NONE""], [""NONE""], [""NONE""], [""NONE""], [""NONE""], [""NONE""], [""NONE""], [""NONE""], [""NONE""], [""NONE""], [""NONE""], [""NONE""], [""NONE""], [""NONE""], [""NONE""], [""NONE""], [""NONE""], [""NONE""]]",0
9888388,"[[1971, 1983]]",gene defects,gene defects,['MESH:D030342'],9888388.10,"1971,1983","[[""MESH:D030342""], [""NONE""], [""NONE""], [""NONE""], [""NONE""], [""NONE""], [""NONE""], [""NONE""], [""NONE""], [""NONE""], [""NONE""], [""NONE""], [""NONE""], [""NONE""], [""NONE""], [""NONE""], [""NONE""], [""NONE""], [""NONE""], [""NONE""], [""NONE""], [""NONE""], [""NONE""], [""NONE""], [""NONE""], [""NONE""], [""NONE""], [""NONE""], [""NONE""], [""NONE""], [""NONE""], [""NONE""], [""NONE""], [""NONE""], [""NONE""], [""NONE""], [""NONE""], [""NONE""], [""NONE""]]",0
9888390,"[[92, 120]]",metachromatic leukodystrophy,metachromatic leukodystrophy,['MESH:D007966'],9888390.1,"92,120","[[""MESH:D007966""], [""OMIM:250100""], [""NONE""], [""NONE""], [""NONE""], [""NONE""], [""NONE""], [""NONE""], [""NONE""], [""NONE""], [""NONE""], [""NONE""], [""NONE""], [""NONE""], [""NONE""], [""NONE""], [""NONE""], [""NONE""], [""NONE""], [""NONE""], [""NONE""], [""NONE""], [""NONE""], [""NONE""], [""NONE""], [""NONE""], [""NONE""], [""NONE""], [""NONE""], [""NONE""], [""NONE""], [""NONE""], [""NONE""], [""NONE""], [""NONE""], [""NONE""], [""NONE""], [""NONE""], [""NONE""]]",0
9888390,"[[239, 267]]",metachromatic leukodystrophy,metachromatic leukodystrophy,['MESH:D007966'],9888390.2,"239,267","[[""MESH:D007966""], [""OMIM:250100""], [""NONE""], [""NONE""], [""NONE""], [""NONE""], [""NONE""], [""NONE""], [""NONE""], [""NONE""], [""NONE""], [""NONE""], [""NONE""], [""NONE""], [""NONE""], [""NONE""], [""NONE""], [""NONE""], [""NONE""], [""NONE""], [""NONE""], [""NONE""], [""NONE""], [""NONE""], [""NONE""], [""NONE""], [""NONE""], [""NONE""], [""NONE""], [""NONE""], [""NONE""], [""NONE""], [""NONE""], [""NONE""], [""NONE""], [""NONE""], [""NONE""], [""NONE""], [""NONE""]]",0
9888390,"[[269, 272]]",MLD,metachromatic leukodystrophy,['MESH:D007966'],9888390.3,"269,272","[[""MESH:D007966""], [""OMIM:250100""], [""NONE""], [""NONE""], [""NONE""], [""NONE""], [""NONE""], [""NONE""], [""NONE""], [""NONE""], [""NONE""], [""NONE""], [""NONE""], [""NONE""], [""NONE""], [""NONE""], [""NONE""], [""NONE""], [""NONE""], [""NONE""], [""NONE""], [""NONE""], [""NONE""], [""NONE""], [""NONE""], [""NONE""], [""NONE""], [""NONE""], [""NONE""], [""NONE""], [""NONE""], [""NONE""], [""NONE""], [""NONE""], [""NONE""], [""NONE""], [""NONE""], [""NONE""], [""NONE""]]",0
9888390,"[[572, 575]]",MLD,metachromatic leukodystrophy,['MESH:D007966'],9888390.4,"572,575","[[""MESH:D007966""], [""OMIM:250100""], [""NONE""], [""NONE""], [""NONE""], [""NONE""], [""NONE""], [""NONE""], [""NONE""], [""NONE""], [""NONE""], [""NONE""], [""NONE""], [""NONE""], [""NONE""], [""NONE""], [""NONE""], [""NONE""], [""NONE""], [""NONE""], [""NONE""], [""NONE""], [""NONE""], [""NONE""], [""NONE""], [""NONE""], [""NONE""], [""NONE""], [""NONE""], [""NONE""], [""NONE""], [""NONE""], [""NONE""], [""NONE""], [""NONE""], [""NONE""], [""NONE""], [""NONE""], [""NONE""]]",0
9888390,"[[1289, 1292]]",MLD,metachromatic leukodystrophy,['MESH:D007966'],9888390.5,"1289,1292","[[""MESH:D007966""], [""OMIM:250100""], [""NONE""], [""NONE""], [""NONE""], [""NONE""], [""NONE""], [""NONE""], [""NONE""], [""NONE""], [""NONE""], [""NONE""], [""NONE""], [""NONE""], [""NONE""], [""NONE""], [""NONE""], [""NONE""], [""NONE""], [""NONE""], [""NONE""], [""NONE""], [""NONE""], [""NONE""], [""NONE""], [""NONE""], [""NONE""], [""NONE""], [""NONE""], [""NONE""], [""NONE""], [""NONE""], [""NONE""], [""NONE""], [""NONE""], [""NONE""], [""NONE""], [""NONE""], [""NONE""]]",0
9888390,"[[1440, 1443]]",MLD,metachromatic leukodystrophy,['MESH:D007966'],9888390.6,"1440,1443","[[""MESH:D007966""], [""OMIM:250100""], [""NONE""], [""NONE""], [""NONE""], [""NONE""], [""NONE""], [""NONE""], [""NONE""], [""NONE""], [""NONE""], [""NONE""], [""NONE""], [""NONE""], [""NONE""], [""NONE""], [""NONE""], [""NONE""], [""NONE""], [""NONE""], [""NONE""], [""NONE""], [""NONE""], [""NONE""], [""NONE""], [""NONE""], [""NONE""], [""NONE""], [""NONE""], [""NONE""], [""NONE""], [""NONE""], [""NONE""], [""NONE""], [""NONE""], [""NONE""], [""NONE""], [""NONE""], [""NONE""]]",0
9888390,"[[1557, 1560]]",MLD,metachromatic leukodystrophy,['MESH:D007966'],9888390.7,"1557,1560","[[""MESH:D007966""], [""OMIM:250100""], [""NONE""], [""NONE""], [""NONE""], [""NONE""], [""NONE""], [""NONE""], [""NONE""], [""NONE""], [""NONE""], [""NONE""], [""NONE""], [""NONE""], [""NONE""], [""NONE""], [""NONE""], [""NONE""], [""NONE""], [""NONE""], [""NONE""], [""NONE""], [""NONE""], [""NONE""], [""NONE""], [""NONE""], [""NONE""], [""NONE""], [""NONE""], [""NONE""], [""NONE""], [""NONE""], [""NONE""], [""NONE""], [""NONE""], [""NONE""], [""NONE""], [""NONE""], [""NONE""]]",0
9927033,"[[37, 61]]",hematological malignancy,hematological malignancy,['MESH:D019337'],9927033.1,"37,61","[[""MESH:D019337""], [""NONE""], [""NONE""], [""NONE""], [""NONE""], [""NONE""], [""NONE""], [""NONE""], [""NONE""], [""NONE""], [""NONE""], [""NONE""], [""NONE""], [""NONE""], [""NONE""], [""NONE""], [""NONE""], [""NONE""], [""NONE""], [""NONE""], [""NONE""], [""NONE""], [""NONE""], [""NONE""], [""NONE""], [""NONE""], [""NONE""], [""NONE""], [""NONE""], [""NONE""], [""NONE""], [""NONE""], [""NONE""], [""NONE""], [""NONE""], [""NONE""], [""NONE""], [""NONE""], [""NONE""]]",0
9927033,"[[66, 90]]",neurofibromatosis type 1,neurofibromatosis type 1,['MESH:D009456'],9927033.2,"66,90","[[""MESH:D009456""], [""OMIM:162200""], [""NONE""], [""NONE""], [""NONE""], [""NONE""], [""NONE""], [""NONE""], [""NONE""], [""NONE""], [""NONE""], [""NONE""], [""NONE""], [""NONE""], [""NONE""], [""NONE""], [""NONE""], [""NONE""], [""NONE""], [""NONE""], [""NONE""], [""NONE""], [""NONE""], [""NONE""], [""NONE""], [""NONE""], [""NONE""], [""NONE""], [""NONE""], [""NONE""], [""NONE""], [""NONE""], [""NONE""], [""NONE""], [""NONE""], [""NONE""], [""NONE""], [""NONE""], [""NONE""]]",0
9927033,"[[166, 207]]",hereditary nonpolyposis colorectal cancer,hereditary nonpolyposis colorectal cancer,['MESH:D003123'],9927033.3,"166,207","[[""MESH:D003123""], [""MESH:C537261""], [""OMIM:120435""], [""NONE""], [""NONE""], [""NONE""], [""NONE""], [""NONE""], [""NONE""], [""NONE""], [""NONE""], [""NONE""], [""NONE""], [""NONE""], [""NONE""], [""NONE""], [""NONE""], [""NONE""], [""NONE""], [""NONE""], [""NONE""], [""NONE""], [""NONE""], [""NONE""], [""NONE""], [""NONE""], [""NONE""], [""NONE""], [""NONE""], [""NONE""], [""NONE""], [""NONE""], [""NONE""], [""NONE""], [""NONE""], [""NONE""], [""NONE""], [""NONE""], [""NONE""]]",0
9927033,"[[352, 393]]",hereditary nonpolyposis colorectal cancer,hereditary nonpolyposis colorectal cancer,['MESH:D003123'],9927033.4,"352,393","[[""MESH:D003123""], [""MESH:C537261""], [""OMIM:120435""], [""NONE""], [""NONE""], [""NONE""], [""NONE""], [""NONE""], [""NONE""], [""NONE""], [""NONE""], [""NONE""], [""NONE""], [""NONE""], [""NONE""], [""NONE""], [""NONE""], [""NONE""], [""NONE""], [""NONE""], [""NONE""], [""NONE""], [""NONE""], [""NONE""], [""NONE""], [""NONE""], [""NONE""], [""NONE""], [""NONE""], [""NONE""], [""NONE""], [""NONE""], [""NONE""], [""NONE""], [""NONE""], [""NONE""], [""NONE""], [""NONE""], [""NONE""]]",0
9927033,"[[415, 439]]",hematological malignancy,hematological malignancy,['MESH:D019337'],9927033.5,"415,439","[[""MESH:D019337""], [""NONE""], [""NONE""], [""NONE""], [""NONE""], [""NONE""], [""NONE""], [""NONE""], [""NONE""], [""NONE""], [""NONE""], [""NONE""], [""NONE""], [""NONE""], [""NONE""], [""NONE""], [""NONE""], [""NONE""], [""NONE""], [""NONE""], [""NONE""], [""NONE""], [""NONE""], [""NONE""], [""NONE""], [""NONE""], [""NONE""], [""NONE""], [""NONE""], [""NONE""], [""NONE""], [""NONE""], [""NONE""], [""NONE""], [""NONE""], [""NONE""], [""NONE""], [""NONE""], [""NONE""]]",0
9927033,"[[505, 529]]",neurofibromatosis type 1,neurofibromatosis type 1,['MESH:D009456'],9927033.6,"505,529","[[""MESH:D009456""], [""OMIM:162200""], [""NONE""], [""NONE""], [""NONE""], [""NONE""], [""NONE""], [""NONE""], [""NONE""], [""NONE""], [""NONE""], [""NONE""], [""NONE""], [""NONE""], [""NONE""], [""NONE""], [""NONE""], [""NONE""], [""NONE""], [""NONE""], [""NONE""], [""NONE""], [""NONE""], [""NONE""], [""NONE""], [""NONE""], [""NONE""], [""NONE""], [""NONE""], [""NONE""], [""NONE""], [""NONE""], [""NONE""], [""NONE""], [""NONE""], [""NONE""], [""NONE""], [""NONE""], [""NONE""]]",0
9927033,"[[531, 534]]",NF1,neurofibromatosis type 1,['MESH:D009456'],9927033.7,"531,534","[[""MESH:D009456""], [""OMIM:162200""], [""NONE""], [""NONE""], [""NONE""], [""NONE""], [""NONE""], [""NONE""], [""NONE""], [""NONE""], [""NONE""], [""NONE""], [""NONE""], [""NONE""], [""NONE""], [""NONE""], [""NONE""], [""NONE""], [""NONE""], [""NONE""], [""NONE""], [""NONE""], [""NONE""], [""NONE""], [""NONE""], [""NONE""], [""NONE""], [""NONE""], [""NONE""], [""NONE""], [""NONE""], [""NONE""], [""NONE""], [""NONE""], [""NONE""], [""NONE""], [""NONE""], [""NONE""], [""NONE""]]",0
9927033,"[[802, 810]]",leukemia,leukemia,['MESH:D007938'],9927033.8,"802,810","[[""MESH:D007938""], [""MESH:D007951""], [""NONE""], [""NONE""], [""NONE""], [""NONE""], [""NONE""], [""NONE""], [""NONE""], [""NONE""], [""NONE""], [""NONE""], [""NONE""], [""NONE""], [""NONE""], [""NONE""], [""NONE""], [""NONE""], [""NONE""], [""NONE""], [""NONE""], [""NONE""], [""NONE""], [""NONE""], [""NONE""], [""NONE""], [""NONE""], [""NONE""], [""NONE""], [""NONE""], [""NONE""], [""NONE""], [""NONE""], [""NONE""], [""NONE""], [""NONE""], [""NONE""], [""NONE""], [""NONE""]]",0
9927033,"[[818, 826]]",lymphoma,lymphoma,['MESH:D008223'],9927033.9,"818,826","[[""MESH:D008223""], [""MESH:D008228""], [""OMIM:605027""], [""NONE""], [""NONE""], [""NONE""], [""NONE""], [""NONE""], [""NONE""], [""NONE""], [""NONE""], [""NONE""], [""NONE""], [""NONE""], [""NONE""], [""NONE""], [""NONE""], [""NONE""], [""NONE""], [""NONE""], [""NONE""], [""NONE""], [""NONE""], [""NONE""], [""NONE""], [""NONE""], [""NONE""], [""NONE""], [""NONE""], [""NONE""], [""NONE""], [""NONE""], [""NONE""], [""NONE""], [""NONE""], [""NONE""], [""NONE""], [""NONE""], [""NONE""]]",0
9927033,"[[843, 867]]",neurofibromatosis type 1,neurofibromatosis type 1,['MESH:D009456'],9927033.10,"843,867","[[""MESH:D009456""], [""OMIM:162200""], [""NONE""], [""NONE""], [""NONE""], [""NONE""], [""NONE""], [""NONE""], [""NONE""], [""NONE""], [""NONE""], [""NONE""], [""NONE""], [""NONE""], [""NONE""], [""NONE""], [""NONE""], [""NONE""], [""NONE""], [""NONE""], [""NONE""], [""NONE""], [""NONE""], [""NONE""], [""NONE""], [""NONE""], [""NONE""], [""NONE""], [""NONE""], [""NONE""], [""NONE""], [""NONE""], [""NONE""], [""NONE""], [""NONE""], [""NONE""], [""NONE""], [""NONE""], [""NONE""]]",0
9931324,"[[103, 131]]",congenital eye malformations,congenital eye malformations,['MESH:D005124'],9931324.1,"103,131","[[""MESH:D005124""], [""MESH:C565377""], [""OMIM:251600""], [""MESH:C566446""], [""OMIM:610093""], [""MESH:C562573""], [""MESH:D000853""], [""MESH:C565948""], [""OMIM:206900""], [""MESH:D008850""], [""NONE""], [""NONE""], [""NONE""], [""NONE""], [""NONE""], [""NONE""], [""NONE""], [""NONE""], [""NONE""], [""NONE""], [""NONE""], [""NONE""], [""NONE""], [""NONE""], [""NONE""], [""NONE""], [""NONE""], [""NONE""], [""NONE""], [""NONE""], [""NONE""], [""NONE""], [""NONE""], [""NONE""], [""NONE""], [""NONE""], [""NONE""], [""NONE""], [""NONE""]]",0
9931324,"[[175, 183]]",aniridia,aniridia,['MESH:D015783'],9931324.2,"175,183","[[""MESH:D015783""], [""OMIM:106210""], [""OMIM:617141""], [""OMIM:617142""], [""MESH:C536372""], [""MESH:C566280""], [""NONE""], [""NONE""], [""NONE""], [""NONE""], [""NONE""], [""NONE""], [""NONE""], [""NONE""], [""NONE""], [""NONE""], [""NONE""], [""NONE""], [""NONE""], [""NONE""], [""NONE""], [""NONE""], [""NONE""], [""NONE""], [""NONE""], [""NONE""], [""NONE""], [""NONE""], [""NONE""], [""NONE""], [""NONE""], [""NONE""], [""NONE""], [""NONE""], [""NONE""], [""NONE""], [""NONE""], [""NONE""], [""NONE""]]",0
9931324,"[[185, 215]]",congenital absence of the iris,congenital absence of the iris,['MESH:D015783'],9931324.3,"185,215","[[""MESH:D015783""], [""OMIM:106210""], [""OMIM:617141""], [""OMIM:617142""], [""MESH:C535538""], [""OMIM:308500""], [""MESH:C535535""], [""OMIM:601631""], [""MESH:C535536""], [""OMIM:137600""], [""MESH:C535679""], [""MESH:C562385""], [""OMIM:206200""], [""MESH:C538115""], [""NONE""], [""NONE""], [""NONE""], [""NONE""], [""NONE""], [""NONE""], [""NONE""], [""NONE""], [""NONE""], [""NONE""], [""NONE""], [""NONE""], [""NONE""], [""NONE""], [""NONE""], [""NONE""], [""NONE""], [""NONE""], [""NONE""], [""NONE""], [""NONE""], [""NONE""], [""NONE""], [""NONE""], [""NONE""]]",0
9931324,"[[234, 257]]",malformation of the eye,malformation of the eye,['MESH:D005124'],9931324.4,"234,257","[[""MESH:D005124""], [""MESH:D005128""], [""MESH:C565377""], [""OMIM:251600""], [""MESH:C566446""], [""OMIM:610093""], [""MESH:D000853""], [""MESH:D008850""], [""NONE""], [""NONE""], [""NONE""], [""NONE""], [""NONE""], [""NONE""], [""NONE""], [""NONE""], [""NONE""], [""NONE""], [""NONE""], [""NONE""], [""NONE""], [""NONE""], [""NONE""], [""NONE""], [""NONE""], [""NONE""], [""NONE""], [""NONE""], [""NONE""], [""NONE""], [""NONE""], [""NONE""], [""NONE""], [""NONE""], [""NONE""], [""NONE""], [""NONE""], [""NONE""], [""NONE""]]",0
9931324,"[[293, 301]]",aniridia,aniridia,['MESH:D015783'],9931324.5,"293,301","[[""MESH:D015783""], [""OMIM:106210""], [""OMIM:617141""], [""OMIM:617142""], [""MESH:C536372""], [""MESH:C566280""], [""NONE""], [""NONE""], [""NONE""], [""NONE""], [""NONE""], [""NONE""], [""NONE""], [""NONE""], [""NONE""], [""NONE""], [""NONE""], [""NONE""], [""NONE""], [""NONE""], [""NONE""], [""NONE""], [""NONE""], [""NONE""], [""NONE""], [""NONE""], [""NONE""], [""NONE""], [""NONE""], [""NONE""], [""NONE""], [""NONE""], [""NONE""], [""NONE""], [""NONE""], [""NONE""], [""NONE""], [""NONE""], [""NONE""]]",0
9931324,"[[742, 750]]",aniridia,aniridia,['MESH:D015783'],9931324.6,"742,750","[[""MESH:D015783""], [""OMIM:106210""], [""OMIM:617141""], [""OMIM:617142""], [""MESH:C536372""], [""MESH:C566280""], [""NONE""], [""NONE""], [""NONE""], [""NONE""], [""NONE""], [""NONE""], [""NONE""], [""NONE""], [""NONE""], [""NONE""], [""NONE""], [""NONE""], [""NONE""], [""NONE""], [""NONE""], [""NONE""], [""NONE""], [""NONE""], [""NONE""], [""NONE""], [""NONE""], [""NONE""], [""NONE""], [""NONE""], [""NONE""], [""NONE""], [""NONE""], [""NONE""], [""NONE""], [""NONE""], [""NONE""], [""NONE""], [""NONE""]]",0
9931324,"[[976, 984]]",aniridia,aniridia,['MESH:D015783'],9931324.7,"976,984","[[""MESH:D015783""], [""OMIM:106210""], [""OMIM:617141""], [""OMIM:617142""], [""MESH:C536372""], [""MESH:C566280""], [""NONE""], [""NONE""], [""NONE""], [""NONE""], [""NONE""], [""NONE""], [""NONE""], [""NONE""], [""NONE""], [""NONE""], [""NONE""], [""NONE""], [""NONE""], [""NONE""], [""NONE""], [""NONE""], [""NONE""], [""NONE""], [""NONE""], [""NONE""], [""NONE""], [""NONE""], [""NONE""], [""NONE""], [""NONE""], [""NONE""], [""NONE""], [""NONE""], [""NONE""], [""NONE""], [""NONE""], [""NONE""], [""NONE""]]",0
9931324,"[[1083, 1099]]",ectopia pupillae,ectopia pupillae,['MESH:C536185'],9931324.8,"1083,1099","[[""MESH:C536185""], [""OMIM:129750""], [""MESH:D011681""], [""MESH:C563268""], [""OMIM:225200""], [""MESH:C566731""], [""MESH:D015845""], [""NONE""], [""NONE""], [""NONE""], [""NONE""], [""NONE""], [""NONE""], [""NONE""], [""NONE""], [""NONE""], [""NONE""], [""NONE""], [""NONE""], [""NONE""], [""NONE""], [""NONE""], [""NONE""], [""NONE""], [""NONE""], [""NONE""], [""NONE""], [""NONE""], [""NONE""], [""NONE""], [""NONE""], [""NONE""], [""NONE""], [""NONE""], [""NONE""], [""NONE""], [""NONE""], [""NONE""], [""NONE""]]",0
9931324,"[[1101, 1117]]",displaced pupils,displaced pupils,['MESH:C536185'],9931324.9,"1101,1117","[[""MESH:C536185""], [""OMIM:129750""], [""MESH:D011681""], [""MESH:C566731""], [""NONE""], [""NONE""], [""NONE""], [""NONE""], [""NONE""], [""NONE""], [""NONE""], [""NONE""], [""NONE""], [""NONE""], [""NONE""], [""NONE""], [""NONE""], [""NONE""], [""NONE""], [""NONE""], [""NONE""], [""NONE""], [""NONE""], [""NONE""], [""NONE""], [""NONE""], [""NONE""], [""NONE""], [""NONE""], [""NONE""], [""NONE""], [""NONE""], [""NONE""], [""NONE""], [""NONE""], [""NONE""], [""NONE""], [""NONE""], [""NONE""]]",0
9931324,"[[1123, 1143]]",congenital nystagmus,congenital nystagmus,['MESH:D020417'],9931324.10,"1123,1143","[[""MESH:D020417""], [""MESH:C580539""], [""MESH:C537853""], [""OMIM:310700""], [""MESH:C537857""], [""MESH:C564938""], [""NONE""], [""NONE""], [""NONE""], [""NONE""], [""NONE""], [""NONE""], [""NONE""], [""NONE""], [""NONE""], [""NONE""], [""NONE""], [""NONE""], [""NONE""], [""NONE""], [""NONE""], [""NONE""], [""NONE""], [""NONE""], [""NONE""], [""NONE""], [""NONE""], [""NONE""], [""NONE""], [""NONE""], [""NONE""], [""NONE""], [""NONE""], [""NONE""], [""NONE""], [""NONE""], [""NONE""], [""NONE""], [""NONE""]]",0
9931324,"[[1208, 1216]]",aniridia,aniridia,['MESH:D015783'],9931324.12,"1208,1216","[[""MESH:D015783""], [""OMIM:106210""], [""OMIM:617141""], [""OMIM:617142""], [""MESH:C536372""], [""MESH:C566280""], [""NONE""], [""NONE""], [""NONE""], [""NONE""], [""NONE""], [""NONE""], [""NONE""], [""NONE""], [""NONE""], [""NONE""], [""NONE""], [""NONE""], [""NONE""], [""NONE""], [""NONE""], [""NONE""], [""NONE""], [""NONE""], [""NONE""], [""NONE""], [""NONE""], [""NONE""], [""NONE""], [""NONE""], [""NONE""], [""NONE""], [""NONE""], [""NONE""], [""NONE""], [""NONE""], [""NONE""], [""NONE""], [""NONE""]]",0
993342,"[[105, 153]]",deficiency of the second component of complement,deficiency of the second component of complement,['OMIM:217000'],993342.1,"105,153","[[""OMIM:217000""], [""MESH:C572568""], [""OMIM:610984""], [""MESH:C565169""], [""OMIM:613779""], [""MESH:C536291""], [""OMIM:609529""], [""MESH:C537005""], [""OMIM:609536""], [""OMIM:615561""], [""OMIM:614379""], [""NONE""], [""NONE""], [""NONE""], [""NONE""], [""NONE""], [""NONE""], [""NONE""], [""NONE""], [""NONE""], [""NONE""], [""NONE""], [""NONE""], [""NONE""], [""NONE""], [""NONE""], [""NONE""], [""NONE""], [""NONE""], [""NONE""], [""NONE""], [""NONE""], [""NONE""], [""NONE""], [""NONE""], [""NONE""], [""NONE""], [""NONE""], [""NONE""]]",0
993342,"[[257, 305]]",deficiency of the second component of complement,deficiency of the second component of complement,['OMIM:217000'],993342.2,"257,305","[[""OMIM:217000""], [""MESH:C572568""], [""OMIM:610984""], [""MESH:C565169""], [""OMIM:613779""], [""MESH:C536291""], [""OMIM:609529""], [""MESH:C537005""], [""OMIM:609536""], [""OMIM:615561""], [""OMIM:614379""], [""NONE""], [""NONE""], [""NONE""], [""NONE""], [""NONE""], [""NONE""], [""NONE""], [""NONE""], [""NONE""], [""NONE""], [""NONE""], [""NONE""], [""NONE""], [""NONE""], [""NONE""], [""NONE""], [""NONE""], [""NONE""], [""NONE""], [""NONE""], [""NONE""], [""NONE""], [""NONE""], [""NONE""], [""NONE""], [""NONE""], [""NONE""], [""NONE""]]",0
993342,"[[453, 466]]",C2 deficiency,C2 deficiency,['OMIM:217000'],993342.3,"453,466","[[""OMIM:217000""], [""OMIM:275350""], [""MESH:C562865""], [""OMIM:612356""], [""MESH:C565169""], [""OMIM:613779""], [""MESH:C535434""], [""OMIM:203750""], [""MESH:C572568""], [""OMIM:610984""], [""MESH:C562875""], [""OMIM:609814""], [""NONE""], [""NONE""], [""NONE""], [""NONE""], [""NONE""], [""NONE""], [""NONE""], [""NONE""], [""NONE""], [""NONE""], [""NONE""], [""NONE""], [""NONE""], [""NONE""], [""NONE""], [""NONE""], [""NONE""], [""NONE""], [""NONE""], [""NONE""], [""NONE""], [""NONE""], [""NONE""], [""NONE""], [""NONE""], [""NONE""], [""NONE""]]",0
993342,"[[512, 525]]",C2 deficiency,C2 deficiency,['OMIM:217000'],993342.4,"512,525","[[""OMIM:217000""], [""OMIM:275350""], [""MESH:C562865""], [""OMIM:612356""], [""MESH:C565169""], [""OMIM:613779""], [""MESH:C535434""], [""OMIM:203750""], [""MESH:C572568""], [""OMIM:610984""], [""MESH:C562875""], [""OMIM:609814""], [""NONE""], [""NONE""], [""NONE""], [""NONE""], [""NONE""], [""NONE""], [""NONE""], [""NONE""], [""NONE""], [""NONE""], [""NONE""], [""NONE""], [""NONE""], [""NONE""], [""NONE""], [""NONE""], [""NONE""], [""NONE""], [""NONE""], [""NONE""], [""NONE""], [""NONE""], [""NONE""], [""NONE""], [""NONE""], [""NONE""], [""NONE""]]",0
993342,"[[603, 616]]",C2 deficiency,C2 deficiency,['OMIM:217000'],993342.5,"603,616","[[""OMIM:217000""], [""OMIM:275350""], [""MESH:C562865""], [""OMIM:612356""], [""MESH:C565169""], [""OMIM:613779""], [""MESH:C535434""], [""OMIM:203750""], [""MESH:C572568""], [""OMIM:610984""], [""MESH:C562875""], [""OMIM:609814""], [""NONE""], [""NONE""], [""NONE""], [""NONE""], [""NONE""], [""NONE""], [""NONE""], [""NONE""], [""NONE""], [""NONE""], [""NONE""], [""NONE""], [""NONE""], [""NONE""], [""NONE""], [""NONE""], [""NONE""], [""NONE""], [""NONE""], [""NONE""], [""NONE""], [""NONE""], [""NONE""], [""NONE""], [""NONE""], [""NONE""], [""NONE""]]",0
993342,"[[734, 747]]",C2 deficiency,C2 deficiency,['OMIM:217000'],993342.6,"734,747","[[""OMIM:217000""], [""OMIM:275350""], [""MESH:C562865""], [""OMIM:612356""], [""MESH:C565169""], [""OMIM:613779""], [""MESH:C535434""], [""OMIM:203750""], [""MESH:C572568""], [""OMIM:610984""], [""MESH:C562875""], [""OMIM:609814""], [""NONE""], [""NONE""], [""NONE""], [""NONE""], [""NONE""], [""NONE""], [""NONE""], [""NONE""], [""NONE""], [""NONE""], [""NONE""], [""NONE""], [""NONE""], [""NONE""], [""NONE""], [""NONE""], [""NONE""], [""NONE""], [""NONE""], [""NONE""], [""NONE""], [""NONE""], [""NONE""], [""NONE""], [""NONE""], [""NONE""], [""NONE""]]",0
993342,"[[1337, 1350]]",C2 deficiency,C2 deficiency,['OMIM:217000'],993342.7,"1337,1350","[[""OMIM:217000""], [""OMIM:275350""], [""MESH:C562865""], [""OMIM:612356""], [""MESH:C565169""], [""OMIM:613779""], [""MESH:C535434""], [""OMIM:203750""], [""MESH:C572568""], [""OMIM:610984""], [""MESH:C562875""], [""OMIM:609814""], [""NONE""], [""NONE""], [""NONE""], [""NONE""], [""NONE""], [""NONE""], [""NONE""], [""NONE""], [""NONE""], [""NONE""], [""NONE""], [""NONE""], [""NONE""], [""NONE""], [""NONE""], [""NONE""], [""NONE""], [""NONE""], [""NONE""], [""NONE""], [""NONE""], [""NONE""], [""NONE""], [""NONE""], [""NONE""], [""NONE""], [""NONE""]]",0
993342,"[[1448, 1461]]",C2 deficiency,C2 deficiency,['OMIM:217000'],993342.8,"1448,1461","[[""OMIM:217000""], [""OMIM:275350""], [""MESH:C562865""], [""OMIM:612356""], [""MESH:C565169""], [""OMIM:613779""], [""MESH:C535434""], [""OMIM:203750""], [""MESH:C572568""], [""OMIM:610984""], [""MESH:C562875""], [""OMIM:609814""], [""NONE""], [""NONE""], [""NONE""], [""NONE""], [""NONE""], [""NONE""], [""NONE""], [""NONE""], [""NONE""], [""NONE""], [""NONE""], [""NONE""], [""NONE""], [""NONE""], [""NONE""], [""NONE""], [""NONE""], [""NONE""], [""NONE""], [""NONE""], [""NONE""], [""NONE""], [""NONE""], [""NONE""], [""NONE""], [""NONE""], [""NONE""]]",0
993342,"[[1489, 1502]]",C2 deficiency,C2 deficiency,['OMIM:217000'],993342.9,"1489,1502","[[""OMIM:217000""], [""OMIM:275350""], [""MESH:C562865""], [""OMIM:612356""], [""MESH:C565169""], [""OMIM:613779""], [""MESH:C535434""], [""OMIM:203750""], [""MESH:C572568""], [""OMIM:610984""], [""MESH:C562875""], [""OMIM:609814""], [""NONE""], [""NONE""], [""NONE""], [""NONE""], [""NONE""], [""NONE""], [""NONE""], [""NONE""], [""NONE""], [""NONE""], [""NONE""], [""NONE""], [""NONE""], [""NONE""], [""NONE""], [""NONE""], [""NONE""], [""NONE""], [""NONE""], [""NONE""], [""NONE""], [""NONE""], [""NONE""], [""NONE""], [""NONE""], [""NONE""], [""NONE""]]",0
993342,"[[1666, 1679]]",C2 deficiency,C2 deficiency,['OMIM:217000'],993342.10,"1666,1679","[[""OMIM:217000""], [""OMIM:275350""], [""MESH:C562865""], [""OMIM:612356""], [""MESH:C565169""], [""OMIM:613779""], [""MESH:C535434""], [""OMIM:203750""], [""MESH:C572568""], [""OMIM:610984""], [""MESH:C562875""], [""OMIM:609814""], [""NONE""], [""NONE""], [""NONE""], [""NONE""], [""NONE""], [""NONE""], [""NONE""], [""NONE""], [""NONE""], [""NONE""], [""NONE""], [""NONE""], [""NONE""], [""NONE""], [""NONE""], [""NONE""], [""NONE""], [""NONE""], [""NONE""], [""NONE""], [""NONE""], [""NONE""], [""NONE""], [""NONE""], [""NONE""], [""NONE""], [""NONE""]]",0
9949197,"[[68, 101]]",Emery-Dreifuss muscular dystrophy,Emery-Dreifuss muscular dystrophy,['MESH:D020389'],9949197.1,"68,101","[[""MESH:D000083144""], [""MESH:D000083143""], [""OMIM:300696""], [""MESH:C567831""], [""MESH:D020389""], [""OMIM:181350""], [""OMIM:310300""], [""OMIM:612998""], [""OMIM:612999""], [""OMIM:614302""], [""OMIM:616516""], [""MESH:C567830""], [""NONE""], [""NONE""], [""NONE""], [""NONE""], [""NONE""], [""NONE""], [""NONE""], [""NONE""], [""NONE""], [""NONE""], [""NONE""], [""NONE""], [""NONE""], [""NONE""], [""NONE""], [""NONE""], [""NONE""], [""NONE""], [""NONE""], [""NONE""], [""NONE""], [""NONE""], [""NONE""], [""NONE""], [""NONE""], [""NONE""], [""NONE""]]",4
9949197,"[[173, 206]]",Emery-Dreifuss muscular dystrophy,Emery-Dreifuss muscular dystrophy,['MESH:D020389'],9949197.2,"173,206","[[""MESH:D000083144""], [""MESH:D000083143""], [""OMIM:300696""], [""MESH:C567831""], [""MESH:D020389""], [""OMIM:181350""], [""OMIM:310300""], [""OMIM:612998""], [""OMIM:612999""], [""OMIM:614302""], [""OMIM:616516""], [""MESH:C567830""], [""NONE""], [""NONE""], [""NONE""], [""NONE""], [""NONE""], [""NONE""], [""NONE""], [""NONE""], [""NONE""], [""NONE""], [""NONE""], [""NONE""], [""NONE""], [""NONE""], [""NONE""], [""NONE""], [""NONE""], [""NONE""], [""NONE""], [""NONE""], [""NONE""], [""NONE""], [""NONE""], [""NONE""], [""NONE""], [""NONE""], [""NONE""]]",4
9949197,"[[208, 212]]",EDMD,Emery-Dreifuss muscular dystrophy,['MESH:D020389'],9949197.3,"208,212","[[""MESH:D000083144""], [""MESH:D000083143""], [""OMIM:300696""], [""MESH:C567831""], [""MESH:D020389""], [""OMIM:181350""], [""OMIM:310300""], [""OMIM:612998""], [""OMIM:612999""], [""OMIM:614302""], [""OMIM:616516""], [""MESH:C567830""], [""NONE""], [""NONE""], [""NONE""], [""NONE""], [""NONE""], [""NONE""], [""NONE""], [""NONE""], [""NONE""], [""NONE""], [""NONE""], [""NONE""], [""NONE""], [""NONE""], [""NONE""], [""NONE""], [""NONE""], [""NONE""], [""NONE""], [""NONE""], [""NONE""], [""NONE""], [""NONE""], [""NONE""], [""NONE""], [""NONE""], [""NONE""]]",4
9949197,"[[1146, 1161]]",cardiac defects,cardiac defects,['MESH:D006330'],9949197.4,"1146,1161","[[""MESH:D006330""], [""NONE""], [""NONE""], [""NONE""], [""NONE""], [""NONE""], [""NONE""], [""NONE""], [""NONE""], [""NONE""], [""NONE""], [""NONE""], [""NONE""], [""NONE""], [""NONE""], [""NONE""], [""NONE""], [""NONE""], [""NONE""], [""NONE""], [""NONE""], [""NONE""], [""NONE""], [""NONE""], [""NONE""], [""NONE""], [""NONE""], [""NONE""], [""NONE""], [""NONE""], [""NONE""], [""NONE""], [""NONE""], [""NONE""], [""NONE""], [""NONE""], [""NONE""], [""NONE""], [""NONE""]]",0
9949197,"[[1165, 1169]]",EDMD,Emery-Dreifuss muscular dystrophy,['MESH:D020389'],9949197.5,"1165,1169","[[""MESH:D000083144""], [""MESH:D000083143""], [""OMIM:300696""], [""MESH:C567831""], [""MESH:D020389""], [""OMIM:181350""], [""OMIM:310300""], [""OMIM:612998""], [""OMIM:612999""], [""OMIM:614302""], [""OMIM:616516""], [""MESH:C567830""], [""NONE""], [""NONE""], [""NONE""], [""NONE""], [""NONE""], [""NONE""], [""NONE""], [""NONE""], [""NONE""], [""NONE""], [""NONE""], [""NONE""], [""NONE""], [""NONE""], [""NONE""], [""NONE""], [""NONE""], [""NONE""], [""NONE""], [""NONE""], [""NONE""], [""NONE""], [""NONE""], [""NONE""], [""NONE""], [""NONE""], [""NONE""]]",4
9949197,"[[1456, 1460]]",EDMD,Emery-Dreifuss muscular dystrophy,['MESH:D020389'],9949197.6,"1456,1460","[[""MESH:D000083144""], [""MESH:D000083143""], [""OMIM:300696""], [""MESH:C567831""], [""MESH:D020389""], [""OMIM:181350""], [""OMIM:310300""], [""OMIM:612998""], [""OMIM:612999""], [""OMIM:614302""], [""OMIM:616516""], [""MESH:C567830""], [""NONE""], [""NONE""], [""NONE""], [""NONE""], [""NONE""], [""NONE""], [""NONE""], [""NONE""], [""NONE""], [""NONE""], [""NONE""], [""NONE""], [""NONE""], [""NONE""], [""NONE""], [""NONE""], [""NONE""], [""NONE""], [""NONE""], [""NONE""], [""NONE""], [""NONE""], [""NONE""], [""NONE""], [""NONE""], [""NONE""], [""NONE""]]",4
9949197,"[[1685, 1689]]",EDMD,Emery-Dreifuss muscular dystrophy,['MESH:D020389'],9949197.7,"1685,1689","[[""MESH:D000083144""], [""MESH:D000083143""], [""OMIM:300696""], [""MESH:C567831""], [""MESH:D020389""], [""OMIM:181350""], [""OMIM:310300""], [""OMIM:612998""], [""OMIM:612999""], [""OMIM:614302""], [""OMIM:616516""], [""MESH:C567830""], [""NONE""], [""NONE""], [""NONE""], [""NONE""], [""NONE""], [""NONE""], [""NONE""], [""NONE""], [""NONE""], [""NONE""], [""NONE""], [""NONE""], [""NONE""], [""NONE""], [""NONE""], [""NONE""], [""NONE""], [""NONE""], [""NONE""], [""NONE""], [""NONE""], [""NONE""], [""NONE""], [""NONE""], [""NONE""], [""NONE""], [""NONE""]]",4
9949209,"[[206, 224]]",inherited disorder,inherited disorder,['MESH:D030342'],9949209.3,"206,224","[[""MESH:D030342""], [""NONE""], [""NONE""], [""NONE""], [""NONE""], [""NONE""], [""NONE""], [""NONE""], [""NONE""], [""NONE""], [""NONE""], [""NONE""], [""NONE""], [""NONE""], [""NONE""], [""NONE""], [""NONE""], [""NONE""], [""NONE""], [""NONE""], [""NONE""], [""NONE""], [""NONE""], [""NONE""], [""NONE""], [""NONE""], [""NONE""], [""NONE""], [""NONE""], [""NONE""], [""NONE""], [""NONE""], [""NONE""], [""NONE""], [""NONE""], [""NONE""], [""NONE""], [""NONE""], [""NONE""]]",0
9949209,"[[346, 360]]",Wilson disease,Wilson disease,['MESH:D006527'],9949209.5,"346,360","[[""MESH:D006527""], [""OMIM:277900""], [""NONE""], [""NONE""], [""NONE""], [""NONE""], [""NONE""], [""NONE""], [""NONE""], [""NONE""], [""NONE""], [""NONE""], [""NONE""], [""NONE""], [""NONE""], [""NONE""], [""NONE""], [""NONE""], [""NONE""], [""NONE""], [""NONE""], [""NONE""], [""NONE""], [""NONE""], [""NONE""], [""NONE""], [""NONE""], [""NONE""], [""NONE""], [""NONE""], [""NONE""], [""NONE""], [""NONE""], [""NONE""], [""NONE""], [""NONE""], [""NONE""], [""NONE""], [""NONE""]]",0
9949209,"[[362, 364]]",WD,Wilson disease,['MESH:D006527'],9949209.6,"362,364","[[""MESH:D006527""], [""OMIM:277900""], [""NONE""], [""NONE""], [""NONE""], [""NONE""], [""NONE""], [""NONE""], [""NONE""], [""NONE""], [""NONE""], [""NONE""], [""NONE""], [""NONE""], [""NONE""], [""NONE""], [""NONE""], [""NONE""], [""NONE""], [""NONE""], [""NONE""], [""NONE""], [""NONE""], [""NONE""], [""NONE""], [""NONE""], [""NONE""], [""NONE""], [""NONE""], [""NONE""], [""NONE""], [""NONE""], [""NONE""], [""NONE""], [""NONE""], [""NONE""], [""NONE""], [""NONE""], [""NONE""]]",0
9949209,"[[523, 553]]",non-Indian childhood cirrhosis,non-Indian childhood cirrhosis,['OMIM:215600'],9949209.8,"523,553","[[""MESH:C562580""], [""MESH:C565737""], [""OMIM:604901""], [""MESH:C566123""], [""OMIM:215600""], [""MESH:C566132""], [""MESH:D008105""], [""OMIM:109720""], [""OMIM:614220""], [""OMIM:614221""], [""NONE""], [""NONE""], [""NONE""], [""NONE""], [""NONE""], [""NONE""], [""NONE""], [""NONE""], [""NONE""], [""NONE""], [""NONE""], [""NONE""], [""NONE""], [""NONE""], [""NONE""], [""NONE""], [""NONE""], [""NONE""], [""NONE""], [""NONE""], [""NONE""], [""NONE""], [""NONE""], [""NONE""], [""NONE""], [""NONE""], [""NONE""], [""NONE""], [""NONE""]]",4
9949209,"[[738, 751]]",liver disease,liver disease,['MESH:D008107'],9949209.11,"738,751","[[""MESH:D008107""], [""MESH:D004066""], [""NONE""], [""NONE""], [""NONE""], [""NONE""], [""NONE""], [""NONE""], [""NONE""], [""NONE""], [""NONE""], [""NONE""], [""NONE""], [""NONE""], [""NONE""], [""NONE""], [""NONE""], [""NONE""], [""NONE""], [""NONE""], [""NONE""], [""NONE""], [""NONE""], [""NONE""], [""NONE""], [""NONE""], [""NONE""], [""NONE""], [""NONE""], [""NONE""], [""NONE""], [""NONE""], [""NONE""], [""NONE""], [""NONE""], [""NONE""], [""NONE""], [""NONE""], [""NONE""]]",0
9949209,"[[777, 779]]",WD,Wilson disease,['MESH:D006527'],9949209.12,"777,779","[[""MESH:D006527""], [""OMIM:277900""], [""NONE""], [""NONE""], [""NONE""], [""NONE""], [""NONE""], [""NONE""], [""NONE""], [""NONE""], [""NONE""], [""NONE""], [""NONE""], [""NONE""], [""NONE""], [""NONE""], [""NONE""], [""NONE""], [""NONE""], [""NONE""], [""NONE""], [""NONE""], [""NONE""], [""NONE""], [""NONE""], [""NONE""], [""NONE""], [""NONE""], [""NONE""], [""NONE""], [""NONE""], [""NONE""], [""NONE""], [""NONE""], [""NONE""], [""NONE""], [""NONE""], [""NONE""], [""NONE""]]",0
9949209,"[[1147, 1149]]",WD,Wilson disease,['MESH:D006527'],9949209.15,"1147,1149","[[""MESH:D006527""], [""OMIM:277900""], [""NONE""], [""NONE""], [""NONE""], [""NONE""], [""NONE""], [""NONE""], [""NONE""], [""NONE""], [""NONE""], [""NONE""], [""NONE""], [""NONE""], [""NONE""], [""NONE""], [""NONE""], [""NONE""], [""NONE""], [""NONE""], [""NONE""], [""NONE""], [""NONE""], [""NONE""], [""NONE""], [""NONE""], [""NONE""], [""NONE""], [""NONE""], [""NONE""], [""NONE""], [""NONE""], [""NONE""], [""NONE""], [""NONE""], [""NONE""], [""NONE""], [""NONE""], [""NONE""]]",0
9950360,"[[26, 29]]",APC,adenomatous polyposis coli,['MESH:D011125'],9950360.1,"26,29","[[""MESH:D011125""], [""OMIM:175100""], [""OMIM:616415""], [""OMIM:617100""], [""NONE""], [""NONE""], [""NONE""], [""NONE""], [""NONE""], [""NONE""], [""NONE""], [""NONE""], [""NONE""], [""NONE""], [""NONE""], [""NONE""], [""NONE""], [""NONE""], [""NONE""], [""NONE""], [""NONE""], [""NONE""], [""NONE""], [""NONE""], [""NONE""], [""NONE""], [""NONE""], [""NONE""], [""NONE""], [""NONE""], [""NONE""], [""NONE""], [""NONE""], [""NONE""], [""NONE""], [""NONE""], [""NONE""], [""NONE""], [""NONE""]]",0
9950360,"[[96, 99]]",FAP,familial adenomatous polyposis,['MESH:D011125'],9950360.2,"96,99","[[""MESH:D011125""], [""OMIM:175100""], [""OMIM:616415""], [""OMIM:617100""], [""NONE""], [""NONE""], [""NONE""], [""NONE""], [""NONE""], [""NONE""], [""NONE""], [""NONE""], [""NONE""], [""NONE""], [""NONE""], [""NONE""], [""NONE""], [""NONE""], [""NONE""], [""NONE""], [""NONE""], [""NONE""], [""NONE""], [""NONE""], [""NONE""], [""NONE""], [""NONE""], [""NONE""], [""NONE""], [""NONE""], [""NONE""], [""NONE""], [""NONE""], [""NONE""], [""NONE""], [""NONE""], [""NONE""], [""NONE""], [""NONE""]]",0
9950360,"[[129, 132]]",APC,adenomatous polyposis coli,['MESH:D011125'],9950360.3,"129,132","[[""MESH:D011125""], [""OMIM:175100""], [""OMIM:616415""], [""OMIM:617100""], [""NONE""], [""NONE""], [""NONE""], [""NONE""], [""NONE""], [""NONE""], [""NONE""], [""NONE""], [""NONE""], [""NONE""], [""NONE""], [""NONE""], [""NONE""], [""NONE""], [""NONE""], [""NONE""], [""NONE""], [""NONE""], [""NONE""], [""NONE""], [""NONE""], [""NONE""], [""NONE""], [""NONE""], [""NONE""], [""NONE""], [""NONE""], [""NONE""], [""NONE""], [""NONE""], [""NONE""], [""NONE""], [""NONE""], [""NONE""], [""NONE""]]",0
9950360,"[[155, 172]]",colorectal cancer,colorectal cancer,['MESH:D015179'],9950360.4,"155,172","[[""MESH:D015179""], [""OMIM:114500""], [""OMIM:608812""], [""OMIM:611469""], [""OMIM:612229""], [""OMIM:612230""], [""OMIM:612231""], [""OMIM:612232""], [""OMIM:612589""], [""OMIM:612590""], [""OMIM:612591""], [""OMIM:612592""], [""OMIM:615083""], [""NONE""], [""NONE""], [""NONE""], [""NONE""], [""NONE""], [""NONE""], [""NONE""], [""NONE""], [""NONE""], [""NONE""], [""NONE""], [""NONE""], [""NONE""], [""NONE""], [""NONE""], [""NONE""], [""NONE""], [""NONE""], [""NONE""], [""NONE""], [""NONE""], [""NONE""], [""NONE""], [""NONE""], [""NONE""], [""NONE""]]",0
9950360,"[[225, 242]]",colorectal cancer,colorectal cancer,['MESH:D015179'],9950360.5,"225,242","[[""MESH:D015179""], [""OMIM:114500""], [""OMIM:608812""], [""OMIM:611469""], [""OMIM:612229""], [""OMIM:612230""], [""OMIM:612231""], [""OMIM:612232""], [""OMIM:612589""], [""OMIM:612590""], [""OMIM:612591""], [""OMIM:612592""], [""OMIM:615083""], [""NONE""], [""NONE""], [""NONE""], [""NONE""], [""NONE""], [""NONE""], [""NONE""], [""NONE""], [""NONE""], [""NONE""], [""NONE""], [""NONE""], [""NONE""], [""NONE""], [""NONE""], [""NONE""], [""NONE""], [""NONE""], [""NONE""], [""NONE""], [""NONE""], [""NONE""], [""NONE""], [""NONE""], [""NONE""], [""NONE""]]",0
9950360,"[[298, 328]]",familial adenomatous polyposis,familial adenomatous polyposis,['MESH:D011125'],9950360.6,"298,328","[[""MESH:D011125""], [""OMIM:175100""], [""OMIM:616415""], [""OMIM:617100""], [""NONE""], [""NONE""], [""NONE""], [""NONE""], [""NONE""], [""NONE""], [""NONE""], [""NONE""], [""NONE""], [""NONE""], [""NONE""], [""NONE""], [""NONE""], [""NONE""], [""NONE""], [""NONE""], [""NONE""], [""NONE""], [""NONE""], [""NONE""], [""NONE""], [""NONE""], [""NONE""], [""NONE""], [""NONE""], [""NONE""], [""NONE""], [""NONE""], [""NONE""], [""NONE""], [""NONE""], [""NONE""], [""NONE""], [""NONE""], [""NONE""]]",0
9950360,"[[330, 333]]",FAP,familial adenomatous polyposis,['MESH:D011125'],9950360.7,"330,333","[[""MESH:D011125""], [""OMIM:175100""], [""OMIM:616415""], [""OMIM:617100""], [""NONE""], [""NONE""], [""NONE""], [""NONE""], [""NONE""], [""NONE""], [""NONE""], [""NONE""], [""NONE""], [""NONE""], [""NONE""], [""NONE""], [""NONE""], [""NONE""], [""NONE""], [""NONE""], [""NONE""], [""NONE""], [""NONE""], [""NONE""], [""NONE""], [""NONE""], [""NONE""], [""NONE""], [""NONE""], [""NONE""], [""NONE""], [""NONE""], [""NONE""], [""NONE""], [""NONE""], [""NONE""], [""NONE""], [""NONE""], [""NONE""]]",0
9950360,"[[380, 406]]",adenomatous polyposis coli,adenomatous polyposis coli,['MESH:D011125'],9950360.8,"380,406","[[""MESH:D011125""], [""OMIM:175100""], [""OMIM:616415""], [""OMIM:617100""], [""NONE""], [""NONE""], [""NONE""], [""NONE""], [""NONE""], [""NONE""], [""NONE""], [""NONE""], [""NONE""], [""NONE""], [""NONE""], [""NONE""], [""NONE""], [""NONE""], [""NONE""], [""NONE""], [""NONE""], [""NONE""], [""NONE""], [""NONE""], [""NONE""], [""NONE""], [""NONE""], [""NONE""], [""NONE""], [""NONE""], [""NONE""], [""NONE""], [""NONE""], [""NONE""], [""NONE""], [""NONE""], [""NONE""], [""NONE""], [""NONE""]]",0
9950360,"[[408, 411]]",APC,adenomatous polyposis coli,['MESH:D011125'],9950360.9,"408,411","[[""MESH:D011125""], [""OMIM:175100""], [""OMIM:616415""], [""OMIM:617100""], [""NONE""], [""NONE""], [""NONE""], [""NONE""], [""NONE""], [""NONE""], [""NONE""], [""NONE""], [""NONE""], [""NONE""], [""NONE""], [""NONE""], [""NONE""], [""NONE""], [""NONE""], [""NONE""], [""NONE""], [""NONE""], [""NONE""], [""NONE""], [""NONE""], [""NONE""], [""NONE""], [""NONE""], [""NONE""], [""NONE""], [""NONE""], [""NONE""], [""NONE""], [""NONE""], [""NONE""], [""NONE""], [""NONE""], [""NONE""], [""NONE""]]",0
9950360,"[[476, 479]]",APC,adenomatous polyposis coli,['MESH:D011125'],9950360.10,"476,479","[[""MESH:D011125""], [""OMIM:175100""], [""OMIM:616415""], [""OMIM:617100""], [""NONE""], [""NONE""], [""NONE""], [""NONE""], [""NONE""], [""NONE""], [""NONE""], [""NONE""], [""NONE""], [""NONE""], [""NONE""], [""NONE""], [""NONE""], [""NONE""], [""NONE""], [""NONE""], [""NONE""], [""NONE""], [""NONE""], [""NONE""], [""NONE""], [""NONE""], [""NONE""], [""NONE""], [""NONE""], [""NONE""], [""NONE""], [""NONE""], [""NONE""], [""NONE""], [""NONE""], [""NONE""], [""NONE""], [""NONE""], [""NONE""]]",0
9950360,"[[617, 620]]",APC,adenomatous polyposis coli,['MESH:D011125'],9950360.11,"617,620","[[""MESH:D011125""], [""OMIM:175100""], [""OMIM:616415""], [""OMIM:617100""], [""NONE""], [""NONE""], [""NONE""], [""NONE""], [""NONE""], [""NONE""], [""NONE""], [""NONE""], [""NONE""], [""NONE""], [""NONE""], [""NONE""], [""NONE""], [""NONE""], [""NONE""], [""NONE""], [""NONE""], [""NONE""], [""NONE""], [""NONE""], [""NONE""], [""NONE""], [""NONE""], [""NONE""], [""NONE""], [""NONE""], [""NONE""], [""NONE""], [""NONE""], [""NONE""], [""NONE""], [""NONE""], [""NONE""], [""NONE""], [""NONE""]]",0
9950360,"[[642, 659]]",colorectal cancer,colorectal cancer,['MESH:D015179'],9950360.12,"642,659","[[""MESH:D015179""], [""OMIM:114500""], [""OMIM:608812""], [""OMIM:611469""], [""OMIM:612229""], [""OMIM:612230""], [""OMIM:612231""], [""OMIM:612232""], [""OMIM:612589""], [""OMIM:612590""], [""OMIM:612591""], [""OMIM:612592""], [""OMIM:615083""], [""NONE""], [""NONE""], [""NONE""], [""NONE""], [""NONE""], [""NONE""], [""NONE""], [""NONE""], [""NONE""], [""NONE""], [""NONE""], [""NONE""], [""NONE""], [""NONE""], [""NONE""], [""NONE""], [""NONE""], [""NONE""], [""NONE""], [""NONE""], [""NONE""], [""NONE""], [""NONE""], [""NONE""], [""NONE""], [""NONE""]]",0
9950360,"[[674, 677]]",APC,adenomatous polyposis coli,['MESH:D011125'],9950360.13,"674,677","[[""MESH:D011125""], [""OMIM:175100""], [""OMIM:616415""], [""OMIM:617100""], [""NONE""], [""NONE""], [""NONE""], [""NONE""], [""NONE""], [""NONE""], [""NONE""], [""NONE""], [""NONE""], [""NONE""], [""NONE""], [""NONE""], [""NONE""], [""NONE""], [""NONE""], [""NONE""], [""NONE""], [""NONE""], [""NONE""], [""NONE""], [""NONE""], [""NONE""], [""NONE""], [""NONE""], [""NONE""], [""NONE""], [""NONE""], [""NONE""], [""NONE""], [""NONE""], [""NONE""], [""NONE""], [""NONE""], [""NONE""], [""NONE""]]",0
9950360,"[[713, 716]]",FAP,familial adenomatous polyposis,['MESH:D011125'],9950360.14,"713,716","[[""MESH:D011125""], [""OMIM:175100""], [""OMIM:616415""], [""OMIM:617100""], [""NONE""], [""NONE""], [""NONE""], [""NONE""], [""NONE""], [""NONE""], [""NONE""], [""NONE""], [""NONE""], [""NONE""], [""NONE""], [""NONE""], [""NONE""], [""NONE""], [""NONE""], [""NONE""], [""NONE""], [""NONE""], [""NONE""], [""NONE""], [""NONE""], [""NONE""], [""NONE""], [""NONE""], [""NONE""], [""NONE""], [""NONE""], [""NONE""], [""NONE""], [""NONE""], [""NONE""], [""NONE""], [""NONE""], [""NONE""], [""NONE""]]",0
9950360,"[[732, 749]]",colorectal cancer,colorectal cancer,['MESH:D015179'],9950360.15,"732,749","[[""MESH:D015179""], [""OMIM:114500""], [""OMIM:608812""], [""OMIM:611469""], [""OMIM:612229""], [""OMIM:612230""], [""OMIM:612231""], [""OMIM:612232""], [""OMIM:612589""], [""OMIM:612590""], [""OMIM:612591""], [""OMIM:612592""], [""OMIM:615083""], [""NONE""], [""NONE""], [""NONE""], [""NONE""], [""NONE""], [""NONE""], [""NONE""], [""NONE""], [""NONE""], [""NONE""], [""NONE""], [""NONE""], [""NONE""], [""NONE""], [""NONE""], [""NONE""], [""NONE""], [""NONE""], [""NONE""], [""NONE""], [""NONE""], [""NONE""], [""NONE""], [""NONE""], [""NONE""], [""NONE""]]",0
9950360,"[[943, 946]]",FAP,familial adenomatous polyposis,['MESH:D011125'],9950360.16,"943,946","[[""MESH:D011125""], [""OMIM:175100""], [""OMIM:616415""], [""OMIM:617100""], [""NONE""], [""NONE""], [""NONE""], [""NONE""], [""NONE""], [""NONE""], [""NONE""], [""NONE""], [""NONE""], [""NONE""], [""NONE""], [""NONE""], [""NONE""], [""NONE""], [""NONE""], [""NONE""], [""NONE""], [""NONE""], [""NONE""], [""NONE""], [""NONE""], [""NONE""], [""NONE""], [""NONE""], [""NONE""], [""NONE""], [""NONE""], [""NONE""], [""NONE""], [""NONE""], [""NONE""], [""NONE""], [""NONE""], [""NONE""], [""NONE""]]",0
9950360,"[[1069, 1086]]",colorectal cancer,colorectal cancer,['MESH:D015179'],9950360.17,"1069,1086","[[""MESH:D015179""], [""OMIM:114500""], [""OMIM:608812""], [""OMIM:611469""], [""OMIM:612229""], [""OMIM:612230""], [""OMIM:612231""], [""OMIM:612232""], [""OMIM:612589""], [""OMIM:612590""], [""OMIM:612591""], [""OMIM:612592""], [""OMIM:615083""], [""NONE""], [""NONE""], [""NONE""], [""NONE""], [""NONE""], [""NONE""], [""NONE""], [""NONE""], [""NONE""], [""NONE""], [""NONE""], [""NONE""], [""NONE""], [""NONE""], [""NONE""], [""NONE""], [""NONE""], [""NONE""], [""NONE""], [""NONE""], [""NONE""], [""NONE""], [""NONE""], [""NONE""], [""NONE""], [""NONE""]]",0
9950360,"[[1220, 1223]]",FAP,familial adenomatous polyposis,['MESH:D011125'],9950360.18,"1220,1223","[[""MESH:D011125""], [""OMIM:175100""], [""OMIM:616415""], [""OMIM:617100""], [""NONE""], [""NONE""], [""NONE""], [""NONE""], [""NONE""], [""NONE""], [""NONE""], [""NONE""], [""NONE""], [""NONE""], [""NONE""], [""NONE""], [""NONE""], [""NONE""], [""NONE""], [""NONE""], [""NONE""], [""NONE""], [""NONE""], [""NONE""], [""NONE""], [""NONE""], [""NONE""], [""NONE""], [""NONE""], [""NONE""], [""NONE""], [""NONE""], [""NONE""], [""NONE""], [""NONE""], [""NONE""], [""NONE""], [""NONE""], [""NONE""]]",0
9950360,"[[1642, 1645]]",FAP,familial adenomatous polyposis,['MESH:D011125'],9950360.19,"1642,1645","[[""MESH:D011125""], [""OMIM:175100""], [""OMIM:616415""], [""OMIM:617100""], [""NONE""], [""NONE""], [""NONE""], [""NONE""], [""NONE""], [""NONE""], [""NONE""], [""NONE""], [""NONE""], [""NONE""], [""NONE""], [""NONE""], [""NONE""], [""NONE""], [""NONE""], [""NONE""], [""NONE""], [""NONE""], [""NONE""], [""NONE""], [""NONE""], [""NONE""], [""NONE""], [""NONE""], [""NONE""], [""NONE""], [""NONE""], [""NONE""], [""NONE""], [""NONE""], [""NONE""], [""NONE""], [""NONE""], [""NONE""], [""NONE""]]",0
9950360,"[[1658, 1675]]",colorectal cancer,colorectal cancer,['MESH:D015179'],9950360.20,"1658,1675","[[""MESH:D015179""], [""OMIM:114500""], [""OMIM:608812""], [""OMIM:611469""], [""OMIM:612229""], [""OMIM:612230""], [""OMIM:612231""], [""OMIM:612232""], [""OMIM:612589""], [""OMIM:612590""], [""OMIM:612591""], [""OMIM:612592""], [""OMIM:615083""], [""NONE""], [""NONE""], [""NONE""], [""NONE""], [""NONE""], [""NONE""], [""NONE""], [""NONE""], [""NONE""], [""NONE""], [""NONE""], [""NONE""], [""NONE""], [""NONE""], [""NONE""], [""NONE""], [""NONE""], [""NONE""], [""NONE""], [""NONE""], [""NONE""], [""NONE""], [""NONE""], [""NONE""], [""NONE""], [""NONE""]]",0
9973276,"[[0, 30]]",Inherited colorectal polyposis,Inherited colorectal polyposis,['MESH:D011125'],9973276.1,"0,30","[[""MESH:D011125""], [""OMIM:175100""], [""OMIM:616415""], [""OMIM:617100""], [""MESH:C563924""], [""OMIM:608456""], [""NONE""], [""NONE""], [""NONE""], [""NONE""], [""NONE""], [""NONE""], [""NONE""], [""NONE""], [""NONE""], [""NONE""], [""NONE""], [""NONE""], [""NONE""], [""NONE""], [""NONE""], [""NONE""], [""NONE""], [""NONE""], [""NONE""], [""NONE""], [""NONE""], [""NONE""], [""NONE""], [""NONE""], [""NONE""], [""NONE""], [""NONE""], [""NONE""], [""NONE""], [""NONE""], [""NONE""], [""NONE""], [""NONE""]]",0
9973276,"[[35, 41]]",cancer,cancer,['MESH:D009369'],9973276.2,"35,41","[[""MESH:D009369""], [""MESH:D009371""], [""NONE""], [""NONE""], [""NONE""], [""NONE""], [""NONE""], [""NONE""], [""NONE""], [""NONE""], [""NONE""], [""NONE""], [""NONE""], [""NONE""], [""NONE""], [""NONE""], [""NONE""], [""NONE""], [""NONE""], [""NONE""], [""NONE""], [""NONE""], [""NONE""], [""NONE""], [""NONE""], [""NONE""], [""NONE""], [""NONE""], [""NONE""], [""NONE""], [""NONE""], [""NONE""], [""NONE""], [""NONE""], [""NONE""], [""NONE""], [""NONE""], [""NONE""], [""NONE""]]",0
9973276,"[[129, 132]]",APC,APC,['MESH:D011125'],9973276.3,"129,132","[[""MESH:D011125""], [""OMIM:175100""], [""OMIM:616415""], [""OMIM:617100""], [""MESH:C535506""], [""OMIM:108500""], [""NONE""], [""NONE""], [""NONE""], [""NONE""], [""NONE""], [""NONE""], [""NONE""], [""NONE""], [""NONE""], [""NONE""], [""NONE""], [""NONE""], [""NONE""], [""NONE""], [""NONE""], [""NONE""], [""NONE""], [""NONE""], [""NONE""], [""NONE""], [""NONE""], [""NONE""], [""NONE""], [""NONE""], [""NONE""], [""NONE""], [""NONE""], [""NONE""], [""NONE""], [""NONE""], [""NONE""], [""NONE""], [""NONE""]]",0
9973276,"[[162, 178]]",colorectal tumor,colorectal tumor,['MESH:D015179'],9973276.4,"162,178","[[""MESH:D015179""], [""OMIM:114500""], [""OMIM:608812""], [""OMIM:611469""], [""OMIM:612229""], [""OMIM:612230""], [""OMIM:612231""], [""OMIM:612232""], [""OMIM:612589""], [""OMIM:612590""], [""OMIM:612591""], [""OMIM:612592""], [""OMIM:615083""], [""NONE""], [""NONE""], [""NONE""], [""NONE""], [""NONE""], [""NONE""], [""NONE""], [""NONE""], [""NONE""], [""NONE""], [""NONE""], [""NONE""], [""NONE""], [""NONE""], [""NONE""], [""NONE""], [""NONE""], [""NONE""], [""NONE""], [""NONE""], [""NONE""], [""NONE""], [""NONE""], [""NONE""], [""NONE""], [""NONE""]]",0
9973276,"[[192, 231]]",familial adenomatous polyposis syndrome,familial adenomatous polyposis syndrome,['MESH:D011125'],9973276.5,"192,231","[[""MESH:D011125""], [""OMIM:175100""], [""OMIM:616415""], [""OMIM:617100""], [""MESH:C563924""], [""OMIM:608456""], [""NONE""], [""NONE""], [""NONE""], [""NONE""], [""NONE""], [""NONE""], [""NONE""], [""NONE""], [""NONE""], [""NONE""], [""NONE""], [""NONE""], [""NONE""], [""NONE""], [""NONE""], [""NONE""], [""NONE""], [""NONE""], [""NONE""], [""NONE""], [""NONE""], [""NONE""], [""NONE""], [""NONE""], [""NONE""], [""NONE""], [""NONE""], [""NONE""], [""NONE""], [""NONE""], [""NONE""], [""NONE""], [""NONE""]]",0
9973276,"[[364, 367]]",APC,APC,['MESH:D011125'],9973276.6,"364,367","[[""MESH:D011125""], [""OMIM:175100""], [""OMIM:616415""], [""OMIM:617100""], [""MESH:C535506""], [""OMIM:108500""], [""NONE""], [""NONE""], [""NONE""], [""NONE""], [""NONE""], [""NONE""], [""NONE""], [""NONE""], [""NONE""], [""NONE""], [""NONE""], [""NONE""], [""NONE""], [""NONE""], [""NONE""], [""NONE""], [""NONE""], [""NONE""], [""NONE""], [""NONE""], [""NONE""], [""NONE""], [""NONE""], [""NONE""], [""NONE""], [""NONE""], [""NONE""], [""NONE""], [""NONE""], [""NONE""], [""NONE""], [""NONE""], [""NONE""]]",0
9973276,"[[473, 476]]",APC,APC,['MESH:D011125'],9973276.7,"473,476","[[""MESH:D011125""], [""OMIM:175100""], [""OMIM:616415""], [""OMIM:617100""], [""MESH:C535506""], [""OMIM:108500""], [""NONE""], [""NONE""], [""NONE""], [""NONE""], [""NONE""], [""NONE""], [""NONE""], [""NONE""], [""NONE""], [""NONE""], [""NONE""], [""NONE""], [""NONE""], [""NONE""], [""NONE""], [""NONE""], [""NONE""], [""NONE""], [""NONE""], [""NONE""], [""NONE""], [""NONE""], [""NONE""], [""NONE""], [""NONE""], [""NONE""], [""NONE""], [""NONE""], [""NONE""], [""NONE""], [""NONE""], [""NONE""], [""NONE""]]",0
9973276,"[[600, 618]]",adenomatous polyps,adenomatous polyps,['MESH:D018256'],9973276.8,"600,618","[[""MESH:D018256""], [""MESH:D011127""], [""MESH:D000236""], [""NONE""], [""NONE""], [""NONE""], [""NONE""], [""NONE""], [""NONE""], [""NONE""], [""NONE""], [""NONE""], [""NONE""], [""NONE""], [""NONE""], [""NONE""], [""NONE""], [""NONE""], [""NONE""], [""NONE""], [""NONE""], [""NONE""], [""NONE""], [""NONE""], [""NONE""], [""NONE""], [""NONE""], [""NONE""], [""NONE""], [""NONE""], [""NONE""], [""NONE""], [""NONE""], [""NONE""], [""NONE""], [""NONE""], [""NONE""], [""NONE""], [""NONE""]]",0
9973276,"[[627, 645]]","colorectal cancer,","colorectal cancer,",['MESH:D015179'],9973276.9,"627,645","[[""MESH:D015179""], [""OMIM:114500""], [""OMIM:608812""], [""OMIM:611469""], [""OMIM:612229""], [""OMIM:612230""], [""OMIM:612231""], [""OMIM:612232""], [""OMIM:612589""], [""OMIM:612590""], [""OMIM:612591""], [""OMIM:612592""], [""OMIM:615083""], [""NONE""], [""NONE""], [""NONE""], [""NONE""], [""NONE""], [""NONE""], [""NONE""], [""NONE""], [""NONE""], [""NONE""], [""NONE""], [""NONE""], [""NONE""], [""NONE""], [""NONE""], [""NONE""], [""NONE""], [""NONE""], [""NONE""], [""NONE""], [""NONE""], [""NONE""], [""NONE""], [""NONE""], [""NONE""], [""NONE""]]",0
9973276,"[[904, 924]]",colorectal neoplasia,colorectal neoplasia,['MESH:D015179'],9973276.10,"904,924","[[""MESH:D015179""], [""OMIM:114500""], [""OMIM:608812""], [""OMIM:611469""], [""OMIM:612229""], [""OMIM:612230""], [""OMIM:612231""], [""OMIM:612232""], [""OMIM:612589""], [""OMIM:612590""], [""OMIM:612591""], [""OMIM:612592""], [""OMIM:615083""], [""MESH:C563365""], [""OMIM:601228""], [""NONE""], [""NONE""], [""NONE""], [""NONE""], [""NONE""], [""NONE""], [""NONE""], [""NONE""], [""NONE""], [""NONE""], [""NONE""], [""NONE""], [""NONE""], [""NONE""], [""NONE""], [""NONE""], [""NONE""], [""NONE""], [""NONE""], [""NONE""], [""NONE""], [""NONE""], [""NONE""], [""NONE""]]",0
9973276,"[[1026, 1034]]",adenomas,adenomas,['MESH:D000236'],9973276.11,"1026,1034","[[""MESH:D000236""], [""MESH:D018256""], [""NONE""], [""NONE""], [""NONE""], [""NONE""], [""NONE""], [""NONE""], [""NONE""], [""NONE""], [""NONE""], [""NONE""], [""NONE""], [""NONE""], [""NONE""], [""NONE""], [""NONE""], [""NONE""], [""NONE""], [""NONE""], [""NONE""], [""NONE""], [""NONE""], [""NONE""], [""NONE""], [""NONE""], [""NONE""], [""NONE""], [""NONE""], [""NONE""], [""NONE""], [""NONE""], [""NONE""], [""NONE""], [""NONE""], [""NONE""], [""NONE""], [""NONE""], [""NONE""]]",0
9973276,"[[1039, 1057]]",colorectal cancers,colorectal cancers,['MESH:D015179'],9973276.12,"1039,1057","[[""MESH:D015179""], [""OMIM:114500""], [""OMIM:608812""], [""OMIM:611469""], [""OMIM:612229""], [""OMIM:612230""], [""OMIM:612231""], [""OMIM:612232""], [""OMIM:612589""], [""OMIM:612590""], [""OMIM:612591""], [""OMIM:612592""], [""OMIM:615083""], [""NONE""], [""NONE""], [""NONE""], [""NONE""], [""NONE""], [""NONE""], [""NONE""], [""NONE""], [""NONE""], [""NONE""], [""NONE""], [""NONE""], [""NONE""], [""NONE""], [""NONE""], [""NONE""], [""NONE""], [""NONE""], [""NONE""], [""NONE""], [""NONE""], [""NONE""], [""NONE""], [""NONE""], [""NONE""], [""NONE""]]",0
9973276,"[[1179, 1186]]",adenoma,adenoma,['MESH:D000236'],9973276.13,"1179,1186","[[""MESH:D000236""], [""MESH:D018256""], [""MESH:D018254""], [""NONE""], [""NONE""], [""NONE""], [""NONE""], [""NONE""], [""NONE""], [""NONE""], [""NONE""], [""NONE""], [""NONE""], [""NONE""], [""NONE""], [""NONE""], [""NONE""], [""NONE""], [""NONE""], [""NONE""], [""NONE""], [""NONE""], [""NONE""], [""NONE""], [""NONE""], [""NONE""], [""NONE""], [""NONE""], [""NONE""], [""NONE""], [""NONE""], [""NONE""], [""NONE""], [""NONE""], [""NONE""], [""NONE""], [""NONE""], [""NONE""], [""NONE""]]",0
9973276,"[[1256, 1273]]",colorectal cancer,colorectal cancer,['MESH:D015179'],9973276.14,"1256,1273","[[""MESH:D015179""], [""OMIM:114500""], [""OMIM:608812""], [""OMIM:611469""], [""OMIM:612229""], [""OMIM:612230""], [""OMIM:612231""], [""OMIM:612232""], [""OMIM:612589""], [""OMIM:612590""], [""OMIM:612591""], [""OMIM:612592""], [""OMIM:615083""], [""NONE""], [""NONE""], [""NONE""], [""NONE""], [""NONE""], [""NONE""], [""NONE""], [""NONE""], [""NONE""], [""NONE""], [""NONE""], [""NONE""], [""NONE""], [""NONE""], [""NONE""], [""NONE""], [""NONE""], [""NONE""], [""NONE""], [""NONE""], [""NONE""], [""NONE""], [""NONE""], [""NONE""], [""NONE""], [""NONE""]]",0
9973276,"[[1507, 1524]]",colorectal cancer,colorectal cancer,['MESH:D015179'],9973276.15,"1507,1524","[[""MESH:D015179""], [""OMIM:114500""], [""OMIM:608812""], [""OMIM:611469""], [""OMIM:612229""], [""OMIM:612230""], [""OMIM:612231""], [""OMIM:612232""], [""OMIM:612589""], [""OMIM:612590""], [""OMIM:612591""], [""OMIM:612592""], [""OMIM:615083""], [""NONE""], [""NONE""], [""NONE""], [""NONE""], [""NONE""], [""NONE""], [""NONE""], [""NONE""], [""NONE""], [""NONE""], [""NONE""], [""NONE""], [""NONE""], [""NONE""], [""NONE""], [""NONE""], [""NONE""], [""NONE""], [""NONE""], [""NONE""], [""NONE""], [""NONE""], [""NONE""], [""NONE""], [""NONE""], [""NONE""]]",0
9988281,"[[56, 87]]",non-inherited breast carcinomas,non-inherited breast carcinomas,['MESH:D001943'],9988281.1,"56,87","[[""MESH:C562840""], [""MESH:C566178""], [""MESH:D001943""], [""OMIM:114480""], [""MESH:D061325""], [""MESH:D064726""], [""MESH:C565336""], [""NONE""], [""NONE""], [""NONE""], [""NONE""], [""NONE""], [""NONE""], [""NONE""], [""NONE""], [""NONE""], [""NONE""], [""NONE""], [""NONE""], [""NONE""], [""NONE""], [""NONE""], [""NONE""], [""NONE""], [""NONE""], [""NONE""], [""NONE""], [""NONE""], [""NONE""], [""NONE""], [""NONE""], [""NONE""], [""NONE""], [""NONE""], [""NONE""], [""NONE""], [""NONE""], [""NONE""], [""NONE""]]",2
9988281,"[[125, 131]]",tumour,tumour,['MESH:D009369'],9988281.2,"125,131","[[""MESH:D009369""], [""MESH:D009371""], [""NONE""], [""NONE""], [""NONE""], [""NONE""], [""NONE""], [""NONE""], [""NONE""], [""NONE""], [""NONE""], [""NONE""], [""NONE""], [""NONE""], [""NONE""], [""NONE""], [""NONE""], [""NONE""], [""NONE""], [""NONE""], [""NONE""], [""NONE""], [""NONE""], [""NONE""], [""NONE""], [""NONE""], [""NONE""], [""NONE""], [""NONE""], [""NONE""], [""NONE""], [""NONE""], [""NONE""], [""NONE""], [""NONE""], [""NONE""], [""NONE""], [""NONE""], [""NONE""]]",0
9988281,"[[152, 188]]",hereditary breast and ovarian cancer,hereditary breast and ovarian cancer,['MESH:D061325'],9988281.3,"152,188","[[""MESH:D061325""], [""OMIM:604370""], [""MESH:C562840""], [""OMIM:613399""], [""MESH:D010051""], [""OMIM:167000""], [""OMIM:607893""], [""OMIM:612555""], [""NONE""], [""NONE""], [""NONE""], [""NONE""], [""NONE""], [""NONE""], [""NONE""], [""NONE""], [""NONE""], [""NONE""], [""NONE""], [""NONE""], [""NONE""], [""NONE""], [""NONE""], [""NONE""], [""NONE""], [""NONE""], [""NONE""], [""NONE""], [""NONE""], [""NONE""], [""NONE""], [""NONE""], [""NONE""], [""NONE""], [""NONE""], [""NONE""], [""NONE""], [""NONE""], [""NONE""]]",0
9988281,"[[235, 255]]",non-familial cancers,non-familial cancers,['MESH:D009369'],9988281.4,"235,255","[[""MESH:D009369""], [""MESH:D009378""], [""MESH:D016609""], [""NONE""], [""NONE""], [""NONE""], [""NONE""], [""NONE""], [""NONE""], [""NONE""], [""NONE""], [""NONE""], [""NONE""], [""NONE""], [""NONE""], [""NONE""], [""NONE""], [""NONE""], [""NONE""], [""NONE""], [""NONE""], [""NONE""], [""NONE""], [""NONE""], [""NONE""], [""NONE""], [""NONE""], [""NONE""], [""NONE""], [""NONE""], [""NONE""], [""NONE""], [""NONE""], [""NONE""], [""NONE""], [""NONE""], [""NONE""], [""NONE""], [""NONE""]]",0
9988281,"[[296, 312]]",sporadic cancers,sporadic cancers,['MESH:D009369'],9988281.5,"296,312","[[""MESH:D009369""], [""MESH:D016609""], [""NONE""], [""NONE""], [""NONE""], [""NONE""], [""NONE""], [""NONE""], [""NONE""], [""NONE""], [""NONE""], [""NONE""], [""NONE""], [""NONE""], [""NONE""], [""NONE""], [""NONE""], [""NONE""], [""NONE""], [""NONE""], [""NONE""], [""NONE""], [""NONE""], [""NONE""], [""NONE""], [""NONE""], [""NONE""], [""NONE""], [""NONE""], [""NONE""], [""NONE""], [""NONE""], [""NONE""], [""NONE""], [""NONE""], [""NONE""], [""NONE""], [""NONE""], [""NONE""]]",0
9988281,"[[437, 476]]",non-familial breast and ovarian cancers,non-familial breast and ovarian cancers,"['MESH:D010051', 'MESH:D001943']",9988281.6,"437,476","[[""MESH:D061325""], [""OMIM:604370""], [""MESH:C562840""], [""OMIM:613399""], [""OMIM:612555""], [""OMIM:614291""], [""MESH:D010051""], [""OMIM:167000""], [""OMIM:607893""], [""MESH:C566178""], [""NONE""], [""NONE""], [""NONE""], [""NONE""], [""NONE""], [""NONE""], [""NONE""], [""NONE""], [""NONE""], [""NONE""], [""NONE""], [""NONE""], [""NONE""], [""NONE""], [""NONE""], [""NONE""], [""NONE""], [""NONE""], [""NONE""], [""NONE""], [""NONE""], [""NONE""], [""NONE""], [""NONE""], [""NONE""], [""NONE""], [""NONE""], [""NONE""], [""NONE""]]",6
9988281,"[[996, 1015]]",breast malignancies,breast malignancies,['MESH:D001943'],9988281.7,"996,1015","[[""MESH:D001943""], [""OMIM:114480""], [""NONE""], [""NONE""], [""NONE""], [""NONE""], [""NONE""], [""NONE""], [""NONE""], [""NONE""], [""NONE""], [""NONE""], [""NONE""], [""NONE""], [""NONE""], [""NONE""], [""NONE""], [""NONE""], [""NONE""], [""NONE""], [""NONE""], [""NONE""], [""NONE""], [""NONE""], [""NONE""], [""NONE""], [""NONE""], [""NONE""], [""NONE""], [""NONE""], [""NONE""], [""NONE""], [""NONE""], [""NONE""], [""NONE""], [""NONE""], [""NONE""], [""NONE""], [""NONE""]]",0
9988281,"[[1123, 1147]]",invasive lobular cancers,invasive lobular cancers,['MESH:D018275'],9988281.8,"1123,1147","[[""MESH:D018275""], [""MESH:D000071960""], [""MESH:D018270""], [""MESH:D002285""], [""MESH:C537524""], [""NONE""], [""NONE""], [""NONE""], [""NONE""], [""NONE""], [""NONE""], [""NONE""], [""NONE""], [""NONE""], [""NONE""], [""NONE""], [""NONE""], [""NONE""], [""NONE""], [""NONE""], [""NONE""], [""NONE""], [""NONE""], [""NONE""], [""NONE""], [""NONE""], [""NONE""], [""NONE""], [""NONE""], [""NONE""], [""NONE""], [""NONE""], [""NONE""], [""NONE""], [""NONE""], [""NONE""], [""NONE""], [""NONE""], [""NONE""]]",0
9988281,"[[1269, 1286]]",ductal carcinomas,ductal carcinomas,['MESH:D044584'],9988281.10,"1269,1286","[[""MESH:D018270""], [""MESH:D044584""], [""NONE""], [""NONE""], [""NONE""], [""NONE""], [""NONE""], [""NONE""], [""NONE""], [""NONE""], [""NONE""], [""NONE""], [""NONE""], [""NONE""], [""NONE""], [""NONE""], [""NONE""], [""NONE""], [""NONE""], [""NONE""], [""NONE""], [""NONE""], [""NONE""], [""NONE""], [""NONE""], [""NONE""], [""NONE""], [""NONE""], [""NONE""], [""NONE""], [""NONE""], [""NONE""], [""NONE""], [""NONE""], [""NONE""], [""NONE""], [""NONE""], [""NONE""], [""NONE""]]",1
9988281,"[[1387, 1410]]",sporadic breast cancers,sporadic breast cancers,['MESH:D001943'],9988281.11,"1387,1410","[[""MESH:D001943""], [""OMIM:114480""], [""MESH:C562840""], [""NONE""], [""NONE""], [""NONE""], [""NONE""], [""NONE""], [""NONE""], [""NONE""], [""NONE""], [""NONE""], [""NONE""], [""NONE""], [""NONE""], [""NONE""], [""NONE""], [""NONE""], [""NONE""], [""NONE""], [""NONE""], [""NONE""], [""NONE""], [""NONE""], [""NONE""], [""NONE""], [""NONE""], [""NONE""], [""NONE""], [""NONE""], [""NONE""], [""NONE""], [""NONE""], [""NONE""], [""NONE""], [""NONE""], [""NONE""], [""NONE""], [""NONE""]]",0
